address,name,subsystem,description,confidence,evidence,v170_address
0x00401010,IntroPage_dtor,intro,destructor,high,"identical normalised instruction shape (12 insns, unique in both)",0x004078b0
0x00401040,PF_debug,script-builtin,debug (no-op); builtin 'debug',high,builtin table entry 'debug',0x0041a350
0x00401050,std_logic_error_ctor,crt,exception ctor,high,"identical normalised instruction shape (33 insns, unique in both)",0x00407970
0x004010c0,IntroPage_dtor2,intro,destructor,high,"identical normalised instruction shape (16 insns, unique in both)",0x004079f0
0x00401100,Intro_nop,intro,stub,low,manual: identical 6-instruction shape; no callers in either export (callback),0x004079e0
0x00401110,IntroPage_dtor3,intro,destructor,high,"identical normalised instruction shape (23 insns, unique in both)",0x00407a30
0x00401160,std_exception_copy,crt,exception helper,high,"identical normalised instruction shape (37 insns, unique in both)",0x00407a80
0x004011e0,FUN_004011e0,crt,subsystem guessed from the neighbouring functions (crt / window),low,address layout only,
0x004012b0,VID_SelectDisplayMode,window,enumerates the display modes and picks the one to use; logs the list and falls back or quits when none fits,medium,"strings 'Forcing video mode', 'Summary:', 'no suitable video modes found', 'Enabling non-standard modes'; called by CFG_Init; uses C++ containers (0x004031d0-0x00405570)",
0x00401b90,CFG_Read,config,read config.ini,high,unique string 'ShowLogo' (22 shared),0x0041cef0
0x00402510,CFG_Write,config,write config.ini,high,unique string '%1.4f' (2 shared),0x0041d810
0x00402ab0,CFG_Init,config,locate/read config; setup dialog,high,unique string '-setup' (1 shared),0x0041dd60
0x00402d60,Setup_InitDialog,config,fill setup dialog controls,high,unique string 'Bilinear' (2 shared),0x0041de40
0x00402fd0,Setup_ReadDialog,config,read setup dialog,low,global shape search (score 0.82),0x0041df40
0x00403160,std_string_assign,crt,std helper,high,"identical normalised instruction shape (23 insns, unique in both)",0x00408460
0x004031a0,std_string_dtor,crt,std helper,high,"identical normalised instruction shape (14 insns, unique in both)",0x004084a0
0x004031d0,FUN_004031d0,crt,subsystem guessed from the neighbouring functions (crt / crt),low,address layout only,
0x00403200,FUN_00403200,crt,subsystem guessed from the neighbouring functions (crt / crt),low,address layout only,
0x00403240,FUN_00403240,crt,subsystem guessed from the neighbouring functions (crt / crt),low,address layout only,
0x004032a0,FUN_004032a0,crt,subsystem guessed from the neighbouring functions (crt / crt),low,address layout only,
0x004032d0,FUN_004032d0,crt,subsystem guessed from the neighbouring functions (crt / crt),low,address layout only,
0x004032f0,FUN_004032f0,crt,subsystem guessed from the neighbouring functions (crt / crt),low,address layout only,
0x00403390,std_string_assign_sub,crt,std helper,high,"identical normalised instruction shape (97 insns, unique in both)",0x00408590
0x00403470,FUN_00403470,crt,subsystem guessed from the neighbouring functions (crt / crt),low,address layout only,
0x00403500,FUN_00403500,crt,subsystem guessed from the neighbouring functions (crt / crt),low,address layout only,
0x00403530,FUN_00403530,crt,subsystem guessed from the neighbouring functions (crt / crt),low,address layout only,
0x00403560,FUN_00403560,crt,subsystem guessed from the neighbouring functions (crt / crt),low,address layout only,
0x004036d0,FUN_004036d0,crt,subsystem guessed from the neighbouring functions (crt / crt),low,address layout only,
0x00403750,FUN_00403750,crt,subsystem guessed from the neighbouring functions (crt / crt),low,address layout only,
0x00403800,std_string_assign_n,crt,std helper,high,"identical normalised instruction shape (88 insns, unique in both)",0x00408670
0x004038d0,std_string_append,crt,std helper,high,"identical normalised instruction shape (55 insns, unique in both)",0x00408740
0x00403960,FUN_00403960,crt,C++ standard library template instance,low,calls std:: helpers / throws length errors,
0x00403b60,FUN_00403b60,crt,C++ standard library template instance,low,calls std:: helpers / throws length errors,
0x00403be0,FUN_00403be0,crt,C++ standard library template instance,low,calls std:: helpers / throws length errors,
0x00403c40,FUN_00403c40,crt,subsystem guessed from the neighbouring functions (crt / crt),low,address layout only,
0x00403c60,FUN_00403c60,crt,subsystem guessed from the neighbouring functions (crt / crt),low,address layout only,
0x00403e5a,Catch_All@00403e5a,crt,C runtime / compiler support (name from Ghidra function ID),high,Ghidra function ID name,
0x00403f03,Catch_All@00403f03,crt,C runtime / compiler support (name from Ghidra function ID),high,Ghidra function ID name,
0x00403fa0,FUN_00403fa0,crt,C++ standard library template instance,low,calls std:: helpers / throws length errors,
0x00404020,FUN_00404020,crt,C++ standard library template instance,low,calls std:: helpers / throws length errors,
0x00404080,FUN_00404080,crt,subsystem guessed from the neighbouring functions (crt / crt),low,address layout only,
0x00404240,Catch_All@00404240,crt,C runtime / compiler support (name from Ghidra function ID),high,Ghidra function ID name,
0x0040424c,Catch_All@0040424c,crt,C runtime / compiler support (name from Ghidra function ID),high,Ghidra function ID name,
0x00404320,FUN_00404320,crt,C++ standard library template instance,low,calls std:: helpers / throws length errors,
0x004043a0,FUN_004043a0,crt,C++ standard library template instance,low,calls std:: helpers / throws length errors,
0x00404420,std_list_helper,crt,std helper,high,"identical normalised instruction shape (45 insns, unique in both)",0x00408890
0x0040449a,Catch_All_list,crt,EH catch funclet,high,"identical normalised instruction shape (11 insns, unique in both)",0x0040890a
0x004044c2,std_list_copy,crt,std helper,high,"identical normalised instruction shape (41 insns, unique in both)",0x00408932
0x0040452b,Catch_All_list2,crt,EH catch funclet,high,"identical normalised instruction shape (14 insns, unique in both)",0x0040899b
0x00404560,FUN_00404560,crt,C++ standard library template instance,low,calls std:: helpers / throws length errors,
0x004045f0,std_alloc_throw,crt,std helper,high,"identical normalised instruction shape (26 insns, unique in both)",0x004089d0
0x00404650,FUN_00404650,crt,subsystem guessed from the neighbouring functions (crt / crt),low,address layout only,
0x00404680,FUN_00404680,crt,subsystem guessed from the neighbouring functions (crt / crt),low,address layout only,
0x004046b0,FUN_004046b0,crt,subsystem guessed from the neighbouring functions (crt / crt),low,address layout only,
0x004046e0,FUN_004046e0,crt,subsystem guessed from the neighbouring functions (crt / crt),low,address layout only,
0x00404720,FUN_00404720,crt,subsystem guessed from the neighbouring functions (crt / crt),low,address layout only,
0x00404860,FUN_00404860,crt,subsystem guessed from the neighbouring functions (crt / crt),low,address layout only,
0x004048c0,FUN_004048c0,crt,subsystem guessed from the neighbouring functions (crt / crt),low,address layout only,
0x004048f0,FUN_004048f0,crt,subsystem guessed from the neighbouring functions (crt / crt),low,address layout only,
0x00404930,FUN_00404930,crt,subsystem guessed from the neighbouring functions (crt / crt),low,address layout only,
0x0040499e,Catch_All@0040499e,crt,C runtime / compiler support (name from Ghidra function ID),high,Ghidra function ID name,
0x004049d0,FUN_004049d0,crt,C++ standard library template instance,low,calls std:: helpers / throws length errors,
0x00404b40,FUN_00404b40,crt,subsystem guessed from the neighbouring functions (crt / crt),low,address layout only,
0x00404b70,FUN_00404b70,crt,C++ standard library template instance,low,calls std:: helpers / throws length errors,
0x00404bd0,FUN_00404bd0,crt,subsystem guessed from the neighbouring functions (crt / crt),low,address layout only,
0x00404f10,FUN_00404f10,crt,subsystem guessed from the neighbouring functions (crt / crt),low,address layout only,
0x00404fb0,FUN_00404fb0,crt,subsystem guessed from the neighbouring functions (crt / crt),low,address layout only,
0x00405020,FUN_00405020,crt,subsystem guessed from the neighbouring functions (crt / crt),low,address layout only,
0x00405070,FUN_00405070,crt,C++ standard library template instance,low,calls std:: helpers / throws length errors,
0x004050a0,FUN_004050a0,crt,C++ standard library template instance,low,calls std:: helpers / throws length errors,
0x004050d0,FUN_004050d0,crt,subsystem guessed from the neighbouring functions (crt / crt),low,address layout only,
0x00405180,FUN_00405180,crt,subsystem guessed from the neighbouring functions (crt / crt),low,address layout only,
0x004051f0,FUN_004051f0,crt,subsystem guessed from the neighbouring functions (crt / crt),low,address layout only,
0x00405280,FUN_00405280,crt,subsystem guessed from the neighbouring functions (crt / crt),low,address layout only,
0x00405350,FUN_00405350,crt,subsystem guessed from the neighbouring functions (crt / crt),low,address layout only,
0x00405410,FUN_00405410,crt,subsystem guessed from the neighbouring functions (crt / crt),low,address layout only,
0x00405482,Catch_All@00405482,crt,C runtime / compiler support (name from Ghidra function ID),high,Ghidra function ID name,
0x004054c0,FUN_004054c0,crt,subsystem guessed from the neighbouring functions (crt / save),low,address layout only,
0x004054f0,FUN_004054f0,crt,subsystem guessed from the neighbouring functions (crt / save),low,address layout only,
0x00405570,FUN_00405570,crt,subsystem guessed from the neighbouring functions (crt / save),low,address layout only,
0x00405680,Sys_Crc16,save,CRC helper for G_LoadBin,high,"identical normalised instruction shape (22 insns, unique in both)",0x0041e070
0x004056c0,Intro_IsDivoGames,intro,compare name with DivoGames,medium,callee Intro_NameIsDivo (score 0.82),0x004078e0
0x00405750,Sys_Error,sys,fatal error: message box and shutdown,medium,callee G_LoadMap (score 1.00),0x004204f0
0x00405800,Sys_CheckParm,sys,look up a command-line argument,high,"identical normalised instruction shape (34 insns, unique in both)",0x004205a0
0x00405860,Sys_OpenURL,sys,ShellExecute,medium,"identical shape, callee M_MainMenuAction (score 1.00)",0x00420600
0x00405880,Sys_WriteRegistryKey,sys,writes a value under a CLSID key of the registry at start-up,medium,RegCreateKeyExA / RegSetValueExA with a 'Software\CLASSES\CLSID\{...}' path; called by WinMain,
0x00405930,Sys_CheckDrive,sys,checks the type of the drive the game runs from and shows a message box before quitting,low,GetDriveTypeA and MessageBoxA then exit; called by Sys_Init,
0x00405a80,Sys_Init,sys,subsystem initialisation,high,only caller of import timeGetTime,0x00420620
0x00405bf0,Sys_Quit,sys,shutdown; save config; exit,medium,caller of CFG_Write (score 0.90),0x00420750
0x00405c80,Sys_PostClose,sys,SendMessage WM_CLOSE,high,only caller of import SendMessageA,0x004207d0
0x00405ca0,WinMain,sys,entry and main loop,high,unique string 'Can not load game settings.' (1 shared),0x004207f0
0x00405ef0,F_Decrypt,fs,XOR with 1024-byte key,high,"identical normalised instruction shape (20 insns, unique in both)",0x00420a20
0x00405f30,F_LoadPackFile,fs,load pak directory,high,unique string 'F_LoadPackFile: Too many paks.' (1 shared),0x00420a60
0x00406050,F_Init,fs,file system init,high,unique string '---- Initializing file system ----' (6 shared),0x00420b80
0x00406200,F_Shutdown,fs,close paks,high,"identical normalised instruction shape (20 insns, unique in both)",0x00420d30
0x00406240,F_OpenFile,fs,open from pak or data\,medium,callee G_LoadMap (score 0.99),0x00420d70
0x00406440,F_GetFileLocation,fs,locate file for BASS,high,"identical normalised instruction shape (134 insns, unique in both)",0x00420f60
0x00406600,F_Read,fs,read,high,"identical normalised instruction shape (59 insns, unique in both)",0x00421120
0x00406690,F_FileLength,fs,file length,high,"identical normalised instruction shape (37 insns, unique in both)",0x004211b0
0x004066f0,F_Seek,fs,seek,high,"identical normalised instruction shape (52 insns, unique in both)",0x00421210
0x00406780,F_FindFirst,fs,find first file,high,unique string 'data\%s\*.%s' (1 shared),0x004212a0
0x004068e0,F_FindNext,fs,find next file,high,only caller of import FindNextFileA,0x00421400
0x004069e0,G_LoadBin,save,load game.bin,high,unique string 'G_LoadBin: Illegal '%s' version.' (2 shared),0x00401050
0x00406c70,G_SaveBin,save,write game.bin (random key; CRC-16/CCITT),medium,caller of _fopen (score 0.74),0x004011b0
0x00406f80,HUD_DrawMessage,hud,3 s fading centre message (cheats),medium,caller of _ftol2 (score 0.88),0x00401330
0x00407110,G_CheatInput,cheat,rolling 32-char buffer cheat matcher,high,unique string 'God Mode: Enabled' (7 shared),0x004014c0
0x004077b0,CL_LoadHudAssets,2d,register cursors and HUD textures as pics (v1.70 alias: HUD_LoadMedia),high,unique string 'menu\cursor_1.tga' (4 shared),0x00401aa0
0x00407850,R_AddMenuModelTree,frame,adds a menu preview model and its attached children to the scene (recursive),low,recursive; calls G_AttachToTag AnglesToAxis R_AddEntityToScene; called by R_RenderMenuModel,
0x004079c0,R_RenderMenuModel,frame,noworld view of one object record (menu preview) (v1.70 alias: M_DrawBanner3D),low,manual: sets up a temporary render entity and calls R_RenderView 0x00430a20 for a model shown in a menu (the 'banner' model name is gone; called by the options/skin screen 0x004291f0),0x00401b30
0x00407ab0,HUD_DrawLevelName,hud,typewriter level name at level start,medium,caller of S_StartLocalSound (score 0.93),0x00401c60
0x00407d20,HUD_Draw1P,hud,one-player HUD,medium,caller of _sprintf (score 0.71),0x00401ed0
0x00408b00,HUD_Draw2P,hud,two-player HUD,medium,caller of _sprintf (score 0.71),0x00402a90
0x0040a9e0,R_UpdateFrameRate,hud,frame-rate counter for the statistics overlay,low,only callee of R_DrawStats; 0.5 constants,
0x0040aa40,R_DrawStats,hud,statistics overlay (FPS; triangles; texture binds; models; sprites; marks; entities) split out of R_RenderView,high,"strings 'FPS: %3i', 'Triangles:', 'TexBinds:', 'Models:', 'Sprites:', 'Marks:', 'Enteties:'; called by G_Frame",
0x0040ac80,HUD_Frame,hud,HUD dispatcher (name/HUD/message/mouse cursor),medium,callee G_Frame (score 0.72),0x004041b0
0x0040acc0,SCR_SelectLoadingComic,hud,picks the comic panel shown on the loading screen,medium,strings 'gfx\ui\comix\loading<n>_<n>_<n>'; called by G_BeginLevel; calls R_RegisterPic,
0x0040adf0,SCR_DrawLoading,hud,loading screen with progress bar,low,callee P_LoadParticleFiles (score 0.54),0x00404230
0x0040b1c0,R_DrawScreenFade,2d,full-screen alpha rectangle with fade value (v1.70 alias: SCR_DrawFade),high,"identical normalised instruction shape (46 insns, unique in both)",0x00404370
0x0040b260,FUN_0040b260,2d,subsystem guessed from the neighbouring functions (2d / game),low,address layout only,
0x0040b280,G_RemoveEntity,game,mark entity and children removed (deferred); stop emitter; drop attach refcount,medium,callee PF_remove (score 0.75),0x00404410
0x0040b300,G_FreeEntity,game,unlink and return entity to pool; free thread/path/children,medium,callee G_RunEntities (score 0.65),0x00404590
0x0040b4b0,G_AllocEntity,game,pop pool free list; zero; link as newest,medium,callee G_InitObject (score 0.95),0x00404530
0x0040b510,G_FreeAllEntities,game,frees every entity at level end,low,called by G_FreeLevel; calls G_FreeEntity,
0x0040b560,G_GetOrigin,game,copy entity origin to vector,medium,callee S_StartSound (score 0.86),0x00404680
0x0040b580,G_GetTagWorldPos,game,world position of a model tag on entity (scale field 32),medium,callee PF_Shoot (score 0.83),0x004046a0
0x0040b730,G_AttachToTag,game,compute child base origin/axis from parent tag,medium,caller of R_GetTag (score 0.77),0x00404850
0x0040b940,G_ActivateEntity,game,set script-active bit 4 recursively; enable emitter,medium,callee PF_activate (score 0.85),0x00404a40
0x0040b990,G_DeactivateEntity,game,clear bit 4 recursively; disable emitter,medium,callee PF_deactivate (score 0.85),0x00404a90
0x0040b9e0,G_Damage,game,apply damage; run damage handler; death/kill/drop/score,medium,callee PF_Damage (score 0.91),0x00404ae0
0x0040bbc0,G_ParticleDamage,game,damage players or first enemy under a projected particle,medium,callee PS_Update (score 0.82),0x00404cb0
0x0040bd70,G_DrawHealthBar,game,enemy health bar with hbar_full/hbar_empty,high,unique string 'hbar_full' (2 shared),0x00404e30
0x0040bee0,G_RunInitHandler,game,run init entry on entity and children (propagates +0x77),medium,callee PF_create (score 0.93),0x00404fa0
0x0040c000,G_InActivationArea,game,sphere vs activation band map_pos+16..+800; x 0..1280; z>=hmin,medium,manual: only callee of G_RunEntities with the 80/200/1280 constants; same size (144 bytes),0x004050b0
0x0040c090,G_InVisibleTerrainBox,game,sphere vs bbox of visible terrain,medium,manual: callee of G_RunEntities; same size (141 bytes) and instruction count,0x00405140
0x0040c120,G_TouchEntity,game,screen-space touch tests vs players/enemies and touch dispatch,medium,caller of SL_Execute (score 0.73),0x004051d0
0x0040c750,G_SyncRenderRecord,entity,copy colour/scale/frame/yaw/origin into the render record (v1.70 alias: G_SetupTransform),medium,callee G_ThinkEntity (score 0.67),0x004057c0
0x0040ca00,G_ComputeScreenBounds,game,project bbox/point to screen rect and set collidable bit 8,medium,caller of R_PointOnScreen (score 0.75),0x00405930
0x0040cb30,G_ThinkEntity,game,per-entity update: timers; script main; transforms; render submit; children,medium,callee PF_create (score 0.83),0x00405a60
0x0040cd70,G_SetStateRecursive,game,set +0x1a state on entity and children,medium,manual: recursive callee of G_RunEntities; same instruction count (26),0x00405c70
0x0040cdc0,G_RunEntities,game,free removed; state machine; think all; collisions,medium,manual: called by G_Frame; calls G_ThinkEntity G_FreeEntity G_RemoveEntity R_CullSphere in the same order; G_RunCollisions is inlined (same 2000/-2000 constants and G_TouchEntity call); also called from G_BeginLevel in AS2,0x00405cc0
0x0040cef0,G_FloorHelper,game,small rounding helper of the water-height lookup,low,calls floor; only caller 0x0041d530,
0x0040cf20,G_EvalPath,game,Bezier path position/yaw at arc parameter,medium,caller of floor (score 0.88),0x00405dd0
0x0040d130,G_MoveAlongPath,game,advance along waypoint path (MoveToNextWP),medium,callee PF_MoveToNextWP (score 0.91),0x00405fe0
0x0040d260,G_RotateToPath,game,turn yaw toward path direction (RotateToNextWP),medium,callee PF_RotateToNextWP (score 0.91),0x00406110
0x0040d410,G_FindLevel,game,find level record by id,high,unique string 'ERROR: Unknown level identifier '%s'.' (1 shared),0x004062c0
0x0040d490,G_ParseLevel,level,parse one levels.txt block,high,unique string 'Too many levels in level-list file.' (6 shared),0x00406340
0x0040d9f0,G_LoadLevelList,level,load maps\levels.txt,high,unique string 'maps\levels.txt' (2 shared),0x00406880
0x0040da80,G_PathSegmentYaw,level,yaw between two path points (deg),high,"identical normalised instruction shape (43 insns, unique in both)",0x00406910
0x0040db10,G_BuildPath,level,sample bezier waypoint path every 8 units,medium,caller of _malloc (score 0.91),0x004069a0
0x0040e0d0,P_LoadParticleFiles,particles,parse particles/*.ps with progress,high,unique string 'particles' (1 shared),0x00406f60
0x0040e1e0,G_StartLevel,level,load level assets; reset pools; spawn players; music (v1.70 alias: G_BeginLevel),medium,caller of V_ResetCamera (score 0.86),0x00407080
0x0040e660,G_FreeLevel,level,free entities/models/textures/sounds,medium,callee M_GameCompleteAction (score 0.65),0x004074b0
0x0040e730,PF_EndLevel,script-builtin,EndLevel: freeze world and run mission complete; builtin 'EndLevel',high,builtin table entry 'EndLevel',0x00407570
0x0040e7e0,G_ActivateMapObjects,level,activate placed objects entering the activation window,medium,caller of _rand (score 0.82),0x00407590
0x0040eb00,IntroImage_Begin,intro,load image; t=-0.5,medium,caller of R_RegisterTexture (score 0.97),0x00407b00
0x0040eb30,IntroImage_Done,intro,true when t>=6,medium,manual: same place between IntroImage_Begin 0x0040eb00 and IntroImage_Draw 0x0040eb50 as in v1.70; same 9-instruction shape (duration constant),0x00407b30
0x0040eb50,IntroImage_Draw,intro,centred image with 1 s fades,medium,caller of _ftol2 (score 0.75),0x00407b50
0x0040ed10,IntroDivo_Begin,intro,load gfx\logo.tga,high,unique string 'gfx\logo.tga' (1 shared),0x00407cb0
0x0040ed40,IntroDivo_Done,intro,true when t>=8,medium,manual: same place between IntroDivo_Begin 0x0040ed10 and IntroDivo_Draw 0x0040ed60 as in v1.70; same 9-instruction shape (duration constant),0x00407ce0
0x0040ed60,IntroDivo_Draw,intro,animated DivoGames logo,medium,caller of ColorUnpackABGR (score 0.95),0x00407d00
0x0040f000,IntroComic_DoneA,intro,duration callback of an intro comic page (7 s),low,same 9-instruction shape as IntroImage_Done; no callers (callback),
0x0040f020,IntroComic_DrawA,intro,draw callback of an intro comic page,low,800/600 full-screen constants; calls R_Add2DPic R_Add2DFill; no callers (callback),
0x0040f1e0,IntroComic_Begin1,intro,starts the intro comic: switches the music and registers the frames of page 1,medium,"strings 'music\track02.mo3', 'gfx\ui\comix\intro\Frame#1_...'; calls S_ChangeMusic R_RegisterPic",
0x0040f280,IntroComic_Begin2,intro,registers the frames of intro comic page 2,medium,strings 'gfx\ui\comix\intro\Frame#2_...',
0x0040f310,IntroComic_Begin3,intro,registers the frames of intro comic page 3,medium,strings 'gfx\ui\comix\intro\Frame#3_...',
0x0040f3f0,IntroComic_DoneB,intro,duration callback of an intro comic page (20 s),low,same 9-instruction shape as IntroImage_Done; no callers (callback),
0x0040f410,IntroComic_DrawB,intro,draw callback of the multi-panel intro comic pages,low,largest intro function (3227 bytes); 800/600 constants; R_Add2DPic R_Set2DColor R_Add2DFill,
0x004100b0,IntroComic_Begin4,intro,registers the frames of intro comic page 4,medium,strings 'gfx\ui\comix\intro\Frame#4_...',
0x00410140,IntroComic_DoneC,intro,duration callback of an intro comic page (11 s),low,same 9-instruction shape as IntroImage_Done; no callers (callback),
0x00410160,IntroComic_DrawC,intro,draw callback of an intro comic page,low,800/600 constants; R_Add2DPic R_Set2DColor R_Add2DFill,
0x00410450,Intro_Shutdown,intro,free page list,high,"identical normalised instruction shape (22 insns, unique in both)",0x00407f90
0x004104b0,Intro_ClearPages,intro,delete intro pages,high,"identical normalised instruction shape (42 insns, unique in both)",0x00407ff0
0x00410530,G_StartIntros,intro,build intro pages from Settings.xml,medium,callee G_Init (score 0.80),0x00408070
0x00410810,IntroList_free,intro,helper,high,"identical normalised instruction shape (21 insns, unique in both)",0x00408220
0x00410850,G_IntroFrame,intro,advance/draw intro pages then start the attract level,medium,caller of R_BeginFrame (score 0.95),0x00408260
0x00410a80,std_helper1,crt,std helper,medium,"identical shape, caller of std_helper2 (score 1.00)",0x00408530
0x00410aa0,std_helper2,crt,std helper,medium,"identical shape, callee Intro_Shutdown (score 1.00)",0x00408550
0x00410ae0,std_list_check,crt,list too long check,medium,"identical shape, callee G_StartIntros (score 1.00)",0x004087d0
0x00410b80,Intro_NameIsDivo,intro,compare,medium,callee G_StartIntros (score 1.00),0x004084d0
0x00410bf0,G_InitActionBits,input,assign p_action bits to the binding slots,high,"identical normalised instruction shape (24 insns, unique in both)",0x00408a50
0x00410cb0,G_SetPause,game,set pause flag; clear actions on resume,medium,"identical shape, callee G_KeyEvent (score 1.00)",0x00408b10
0x00410cd0,G_BeginLevel,game,apply difficulty factors; reset per-level player state; load level,medium,callee G_Init (score 0.72),0x00408b30
0x00410dc0,G_NewGame,game,starts a new game from the player-selection menu,low,called by the player-selection action 0x00428fb0; calls Sys_CheckParm and G_ResetPlayers,
0x00410e70,G_GameOver,game,game-over state and menu; builtin 'GameOver',high,"identical normalised instruction shape (17 insns, unique in both)",0x00408c80
0x00410eb0,G_Init,game,boot game: data; menus; attract level; intros,high,unique string 'score_num' (1 shared),0x00408cc0
0x00410fb0,G_Shutdown,game,free level and scripts; save game.bin,medium,"identical shape, caller of SL_FreeScripts (score 1.00)",0x00408dd0
0x00410fd0,G_Frame,game,per-frame game step,medium,caller of G_RunEntities (score 0.93),0x00408df0
0x004110a0,G_CharEvent,input,WM_CHAR to edit field or cheats,medium,caller of G_CheatInput (score 0.84),0x00408ec0
0x004110f0,G_KeyEvent,input,key press/release: hotkeys; menus; action bits,medium,callee Joy_Frame (score 0.78),0x00408f10
0x00411390,IN_MouseMove,input,window to virtual mouse position,high,"identical normalised instruction shape (14 insns, unique in both)",0x004091c0
0x004113c0,G_LoadMap,level,load map (HMAP) and place objects,high,unique string 'Map file '%s' not found.' (5 shared),0x004091f0
0x004119f0,G_WriteObjectsTxt,level,writes an objects.txt file with a generated header,low,"strings 'objects.txt', '// This file was generated by Air Strike 3D II. Do not mo...'; fopen/fprintf; called by the level starter 0x00410cd0",
0x00411ba0,G_FindObject,game,object definition index by name (first match wins),high,unique string 'ERROR: Unknown object '%s'.' (1 shared),0x00409860
0x00411c10,G_PrecacheObject,game,register model/skin/envmap/script/attaches of a definition,medium,caller of G_FindObject (score 0.85),0x004098d0
0x00411ce0,G_SetupTempRenderEntity,game,fill a temporary render record from a definition by name,medium,callee G_DrawHealthBar (score 0.95),0x004099f0
0x00411e90,G_InitObject,game,create entity from definition incl. attach children,high,unique string 'ERROR: G_InitObject(%s): Unknown attach ' (1 shared),0x00409ba0
0x004124c0,G_SpawnObject,game,G_InitObject(pooled) + ground/water snap (v1.70 alias: G_SpawnDecal),medium,callee PF_create (score 0.80),0x0040a080
0x004125a0,ParseObject,game,parse one object definition block,high,unique string 'ParseObject: Too many objects in object ' (49 shared),0x0040a160
0x00413570,G_LoadObjects,game,load all objects/*.obj,high,unique string 'objects' (4 shared),0x0040afc0
0x00413680,G_NextPowerUp,player,cycle power-up selection,medium,callee G_UsePowerUpSlot (score 0.76),0x0040b0d0
0x00413710,G_UsePowerUpSlot,player,consume power-up,medium,callee PF_G_UsePowerUp (score 0.75),0x0040b150
0x00413780,G_NextMissile,player,cycle missile selection,medium,callee G_UseMissileSlot (score 0.80),0x0040b1b0
0x00413800,G_UseMissileSlot,player,consume missile,medium,callee PF_G_UseMissile (score 0.75),0x0040b220
0x00413870,G_NextWeapon,player,cycle to next owned weapon,medium,caller of _ftol2 (score 0.74),0x0040b280
0x004138f0,G_ResetPlayers,player,resets the per-player state when a game or level starts,low,called by the four start/restart actions (0x00410dc0 0x00427a20 0x00428ac0 0x0042a8c0); constants 2 to 8,
0x00413b20,G_SpawnPlayer,player,spawn player helicopter (RespawnPlayer),medium,callee PF_RespawnPlayer (score 0.78),0x0040b2f0
0x00413c50,G_PlayerFrame,player,switch-bit edges; game-over check; mouse-control bits,low,caller of S_ChangeMusic (score 0.58),0x0040b440
0x00413f10,G_BuildScoreString,net,score posting payload,high,only caller of import lstrlenA,0x0040b6e0
0x00414080,G_PostScore,net,HTTP score post (auto-named CryptText),high,unique string 'bad allocation' (10 shared),0x0040b850
0x00414350,G_AwardScore,game,add score and spawn floating digits,medium,caller of SL_Execute (score 0.88),0x0040bb20
0x00414540,G_BankScore,game,bank score; update rank; lives checkpoint,medium,callee M_GameCompleteAction (score 0.81),0x0040bd10
0x004145d0,G_RankIndex,game,rank value to 0..6,high,"identical normalised instruction shape (17 insns, unique in both)",0x0040bda0
0x00414610,G_CheckHighScore,game,open name entry if qualifying,high,"identical normalised instruction shape (46 insns, unique in both)",0x0040bde0
0x004146c0,G_InsertHighScore,game,insert name/score/rank into table,high,unique string 'Dennis' (2 shared),0x0040be90
0x00414800,G_LevelEndHelper,game,level-end helper,low,called by G_FreeLevel; no calls,
0x00414850,G_UpdatePlayers,player,per-frame update that uses terrain heights and distances,low,called by G_Frame; calls sqrt and R_TerrainHeight,
0x00414c50,G_FindLockTarget,weapons,nearest valid enemy ahead of the player (dy>=0.3); sets runtime bit 0x100,medium,callee PF_LockTarget (score 0.91),0x0040c020
0x00414d80,CL_CameraQuake,camera,quake perturbation of view angles and fov (v1.70 alias: V_UpdateQuake),high,"identical normalised instruction shape (69 insns, unique in both)",0x0040c150
0x00414e90,V_UpdateCamera,camera,scroll g_map_pos; follow player +-48 deadzone; clamp x 578..702; fill refdef,medium,caller of CL_CameraQuake (score 0.84),0x0040c260
0x00415290,V_ResetCamera,camera,level-start camera/scroll init from mode table,medium,manual: callee of G_BeginLevel with the camera constants 42/640/32; gains a '-campos' command-line option,0x0040c660
0x00415410,G_ParseWeapon,weapons,parse .wpn block,high,unique string 'Too many weapons.' (3 shared),0x0040c770
0x00415570,G_LoadWeapons,weapons,load weapons/*.wpn,high,unique string 'weapons' (1 shared),0x0040c8d0
0x00415630,G_FindWeapon,weapons,weapon by name,high,unique string 'ERROR: Unknown weapon '%s'.' (1 shared),0x0040c990
0x004156b0,Com_Printf,sys,log to game.log,medium,callee UI_PopMenu (score 1.00),0x0041e0b0
0x00415740,MW_CenterWindow,window,center window,high,"identical normalised instruction shape (44 insns, unique in both)",0x00421980
0x004157b0,MW_CreateWindow,window,register class and create window,high,unique string '... registering window class - failed.' (5 shared),0x004219f0
0x00415a80,MW_Init,window,window and GL context init,high,unique string '---- Initializing main window ----' (5 shared),0x00421bd0
0x00415ba0,MW_Shutdown,window,destroy window and context,high,only caller of import ReleaseCapture,0x00421d70
0x00415c20,MW_PumpMessages,window,Peek/Get/Dispatch message loop,medium,callee WinMain (score 0.78),0x00421df0
0x00415ca0,MW_DisableSysKeys,window,hotkeys and screensaver off,high,"identical normalised instruction shape (26 insns, unique in both)",0x00421e60
0x00415ce0,MW_EnableSysKeys,window,restore system keys,high,"identical normalised instruction shape (22 insns, unique in both)",0x00421ea0
0x00415d20,MW_WndProc,window,window procedure (code without Ghidra function; address stored by MW_CreateWindow),high,manual: window procedure: the only callback address taken by MW_CreateWindow in both executables; calls DefWindowProcA,0x00421ee0
0x00416147,UI_ListClick_case4,ui,switch case fragment of the list widget,medium,caller of UI_ListClick (score 0.83),0x00422292
0x00416540,Joy_Init,input,joystick init,high,unique string 'Joy_Init: Joystick disabled by user.' (5 shared),0x00422670
0x00416700,Joy_POV,input,hat to key events,medium,callee Joy_Frame (score 0.86),0x00422830
0x00416a80,Joy_Frame,input,poll joystick buttons each frame,high,only caller of import joyGetPosEx,0x00422bd0
0x00416c50,PerpendicularVector,math,Quake-style perpendicular vector,high,"identical normalised instruction shape (86 insns, unique in both)",0x0041e130
0x00416d40,VectorNormalize,math,normalise in place and return length,high,"identical normalised instruction shape (46 insns, unique in both)",0x0041e220
0x00416dc0,VectorSetLength,math,scale vector to length,high,"identical normalised instruction shape (48 insns, unique in both)",0x0041e2a0
0x00416e40,AngleMod360,math,wrap angle,high,"identical normalised instruction shape (40 insns, unique in both)",0x0041e320
0x00416eb0,AnglesToAxis,math,axis rows from three angles (rows of Rx*Ry*Rz(-a2)),high,"identical normalised instruction shape (99 insns, unique in both)",0x0041e390
0x00417010,VectorToAngles,math,direction to angles,high,"identical normalised instruction shape (84 insns, unique in both)",0x0041e4f0
0x00417120,VectorRotateByAxis,math,d.x*a0 + d.y*a1 + d.z*a2 (v1.70 alias: Matrix3_TransformVector),high,"identical normalised instruction shape (28 insns, unique in both)",0x0041e600
0x00417170,Matrix3_Multiply,math,3x3 multiply,high,"identical normalised instruction shape (82 insns, unique in both)",0x0041e650
0x00417250,Matrix3_Inverse,math,3x3 inverse/transpose,high,"identical normalised instruction shape (86 insns, unique in both)",0x0041e730
0x00417330,InitSinTable,math,450-entry integer-degree sine table (cos = +90 entries) (v1.70 alias: Sys_InitSineTable),high,"identical normalised instruction shape (16 insns, unique in both)",0x0041e810
0x00417370,COM_ParseError,parse,fatal parse error,high,unique string ''%s' Error (line %i): %s' (1 shared),0x0041e850
0x004173a0,COM_ParseToken,parse,next token,high,unique string 'Line is incomplete' (4 shared),0x0041e880
0x00417570,COM_OpenTextFile,parse,open text file for the tokenizer,high,"identical normalised instruction shape (67 insns, unique in both)",0x0041ea50
0x00417650,G_SegmentHitsRect,cull,clip a 2D segment against a rectangle (collision),high,"identical normalised instruction shape (273 insns, unique in both)",0x0040ca10
0x00417910,ColorUnpackABGR,2d,unpack 0xAABBGGRR to float RGBA (v1.70 alias: R_UnpackColor),high,"identical normalised instruction shape (31 insns, unique in both)",0x0040ccd0
0x00417970,R_Set2DColor,2d,set the current 2D colour (optionally force alpha 1) (v1.70 alias: R_SetDrawColor),high,"identical normalised instruction shape (35 insns, unique in both)",0x0040cd30
0x004179f0,R_Add2DQuad,2d,append a 2D quad with the current colour (max 4096) (v1.70 alias: R_DrawStretchPic),medium,callee M_PageWeapons1 (score 0.83),0x0040cdb0
0x00417a90,R_Add2DGradient,2d,2D helper of the menu header drawer,low,only caller 0x0042b610,
0x00417b60,R_Add2DFrame,2d,2D helper of list and button drawing,low,called by UI_DrawList and the button drawer 0x00423f00,
0x00417c60,R_Add2DPic,2d,append a picture at texel size with full texture (v1.70 alias: R_DrawPic),medium,callee HUD_Draw1P (score 0.69),0x0040ce50
0x00417d50,R_Add2DFill,2d,append an untextured filled rectangle (v1.70 alias: R_DrawFill),medium,callee M_DrawKeyBinding (score 0.87),0x0040d1c0
0x00417dc0,R_Add2DOutline,2d,append a rectangle outline (v1.70 alias: R_DrawOutline),medium,caller of ColorUnpackABGR (score 0.81),0x0040d230
0x00417e30,R_Shutdown,render,frees every renderer resource and the Direct3D buffers,medium,called by Sys_Error and Sys_Quit; calls PS_FreeAllInstances R_FreeShadows R_FreeModels R_FreeTextures R_FreeTerrain D3D_ReleaseBuffers,
0x00417e90,R_FreeLevelResources,render,frees the per-level renderer resources,medium,called by G_FreeLevel; calls PS_FreeAllInstances R_FreeShadows R_FreeModels R_FreeTextures R_FreeTerrain,
0x00417ef0,R_GetTag,model,tag lookup by name ('origin' special),high,unique string 'origin' (2 shared),0x00410380
0x00418080,R_ModelDefaultSkin,model,texture index embedded with the model,medium,"identical shape, callee G_InitObject (score 1.00)",0x00410510
0x004180a0,R_BuildNormalWeights,model,slot indices and acos weights per normal; folds normals to absolute values (v1.70 alias: R_BuildModelNormals),high,"identical normalised instruction shape (125 insns, unique in both)",0x00411520
0x00418270,R_LoadModel,model,load MDL file (versions 2 and 3),high,unique string 'R_LoadModel: Couldn't open model file '%' (3 shared),0x004116f0
0x00418930,R_ModelRadius,model,max corner distance of bbox (v1.70 alias: R_ModelRadius),high,"identical normalised instruction shape (60 insns, unique in both)",0x00411d70
0x004189e0,R_ModelBounds,model,return model bbox min/max,high,"identical normalised instruction shape (18 insns, unique in both)",0x00411e20
0x00418a30,R_FindModel,model,case-sensitive model name lookup,high,"identical normalised instruction shape (34 insns, unique in both)",0x004114c0
0x00418a90,R_RegisterModel,model,allocate and load a model slot (max 1024),high,"identical normalised instruction shape (31 insns, unique in both)",0x00411e70
0x00418af0,R_FreeModels,model,free all model arrays,high,"identical normalised instruction shape (66 insns, unique in both)",0x00411ed0
0x00418be0,PS_FindDescriptor,particle,name lookup of particle descriptors (v1.70 alias: P_FindSystem),high,"identical normalised instruction shape (41 insns, unique in both)",0x00412d10
0x00418c50,PS_ParseDescriptor,particle,parse one particles\*.ps block into a 0x138-byte descriptor (v1.70 alias: P_ParseSystem),high,unique string 'Too many particle system descriptors.' (34 shared),0x00412d80
0x004196a0,PS_ClearInstances,particle,reset the 256-instance pool (v1.70 alias: P_ClearEmitters),high,"identical normalised instruction shape (16 insns, unique in both)",0x00413780
0x004196f0,PS_AllocInstance,particle,take an instance from the free list and append it (v1.70 alias: P_AllocEmitter),high,"identical normalised instruction shape (26 insns, unique in both)",0x004137d0
0x00419740,PS_CreateInstance,particle,allocate instance and particle pool; EMIT_ONCE burst (v1.70 alias: P_SpawnEmitter),medium,caller of _malloc (score 0.96),0x00413820
0x004198f0,PS_SetOrigin,particle,copy attachment origin and axis into the instance (v1.70 alias: P_SetEmitterOrigin),high,"identical normalised instruction shape (38 insns, unique in both)",0x004139e0
0x00419960,PS_SpawnParticle,particle,initial position/velocity/colour/angle/size/frame (v1.70 alias: P_InitParticle),medium,caller of _rand (score 1.00),0x00414290
0x00419cd0,PS_Update,particle,emission ring; integration; linear fade; linear anim; auto free (v1.70 alias: P_UpdateEmitter),medium,caller of _free (score 1.00),0x00414600
0x0041a090,PS_FreeAllInstances,particle,unlink all instances and free their particles (v1.70 alias: P_FreeEmitters),high,"identical normalised instruction shape (31 insns, unique in both)",0x00414a10
0x0041a0f0,R_RegisterShadow,shadow,cache shadow texture per model/skin/rotation,high,unique string 'R_RegisterShadow: Too many shadowmaps.' (1 shared),0x00415640
0x0041a1a0,R_FreeShadows,shadow,free all shadow records,high,"identical normalised instruction shape (22 insns, unique in both)",0x004156f0
0x0041a1e0,R_TerrainHeight,terrain,bilinear height at x;y (0 outside),high,"identical normalised instruction shape (130 insns, unique in both)",0x00416470
0x0041a360,G_AlignToTerrain,terrain,orient entity to terrain normal,low,"only unmatched function with the same matched calls (R_TerrainHeight, VectorNormalize, cos, sin) (score 1.00)",0x004165f0
0x0041a560,R_LoadMorphMap,terrain,loads a terrain morph image (TGA),medium,calls COM_StripExtension and LoadTGA; only caller R_TerrainMorph; the game data has a 'morphmaps' directory,
0x0041a670,R_TerrainMorph,terrain,applies a morph map to the terrain height field,medium,called by the new builtin 'TerraMorph' (0x00421a90); calls R_LoadMorphMap; 255/40 constants,
0x0041a7d0,R_TerrainVertexLight,terrain,computes terrain vertex lighting/colour for the drawer,low,called by R_DrawTerrain; sqrt; 0.7/0.3 constants,
0x0041ab30,R_BuildTerrainTextures,terrain,mapTexture%i generation,high,unique string '%s\texture%i.tga' (2 shared),0x004167f0
0x0041af00,R_BuildTerrainQuadtree,terrain,recursive node build,medium,callee R_LoadTerrain (score 0.90),0x00416ba0
0x0041b020,R_LoadTerrainTiles,terrain,tiles\tiles%i.tga,high,unique string 'tiles\tiles%i.tga' (1 shared),0x00416d00
0x0041b2e0,R_LoadTerrain_Heights,terrain,terrain loading step (height field and normals),low,called by R_LoadTerrain; _malloc sqrt; 40/0.5 constants,
0x0041b580,R_LoadTerrain_Colors,terrain,terrain loading step,low,called by R_LoadTerrain; _malloc; 255 constant,
0x0041b780,R_LoadTerrain_Tiles,terrain,terrain loading step that loads the tiles,low,called by R_LoadTerrain; calls R_LoadTerrainTiles,
0x0041ba70,R_LoadTerrain_Textures,terrain,terrain loading step that registers textures,low,called by R_LoadTerrain; calls R_RegisterTexture,
0x0041bb60,R_LoadTerrain_Copy,terrain,terrain loading step,low,called by R_LoadTerrain; _malloc _memcpy,
0x0041bd90,R_LoadTerrain,terrain,level terrain load; copies sun values (boundary: hmap.md),high,unique string '%s\detail.tga' (1 shared),0x00416fd0
0x0041c1c0,R_FreeTerrainNode,terrain,frees a terrain quadtree node recursively,medium,recursive; calls _free; called by R_FreeTerrain,
0x0041c200,R_FreeTerrain,terrain,free terrain arrays,low,callee R_LoadTerrain (score 0.51),0x00416f70
0x0041c3d0,LoadTGA,texture,TGA types 1/2/3 to RGB/RGBA/grey without flip (v1.70 alias: R_LoadTGA),medium,callee R_BuildTerrainTextures (score 0.84),0x004187e0
0x0041c5d0,R_ResampleBilinear8,texture,bilinear resample of an 8-bit image (terrain loader) (v1.70 alias: R_ResampleImage),high,"identical normalised instruction shape (169 insns, unique in both)",0x004185b0
0x0041c800,MatrixMultiply4d,math,4x4 double matrix product (v1.70 alias: Matrix4x4Multiply),medium,callee R_SetFrustum (score 0.82),0x00418e30
0x0041ca10,R_SetFrustum,cull,read back modelview/projection/viewport; store P*V and six planes (v1.70 alias: R_SetupFrustum),medium,callee R_RenderView (score 0.71),0x00419040
0x0041cee0,R_WorldToScreen,cull,project a world point to GL window pixels (y up) with eye depth (v1.70 alias: R_ProjectPoint),medium,callee PF_TraceLine (score 1.00),0x00419540
0x0041cfd0,R_ProjectEntityBounds,cull,project 8 bbox corners (scaled by bbox_scale about the origin) to a window rectangle,medium,callee G_ComputeScreenBounds (score 1.00),0x00419630
0x0041d270,R_PointOnScreen,cull,point strictly inside the video size (v1.70 alias: R_PointOnScreenInclusive),high,"identical normalised instruction shape (26 insns, unique in both)",0x004198d0
0x0041d2c0,R_RectOnScreen,cull,rectangle inside the video size (v1.70 alias: R_RectTouchesScreen),high,"identical normalised instruction shape (26 insns, unique in both)",0x00419920
0x0041d310,R_CullSphere,cull,sphere against the six frustum planes,high,"identical normalised instruction shape (28 insns, unique in both)",0x00419970
0x0041d360,R_CullBox,render,terrain node cull,high,"identical normalised instruction shape (123 insns, unique in both)",0x004199c0
0x0041d4b0,V_ClampToFrustumX,camera,clamp x inside side planes with margin,high,"identical normalised instruction shape (44 insns, unique in both)",0x00419b10
0x0041d530,G_WaterHeight,terrain,height of the water surface at a point,medium,called by the new builtin 'WaterHeight' (0x00420d80) and by G_SyncRenderRecord; calls R_TerrainHeight,
0x0041d6d0,G_AlignToWater,terrain,orients an entity on the water surface (bobbing),low,called by G_SyncRenderRecord next to G_AlignToTerrain; calls G_WaterHeight cos sin; degree-to-radian constant,
0x0041d8d0,R_WaterWaveVertices,terrain,animates water vertices,low,called by R_DrawTerrain; sin; 0.125/6 constants,
0x0041dba0,Settings_Init,settings,init settings strings,medium,caller of std_list_new (score 0.96),0x0041eb30
0x0041dcb0,Settings_Free,settings,free settings,medium,caller of std_list_free (score 0.87),0x0041ec10
0x0041de90,Settings_FreeLists,settings,free settings lists,medium,callee Settings_Load (score 1.00),0x0041ed70
0x0041e000,Settings_Load,settings,load Settings.xml,high,unique string 'Settings.xml' (1 shared),0x0041eee0
0x0041e130,Settings_Parse,settings,parse XML tags,high,unique string 'Settings' (19 shared),0x0041f010
0x0041e720,std_string_from_cstr,crt,std helper,high,"identical normalised instruction shape (14 insns, unique in both)",0x0041f550
0x0041e740,std_string_helper,crt,std helper,high,"identical normalised instruction shape (67 insns, unique in both)",0x0041f570
0x0041e7e0,thunk_std_list_free,crt,thunk to 0x41f740,medium,"identical shape, caller of std_list_free (score 1.00)",0x0041f610
0x0041e7f0,std_string_find,crt,std helper,high,"identical normalised instruction shape (100 insns, unique in both)",0x0041f620
0x0041e8f0,std_list_free,crt,std helper,high,"identical normalised instruction shape (24 insns, unique in both)",0x0041f740
0x0041e940,UI_ListNewNode,ui,list node alloc,high,"identical normalised instruction shape (19 insns, unique in both)",0x00420410
0x0041e980,std_list_check2,crt,list too long check,low,manual: one of two identical std::list length-check instances called by Settings_Parse (0x0041ea20 is the other),0x0041f790
0x0041ea20,FUN_0041ea20,crt,C++ standard library template instance,low,calls std:: helpers / throws length errors,
0x0041eac0,SL_Error,script,fatal script error,high,"identical normalised instruction shape (17 insns, unique in both)",0x00419b90
0x0041eb10,SL_Execute,script,interpreter,high,unique string 'Script '%s': Thread stack overflow.' (3 shared),0x00419be0
0x0041f130,SL_RunEvent,script,resume main or run event handler,medium,callee PF_Shoot (score 0.92),0x0041a200
0x0041f290,PF_random,script-builtin,random in [0;1]; builtin 'random',high,builtin table entry 'random',0x0041a360
0x0041f2b0,PF_crandom,script-builtin,random in [-1;1]; builtin 'crandom',high,builtin table entry 'crandom',0x0041a380
0x0041f2e0,PF_sin,script-builtin,sin of degrees; builtin 'sin',high,builtin table entry 'sin',0x0041a3b0
0x0041f300,PF_cos,script-builtin,cos of degrees; builtin 'cos',high,builtin table entry 'cos',0x0041a3d0
0x0041f320,PF_tan,script-builtin,tan of degrees; builtin 'tan',high,builtin table entry 'tan',0x0041a3f0
0x0041f340,PF_atan,script-builtin,atan (input converted from degrees; returns radians); builtin 'atan',high,builtin table entry 'atan',0x0041a410
0x0041f370,PF_atan2,script-builtin,builtin 'atan2' (new in as2),high,builtin table entry 'atan2',
0x0041f3b0,PF_abs,script-builtin,abs; builtin 'abs',high,builtin table entry 'abs',0x0041a430
0x0041f3e0,PF_min,script-builtin,min; builtin 'min',high,builtin table entry 'min',0x0041a460
0x0041f420,PF_max,script-builtin,max; builtin 'max',high,builtin table entry 'max',0x0041a4a0
0x0041f460,PF_lerp,script-builtin,lerp(t;a;b)=a+(b-a)t; builtin 'lerp',high,builtin table entry 'lerp',0x0041a4e0
0x0041f480,PF_copysign,script-builtin,builtin 'copysign' (new in as2),high,builtin table entry 'copysign',
0x0041f4b0,PF_floor,script-builtin,builtin 'floor' (new in as2),high,builtin table entry 'floor',
0x0041f4e0,PF_floor2,script-builtin,builtin 'floor2' (new in as2),high,builtin table entry 'floor2',
0x0041f510,PF_fmod,script-builtin,builtin 'fmod' (new in as2),high,builtin table entry 'fmod',
0x0041f530,PF_vec_copy,script-builtin,vec_copy(src;dst); builtin 'vec_copy',high,builtin table entry 'vec_copy',0x0041a500
0x0041f550,PF_vec_add,script-builtin,vec_add(a;b;out); builtin 'vec_add',high,builtin table entry 'vec_add',0x0041a520
0x0041f580,PF_vec_sub,script-builtin,vec_sub(a;b;out)=a-b; builtin 'vec_sub',high,builtin table entry 'vec_sub',0x0041a550
0x0041f5b0,PF_vec_ma,script-builtin,vec_ma(a;s;b;out)=a+s*b; builtin 'vec_ma',high,builtin table entry 'vec_ma',0x0041a580
0x0041f610,PF_vec_length,script-builtin,vector length; builtin 'vec_length',high,builtin table entry 'vec_length',0x0041a5e0
0x0041f660,PF_vec_norm,script-builtin,normalize in place; returns length; builtin 'vec_norm',high,builtin table entry 'vec_norm',0x0041a630
0x0041f680,PF_vec_scale,script-builtin,scale in place; builtin 'vec_scale',high,builtin table entry 'vec_scale',0x0041a650
0x0041f6b0,PF_vec_setlen,script-builtin,set vector length; builtin 'vec_setlen',high,builtin table entry 'vec_setlen',0x0041a680
0x0041f6d0,PF_vec_toyaw,script-builtin,direction to yaw degrees minus 90; builtin 'vec_toyaw',high,builtin table entry 'vec_toyaw',0x0041a6a0
0x0041f760,PF_vec_toangles,script-builtin,direction to angles; builtin 'vec_toangles',high,builtin table entry 'vec_toangles',0x0041a730
0x0041f780,PF_ClearAxis,script-builtin,reset axis to identity; builtin 'ClearAxis',high,builtin table entry 'ClearAxis',0x0041a750
0x0041f7b0,PF_AnglesToAxis,script-builtin,axis from angles; builtin 'AnglesToAxis',high,builtin table entry 'AnglesToAxis',0x0041a780
0x0041f7d0,PF_create,script-builtin,create(name;pos*): spawn object; copy angles and player index; init; one think; builtin 'create',high,builtin table entry 'create',0x0041a7a0
0x0041f9c0,PF_remove,script-builtin,remove entity (deferred); builtin 'remove',high,builtin table entry 'remove',0x0041a980
0x0041f9e0,PF_activate,script-builtin,activate entity; builtin 'activate',high,builtin table entry 'activate',0x0041a9a0
0x0041fa00,PF_deactivate,script-builtin,deactivate entity; builtin 'deactivate',high,builtin table entry 'deactivate',0x0041a9c0
0x0041fa20,PF_getentity,script-builtin,raw entity pointer to handle (+0x7B); builtin 'getentity',high,builtin table entry 'getentity',0x0041a9e0
0x0041fa40,PF_setskin,script-builtin,set entity skin; builtin 'setskin',high,builtin table entry 'setskin',0x0041aa00
0x0041fa70,PF_AttachEntity,script-builtin,attach entity to parent tag; builtin 'AttachEntity',high,builtin table entry 'AttachEntity',0x0041aa30
0x0041fae0,PF_DetachEntity,script-builtin,builtin 'DetachEntity' (new in as2),high,builtin table entry 'DetachEntity',
0x0041fb50,PF_AttachActivate,script-builtin,activate direct child by id; builtin 'AttachActivate',high,builtin table entry 'AttachActivate',0x0041aa90
0x0041fc10,PF_AttachDeactivate,script-builtin,deactivate direct child by id; builtin 'AttachDeactivate',high,builtin table entry 'AttachDeactivate',0x0041ab50
0x0041fcd0,PF_AttachCallback,script-builtin,run callback on child by id; builtin 'AttachCallback',high,builtin table entry 'AttachCallback',0x0041ac10
0x0041fe60,PF_ParentCallback,script-builtin,run callback on parent; builtin 'ParentCallback',high,builtin table entry 'ParentCallback',0x0041ada0
0x0041ff40,PF_callback,script-builtin,run callback on entity; builtin 'callback',high,builtin table entry 'callback',0x0041ae80
0x00420020,PF_move,script-builtin,origin += v*frametime; builtin 'move',high,builtin table entry 'move',0x0041af60
0x00420070,PF_movex,script-builtin,origin.x += v*frametime; builtin 'movex',high,builtin table entry 'movex',0x0041afb0
0x00420090,PF_movey,script-builtin,origin.y += v*frametime; builtin 'movey',high,builtin table entry 'movey',0x0041afd0
0x004200b0,PF_movez,script-builtin,origin.z += v*frametime; builtin 'movez',high,builtin table entry 'movez',0x0041aff0
0x004200d0,PF_rotate,script-builtin,angles += v*frametime; builtin 'rotate',high,builtin table entry 'rotate',0x0041b010
0x00420120,PF_rotatex,script-builtin,angle x += v*frametime; builtin 'rotatex',high,builtin table entry 'rotatex',0x0041b060
0x00420140,PF_rotatey,script-builtin,angle y += v*frametime; builtin 'rotatey',high,builtin table entry 'rotatey',0x0041b080
0x00420160,PF_rotatez,script-builtin,angle z += v*frametime; builtin 'rotatez',high,builtin table entry 'rotatez',0x0041b0a0
0x00420180,PF_sleep,script-builtin,latent wait (ends by timeout); builtin 'sleep',high,builtin table entry 'sleep',0x0041b0c0
0x00420190,PF_Shoot,script-builtin,Shoot(weapon;tag;dir*): spawn projectile and flash; builtin 'Shoot',high,builtin table entry 'Shoot',0x0041b0d0
0x00420630,PF_Damage,script-builtin,Damage(h;amount*g_damage_factor); builtin 'Damage',high,builtin table entry 'Damage',0x0041b550
0x004206b0,PF_RadialDamage,script-builtin,per-frame radial damage to enemies (grows with distance); builtin 'RadialDamage',high,builtin table entry 'RadialDamage',0x0041b5d0
0x00420840,PF_RadialDamagePlayer,script-builtin,builtin 'RadialDamagePlayer' (new in as2),high,builtin table entry 'RadialDamagePlayer',
0x004209b0,PF_RotateTo,script-builtin,"turn yaw/pitch toward a point (latent); builtins 'RotateTo', 'lRotateTo'",high,builtin table entry 'RotateTo',0x0041b750
0x00420c20,PF_RotateToClamp,script-builtin,"RotateTo with clamp; builtins 'RotateToClamp', 'lRotateToClamp'",high,builtin table entry 'RotateToClamp',0x0041b9c0
0x00420cc0,PF_MoveToNextWP,script-builtin,"latent path move; builtins 'MoveToNextWP', 'lMoveToNextWP'",high,builtin table entry 'MoveToNextWP',0x0041ba60
0x00420cf0,PF_RotateToNextWP,script-builtin,"latent path rotate; builtins 'RotateToNextWP', 'lRotateToNextWP'",high,builtin table entry 'RotateToNextWP',0x0041ba90
0x00420d10,PF_GetWaypointDelay,script-builtin,delay of waypoint i mod n; builtin 'GetWaypointDelay',high,builtin table entry 'GetWaypointDelay',0x0041bab0
0x00420d50,PF_TerrainHeight,script-builtin,terrain height at x;y; builtin 'TerrainHeight',high,builtin table entry 'TerrainHeight',0x0041baf0
0x00420d80,PF_WaterHeight,script-builtin,builtin 'WaterHeight' (new in as2),high,builtin table entry 'WaterHeight',
0x00420db0,PF_PlaceLight,script-builtin,add dynamic light for this frame; builtin 'PlaceLight',high,builtin table entry 'PlaceLight',0x0041bb20
0x00420dd0,PF_LockTarget,script-builtin,lock nearest enemy ahead; builtin 'LockTarget',high,builtin table entry 'LockTarget',0x0041bb40
0x00420df0,PF_IsValidTarget,script-builtin,entity alive test; builtin 'IsValidTarget',high,builtin table entry 'IsValidTarget',0x0041bb60
0x00420e20,PF_CameraQuake,script-builtin,start camera quake for 3 s; builtin 'CameraQuake',high,builtin table entry 'CameraQuake',0x0041bb90
0x00420e50,SL_FindCachedSound,script,CASH kind-3 lookup,high,"identical normalised instruction shape (59 insns, unique in both)",0x0041bbc0
0x00420ee0,PF_StartSound,script-builtin,play sound on self; builtin 'StartSound',high,builtin table entry 'StartSound',0x0041bc50
0x00420f30,PF_StopLoopingSound,script-builtin,stop self looping channel; builtin 'StopLoopingSound',high,builtin table entry 'StopLoopingSound',0x0041bca0
0x00420f60,PF_StartLoopingSound,script-builtin,start looping sound on self; builtin 'StartLoopingSound',high,builtin table entry 'StartLoopingSound',0x0041bcd0
0x00420fd0,PF_TraceLine,script-builtin,screen-space segment trace returning first hit; builtin 'TraceLine',high,builtin table entry 'TraceLine',0x0041bd40
0x00421180,PF_TraceLineDamage,script-builtin,screen-space segment damage; builtin 'TraceLineDamage',high,builtin table entry 'TraceLineDamage',0x0041bea0
0x00421310,PF_Lightning,script-builtin,beam damage to enemies within 500; builtin 'Lightning',high,builtin table entry 'Lightning',0x0041c000
0x004214a0,PF_PushPlayer,script-builtin,push player velocity away from self; builtin 'PushPlayer',high,builtin table entry 'PushPlayer',0x0041c170
0x00421550,PF_G_AddPowerUp,script-builtin,add power-ups (max 99); builtin 'G_AddPowerUp',high,builtin table entry 'G_AddPowerUp',0x0041c210
0x00421600,PF_G_GetPowerUp,script-builtin,current power-up or -1; builtin 'G_GetPowerUp',high,builtin table entry 'G_GetPowerUp',0x0041c2b0
0x00421620,PF_G_UsePowerUp,script-builtin,consume current power-up; builtin 'G_UsePowerUp',high,builtin table entry 'G_UsePowerUp',0x0041c2d0
0x00421650,PF_G_SetPowerUpCount,script-builtin,builtin 'G_SetPowerUpCount' (new in as2),high,builtin table entry 'G_SetPowerUpCount',
0x004216c0,PF_G_AddMissiles,script-builtin,add missiles (max 99); builtin 'G_AddMissiles',high,builtin table entry 'G_AddMissiles',0x0041c2f0
0x00421770,PF_G_GetMissiles,script-builtin,current missile type or -1; builtin 'G_GetMissiles',high,builtin table entry 'G_GetMissiles',0x0041c390
0x00421790,PF_G_UseMissile,script-builtin,consume current missile; builtin 'G_UseMissile',high,builtin table entry 'G_UseMissile',0x0041c3b0
0x004217c0,PF_G_GetUpgrade,script-builtin,weapon upgrade level (i<20); builtin 'G_GetUpgrade',high,builtin table entry 'G_GetUpgrade',0x0041c3d0
0x00421830,PF_G_SetUpgrade,script-builtin,set weapon upgrade level (i<20); builtin 'G_SetUpgrade',high,builtin table entry 'G_SetUpgrade',0x0041c440
0x004218b0,PF_ShowTutorialHint,script-builtin,message box with STRG text (thunk to 0x42c000); builtin 'ShowTutorialHint',high,builtin table entry 'ShowTutorialHint',0x0041c4c0
0x004218d0,PF_PlayerFreezeHealth,script-builtin,nesting invulnerability counter per player; builtin 'PlayerFreezeHealth',high,builtin table entry 'PlayerFreezeHealth',0x0041c4e0
0x00421930,PF_FreezeHealth,script-builtin,set/clear entity runtime bit 0x10; builtin 'FreezeHealth',high,builtin table entry 'FreezeHealth',0x0041c530
0x00421960,PF_PlayerDisableAction,script-builtin,disable player input and clear p_action; builtin 'PlayerDisableAction',high,builtin table entry 'PlayerDisableAction',0x0041c560
0x004219c0,PF_SetFlag,script-builtin,returns a|b; builtin 'SetFlag',high,builtin table entry 'SetFlag',0x0041c5b0
0x004219f0,PF_ClearFlag,script-builtin,returns a&~b; builtin 'ClearFlag',high,builtin table entry 'ClearFlag',0x0041c5e0
0x00421a20,PF_SetModel,script-builtin,change entity model; builtin 'SetModel',high,builtin table entry 'SetModel',0x0041c610
0x00421a50,PF_RespawnPlayer,script-builtin,respawn player helicopter; builtin 'RespawnPlayer',high,builtin table entry 'RespawnPlayer',0x0041c640
0x00421a90,PF_TerraMorph,script-builtin,builtin 'TerraMorph' (new in as2),high,builtin table entry 'TerraMorph',
0x00421ab0,PF_IsMultiplayer,script-builtin,builtin 'IsMultiplayer' (new in as2),high,builtin table entry 'IsMultiplayer',
0x00421ae0,PF_IsPlayerInGame,script-builtin,builtin 'IsPlayerInGame' (new in as2),high,builtin table entry 'IsPlayerInGame',
0x00421b20,PF_GetMapPosOfs,script-builtin,builtin 'GetMapPosOfs' (new in as2),high,builtin table entry 'GetMapPosOfs',
0x00421b40,PF_GetPlayerAccel,script-builtin,builtin 'GetPlayerAccel' (new in as2),high,builtin table entry 'GetPlayerAccel',
0x00421ba0,PF_GetPlayersDistance,script-builtin,builtin 'GetPlayersDistance' (new in as2),high,builtin table entry 'GetPlayersDistance',
0x00421c30,SL_GetExternFunc,script,builtin table lookup,high,unique string 'RespawnPlayer' (2 shared),0x0041c680
0x00421c90,SL_FindGlobal,script,globals table lookup,high,unique string 'other' (1 shared),0x0041c6e0
0x00421ce0,SL_FreeScripts,script,free loaded scripts,medium,caller of _free (score 0.92),0x0041c730
0x00421db0,SL_CreateThread,script,thread and frame allocation,high,"identical normalised instruction shape (82 insns, unique in both)",0x0041c7d0
0x00421ed0,SL_PrecacheScript,script,resolve CASH entries,medium,caller of S_RegisterSound (score 1.00),0x0041c8f0
0x00421f60,SL_LoadScript,script,RCSL loader,medium,callee G_LoadMap (score 1.00),0x0041c980
0x004223b0,S_PlayMusic,sound,start module at order,high,"identical normalised instruction shape (26 insns, unique in both)",0x0041f880
0x00422400,S_PlayChannel2D,sound,play sample 2D,high,"identical normalised instruction shape (41 insns, unique in both)",0x0041f8d0
0x00422470,S_PlayChannel3D,sound,play sample 3D,high,"identical normalised instruction shape (47 insns, unique in both)",0x0041f940
0x004224f0,S_SetVolumes,sound,sample/stream/music volume,medium,callee S_Init (score 1.00),0x0041f9c0
0x004225a0,S_Init,sound,BASS initialisation (22050 Hz; 3D factors),high,unique string '-nosound' (6 shared),0x0041fa60
0x004226d0,S_FreeAll,sound,free samples and music,high,only caller of import BASS_SampleFree,0x0041fb90
0x00422760,S_StopAll,sound,BASS_Stop and clear channels,medium,"identical shape, caller of BASS_Stop (score 1.00)",0x0041fc00
0x00422790,S_Update,sound,listener + channel positions each frame,high,only caller of import BASS_Set3DPosition,0x0041fc30
0x00422880,S_ChangeMusic,sound,load/jump music (order 35 on game over),high,"identical normalised instruction shape (59 insns, unique in both)",0x0041fd20
0x00422950,S_StartSound,sound,play sample attached to entity,high,"identical normalised instruction shape (86 insns, unique in both)",0x0041fdf0
0x00422a50,S_StartLocalSound,sound,play UI sample 2D,high,"identical normalised instruction shape (22 insns, unique in both)",0x0041fef0
0x00422a90,S_FindSound,sound,find registered sample,high,"identical normalised instruction shape (41 insns, unique in both)",0x0041ff30
0x00422af0,S_RegisterSound,sound,register sample (max 511),high,unique string 'S_RegisterSound: Too many registered sam' (1 shared),0x0041ff90
0x00422c60,COM_StripExtension,util,strip extension,high,"identical normalised instruction shape (27 insns, unique in both)",0x0041f830
0x00422cb0,UI_LoadSkinImages,ui,load image list from Settings.xml,medium,callee M_BuildMainMenu (score 0.89),0x00420100
0x00422e30,UI_FreeSkinImages,ui,free list,high,"identical normalised instruction shape (38 insns, unique in both)",0x004202c0
0x00422eb0,UI_DrawSkinImages,ui,draw list as 2D pics,medium,callee M_DrawMainMenu (score 0.76),0x00420340
0x00422f70,FUN_00422f70,ui,subsystem guessed from the neighbouring functions (ui / ui),low,address layout only,
0x00422fb0,UI_ListInsert,ui,list insert,medium,"identical shape, caller of __CxxThrowException@8 (score 1.00)",0x00420450
0x004234b0,M_ShowPortraitDialog,menu,shows a dialogue with a portrait at level start or end,low,string 'gfx\ui\portraits2.tga'; called by G_BeginLevel and PF_EndLevel; calls G_MissionComplete UI_PushMenu,
0x00423560,In_KeyName,input,key code to name,high,unique string 'BACKSPACE' (3 shared),0x00422da0
0x004236d0,M_DrawKeyBinding,menu,binding row text,high,unique string 'or %s' (1 shared),0x00422f10
0x00423a00,M_DrawControls,menu,controls menu draw,medium,manual: draw callback taken by M_ControlsMenu 0x00423ac0 ('Configure Controls' title; UI_DrawMenu),0x00423230
0x00423ac0,M_ControlsMenu,menu,key configuration menu,high,unique string 'Primary Attack' (5 shared),0x00423520
0x00423ca0,M_PageCredits,menu,info page,high,unique string 'PROGRAMMING' (3 shared),0x004288e0
0x00423d90,M_CreditsMenu,menu,menu with a Back button opened from the main menu,low,string 'Back'; called by M_MainMenuAction,
0x00423e00,UI_DrawTextItem,ui,draw text item,high,"identical normalised instruction shape (19 insns, unique in both)",0x00423740
0x00423e40,UI_LayoutItem,ui,sizes a new menu item,low,called by UI_AddItem; calls UI_InitItemRect,
0x00423f00,UI_DrawButton,ui,draws a text button of a menu,low,called by UI_DrawMenu; calls UI_DrawString,
0x00424300,UI_InitKeyItem,ui,init key-binding item (v1.70 alias: UI_InitSlider),high,"identical normalised instruction shape (34 insns, unique in both)",0x00423780
0x00424370,UI_KeyItemCapture,ui,capture key for binding (v1.70 alias: UI_SliderInput),high,"identical normalised instruction shape (102 insns, unique in both)",0x004237f0
0x004245a0,UI_DrawKeyItem,ui,draw key-binding item (v1.70 alias: UI_DrawSlider),medium,caller of R_Set2DColor (score 0.84),0x00423a20
0x00424800,UI_InitListItem,ui,init list item,high,"identical normalised instruction shape (40 insns, unique in both)",0x00423c90
0x00424870,UI_ListHelper,ui,list helper,medium,callee UI_ListClick (score 1.00),0x00423d00
0x004248a0,UI_ListClick,ui,list click,medium,caller of UI_SelectNext (score 0.90),0x00423d30
0x00424bb0,UI_DrawList,ui,draw list item,medium,caller of R_Set2DColor (score 0.79),0x00424030
0x00425020,UI_InitSpinner,ui,init spinner item,low,global shape search (score 0.89),0x004244d0
0x00425250,UI_DrawSpinner,ui,draw spinner item,medium,caller of UI_DrawString (score 0.74),0x004246e0
0x004252d0,UI_InitHeliGrid,ui,init helicopter grid,low,global shape search (score 0.92),0x004247c0
0x004253c0,UI_HeliGridClick,ui,helicopter grid click,high,"identical normalised instruction shape (87 insns, unique in both)",0x00424900
0x004254b0,UI_DrawHeliGrid,ui,draw helicopter grid,medium,caller of _memset (score 0.88),0x004249f0
0x00425d00,UI_EditHelper,ui,edit field helper,medium,callee UI_DrawEdit (score 0.92),0x00425240
0x00425d50,UI_DrawString,2d,font glyph quads (additive) with width table 0x456598,medium,callee M_DrawKeyBinding (score 0.97),0x00425290
0x00426230,UI_DrawStringCentered,ui,centred text (v1.70 alias: UI_DrawStringAlpha),medium,caller of R_Set2DColor (score 0.87),0x00425750
0x004263e0,HUD_DrawNumber,hud,8x16 grid digit font,medium,callee UI_DrawEdit (score 1.00),0x004258f0
0x00426510,UI_DrawHeliGridCell,ui,draws one cell of the helicopter grid,low,only caller UI_DrawHeliGrid; calls R_Add2DQuad,
0x00426570,UI_DrawMenu,ui,draw items and tooltip,medium,callee M_DrawMissionComplete (score 0.80),0x00425a10
0x00426ae0,UI_DrawPanel,ui,draws the decorated background panel of a menu screen,low,called by the draw callbacks of seven menus; _rand R_Add2DQuad UI_DrawString,
0x00427860,UI_EditChar,ui,edit field character input,medium,caller of _memmove (score 0.96),0x004260b0
0x00427940,UI_DrawEdit,ui,draw edit field,high,"identical normalised instruction shape (77 insns, unique in both)",0x00426190
0x00427a20,M_MissionCompleteAction,menu,mission complete buttons (Quit/Restart/Continue),medium,manual: action callback taken by M_MissionCompleteMenu 0x00427db0 (the callback order changed; identified by its calls: G_FreeLevel,0x00426270
0x00427b60,M_DrawMissionComplete,menu,stats and rank,medium,manual: only function with the 'Enemies destroyed:' / 'Stars collected:' / 'Your current rank:' strings; draw callback of M_MissionCompleteMenu,0x00426360
0x00427db0,M_MissionCompleteMenu,menu,build mission complete menu,medium,manual: menu builder whose draw callback 0x00427b60 holds the 'Enemies destroyed:' / 'Stars collected:' / 'Your current rank:' strings of M_DrawMissionComplete; button images changed,0x004267a0
0x00427f40,G_MissionComplete,game,unlock helicopter/mission and choose screen,medium,caller of M_MissionCompleteMenu (score 0.77),0x004269b0
0x00428000,M_DrawExitConfirm,menu,exit confirmation draw,medium,manual: draw callback of the quit confirmation 0x00428090 ('Are you sure you want to quit?' / 'Confirm Exit'),0x00426a70
0x00428090,M_ExitConfirmMenu,menu,exit yes/no menu,medium,manual: called by M_MainMenuAction as in v1.70; builds the quit confirmation (YES button); its draw callback 0x00428000 holds 'Are you sure you want to quit?' (the v1.70 yes/no button images are gone),0x00426c90
0x00428140,M_GameCompleteAction,menu,game complete button,medium,caller of UI_PopMenu (score 0.98),0x00426df0
0x00428190,M_GameCompleteKey,menu,game complete key,medium,"identical shape, caller of UI_MenuKey (score 1.00)",0x00426e40
0x004289c0,M_GameCompleteMenu,menu,build game complete menu,medium,caller of S_RegisterSound (score 0.69),0x004274f0
0x00428ac0,M_GameOverAction,menu,game over buttons (Restart/Quit),medium,manual: action callback taken by M_GameOverMenu 0x00428db0: restarts or leaves the level (G_FreeLevel; G_BeginLevel; M_BuildMainMenu; G_CheckHighScore),0x004275e0
0x00428b60,M_GameOverKey,menu,game over key (swallows Esc/right click),medium,manual: key callback taken by M_GameOverMenu 0x00428db0 (forwards to UI_MenuKey),0x00427640
0x00428db0,M_GameOverMenu,menu,build game-over menu,medium,callee G_GameOver (score 0.72),0x004278a0
0x00428f10,M_SpawnPreviewHeli,menu,spawns the 'player_1' object for the helicopter preview,medium,string 'player_1'; calls G_RemoveEntity G_FindObject G_InitObject,
0x00428fb0,M_HeliSelectAction,menu,action callback of the helicopter-selection menu (starts 'mission1'),medium,string 'mission1'; callback of 0x00429530; calls G_NewGame,
0x004290c0,M_DrawHeliStats,menu,draws the speed/armour bars of the selected helicopter,low,only caller M_DrawHeliSelect,
0x004291f0,M_DrawHeliSelect,menu,draw callback of the helicopter-selection menu,high,"strings 'Choose Helicopter', 'Speed:', 'Armor:', 'NOT AVAILABLE', 'gfx\ui\helicna.tga'",
0x00429530,M_HeliSelectMenu,menu,builds the helicopter/player selection menu,medium,"strings 'Player:', 'Accept', 'Start', 'Continue', 'Back'; callbacks M_DrawHeliSelect and M_HeliSelectAction",
0x004297d0,M_ShowHeliSelect,menu,opens the helicopter-selection menu,medium,string 'gfx\ui\grid.tga'; calls M_HeliSelectMenu UI_PushMenu,
0x00429890,M_PageOverview,menu,info page,high,unique string 'weapons and special devices. Your primar' (8 shared),0x00427c20
0x00429950,M_PageWeapons1,menu,info page,high,unique string '{Machine Gun}' (6 shared),0x00427ce0
0x00429bd0,M_PageWeapons2,menu,info page,high,unique string 'This highly accurate weapon uses a moder' (4 shared),0x00427f40
0x00429df0,M_PageWeapons3,menu,info page,high,unique string '{Flamethrower}' (3 shared),0x004281b0
0x00429f60,M_PageMissiles1,menu,info page,high,unique string '{Small Missiles}' (13 shared),0x00428320
0x0042a1e0,M_PageMissiles2,menu,info page,high,unique string '{M.A.D. Missiles}' (4 shared),0x00428580
0x0042a2e0,M_PageItems,menu,info page,high,unique string '{Nuclear Bomb}' (3 shared),0x00428680
0x0042a550,M_PageItems2,menu,second page of the items help (Satellite Strike; Air Support),high,"strings '{Satellite Strike}', '{Air Support}', 'ITEMS (Page 2 of 2)'",
0x0042a7b0,M_InfoPage,menu,info page frame,high,unique string 'Page:' (1 shared),0x00428c00
0x0042a880,M_InfoMenu,menu,information menu,medium,caller of M_InfoPage (score 0.98),0x00428d00
0x0042a8c0,M_InGameMenuAction,menu,in-game menu buttons (Resume/Options/Quit),medium,manual: action callback taken by M_InGameMenu 0x0042aa20 (restart; quit to main menu; options),0x00428d40
0x0042a9e0,M_DrawInGameMenu,menu,in-game menu draw (letterbox),medium,manual: draw callback taken by M_InGameMenu 0x0042aa20 (UI_DrawMenu),0x00428e10
0x0042aa20,M_InGameMenu,menu,Esc menu,low,caller of UI_AddItem (score 0.52),0x00428fa0
0x0042ab90,UI_KeyEvent,ui,key to current menu,medium,caller of UI_MenuKey (score 0.89),0x00429190
0x0042ac00,UI_UpdateHover,ui,hover update,medium,callee UI_PopMenu (score 0.99),0x00429200
0x0042acf0,UI_ItemAtCursor,ui,hit test,high,"identical normalised instruction shape (34 insns, unique in both)",0x004293d0
0x0042ad40,UI_InitItemRect,ui,item rectangle,high,"identical normalised instruction shape (41 insns, unique in both)",0x00429420
0x0042adb0,UI_AddItem,ui,add item to menu,medium,callee M_BuildMainMenu (score 0.98),0x00429490
0x0042ae90,UI_SelectNext,ui,next selectable item,high,"identical normalised instruction shape (47 insns, unique in both)",0x00429560
0x0042af10,UI_EnablePost,ui,post button enable,high,"identical normalised instruction shape (30 insns, unique in both)",0x004295e0
0x0042af60,UI_MenuKey,ui,menu keyboard navigation,medium,caller of UI_PopMenu (score 0.94),0x00429630
0x0042b1f0,UI_LoadAssets,2d,register font; menu textures and UI sounds (v1.70 alias: UI_LoadMedia),high,unique string 'gfx\ui\font.tga' (4 shared),0x004298c0
0x0042b2c0,UI_PushMenu,ui,push menu,medium,callee G_GameOver (score 0.85),0x004292f0
0x0042b340,UI_PopMenu,ui,pop menu,high,manual: unique string 'UI_PopMenu: Menu stack underflow' (the v1.70 M_ShowMainMenu inlines a copy of it),0x00429360
0x0042b3c0,UI_Frame,2d,menus; mouse cursor pics; then flush the 2D list,low,caller of R_Set2DColor (score 0.61),0x004299f0
0x0042b610,UI_DrawMenuHeader,ui,draws the animated title bar of a menu screen,low,called by eight menu draw callbacks; sin R_Add2DPic R_Add2DQuad,
0x0042b7c0,M_MainMenuAction,menu,main menu buttons,medium,callback pointer taken by M_BuildMainMenu (score 0.88),0x00429b20
0x0042b890,M_MainMenuKey,menu,main menu key,medium,"identical shape, callback pointer taken by M_BuildMainMenu (score 1.00)",0x00429bf0
0x0042b8c0,M_DrawMainMenu,menu,draw main menu,medium,manual: the remaining callback of the main-menu builder 0x0042b950 (the other two are M_MainMenuAction and M_MainMenuKey); calls UI_DrawSkinImages and UI_DrawMenu,0x00429c20
0x0042b950,M_BuildMainMenu,menu,build main menu,medium,manual: builds the main menu: called by G_Init; calls UI_AddItem and UI_LoadSkinImages; takes three callbacks of which M_MainMenuAction and M_MainMenuKey are matched,0x00429f60
0x0042bbc0,M_ShowMainMenu,menu,pop all and push main,medium,manual: calls M_BuildMainMenu then UI_PopMenu and UI_PushMenu; called by M_GameCompleteAction as in v1.70 and by the mission-complete action 0x00427a20 (G_Init now calls the builder directly),0x0042a260
0x0042bbf0,std_list_new,crt,std helper,high,"identical normalised instruction shape (11 insns, unique in both)",0x0041f720
0x0042bcd0,M_NameEntryMenu,menu,high score name entry,medium,callee G_CheckHighScore (score 0.67),0x0042a580
0x0042bda0,M_BuildResolutionList,menu,fills the resolution list of the options menu,low,string '%dx%d'; called by M_ShowOptions,
0x0042bfa0,M_FillResolutions,menu,resolution list,high,unique string 'default' (2 shared),0x0042a680
0x0042c270,FUN_0042c270,menu,subsystem guessed from the neighbouring functions (menu / menu),low,address layout only,
0x0042c350,FUN_0042c350,menu,subsystem guessed from the neighbouring functions (menu / menu),low,address layout only,
0x0042c3d0,M_OptionsHelper,menu,options helper,low,manual: callee of M_OptionsMenu as in v1.70; same 10.0 constant; similar size (194 against 290 bytes),0x0042a710
0x0042c560,M_OptionsApply,menu,options apply,medium,manual: apart from the resolution-list builder the only caller of M_FillResolutions; called from the options draw callback 0x0042c860 (v1.70: no direct caller; callback),0x0042a8e0
0x0042c690,FUN_0042c690,menu,subsystem guessed from the neighbouring functions (menu / menu),low,address layout only,
0x0042c860,M_DrawOptions,menu,options draw (runs options state update),medium,manual: draw callback taken by M_OptionsMenu 0x0042c8d0 (' Options ' title; UI_DrawMenu),0x0042abb0
0x0042c8d0,M_OptionsMenu,menu,options menu,high,unique string 'Resolution:' (10 shared),0x0042aea0
0x0042cd30,M_ShowOptions,menu,opens the options menu,medium,calls M_BuildResolutionList M_FillResolutions M_OptionsMenu UI_PushMenu; called by M_MainMenuAction and the in-game menu action,
0x0042cd60,FUN_0042cd60,menu,subsystem guessed from the neighbouring functions (menu / crt),low,address layout only,
0x0042ce90,FUN_0042ce90,menu,subsystem guessed from the neighbouring functions (menu / crt),low,address layout only,
0x0042ceb0,FUN_0042ceb0,menu,subsystem guessed from the neighbouring functions (menu / crt),low,address layout only,
0x0042cf80,FUN_0042cf80,menu,subsystem guessed from the neighbouring functions (menu / crt),low,address layout only,
0x0042cfe0,FUN_0042cfe0,menu,subsystem guessed from the neighbouring functions (menu / crt),low,address layout only,
0x0042d1ac,Catch_All@0042d1ac,crt,C runtime / compiler support (name from Ghidra function ID),high,Ghidra function ID name,
0x0042d1b8,Catch_All@0042d1b8,crt,C runtime / compiler support (name from Ghidra function ID),high,Ghidra function ID name,
0x0042d2b0,FUN_0042d2b0,crt,C++ standard library template instance,low,calls std:: helpers / throws length errors,
0x0042d330,FUN_0042d330,crt,C++ standard library template instance,low,calls std:: helpers / throws length errors,
0x0042d390,FUN_0042d390,crt,C++ standard library template instance,low,calls std:: helpers / throws length errors,
0x0042d5a0,FUN_0042d5a0,crt,C++ standard library template instance,low,calls std:: helpers / throws length errors,
0x0042d620,FUN_0042d620,crt,subsystem guessed from the neighbouring functions (crt / menu),low,address layout only,
0x0042d650,FUN_0042d650,crt,subsystem guessed from the neighbouring functions (crt / menu),low,address layout only,
0x0042d680,FUN_0042d680,crt,subsystem guessed from the neighbouring functions (crt / menu),low,address layout only,
0x0042d6d0,FUN_0042d6d0,crt,subsystem guessed from the neighbouring functions (crt / menu),low,address layout only,
0x0042d710,FUN_0042d710,crt,subsystem guessed from the neighbouring functions (crt / menu),low,address layout only,
0x0042d770,FUN_0042d770,crt,subsystem guessed from the neighbouring functions (crt / menu),low,address layout only,
0x0042d840,M_DrawStartGame,menu,Start Game draw (letterbox; starth header),medium,manual: draw callback taken by M_StartGameMenu 0x0042d8b0 ('Start Game' title; UI_DrawMenu),0x0042b470
0x0042d8b0,M_StartGameMenu,menu,start game menu (difficulty/mission/heli),high,unique string 'Difficulty:' (2 shared),0x0042b710
0x0042dc10,M_MessageBoxBuild,menu,message box build,low,manual: message-box builder (Ok button) called by the message box 0x0042dd20 as in v1.70; the apply/ok button images are gone,0x0042beb0
0x0042dd20,UI_MessageBox,ui,ShowTutorialHint/credits box,low,manual: message box reached from the tutorial-hint builtin PF_ShowTutorialHint (a thunk to it) as in v1.70; calls the message-box builder 0x0042dc10,0x0042c000
0x0042deb0,M_DrawTopScores,menu,draw top scores,high,unique string 'Score' (1 shared),0x0042c1d0
0x0042e0d0,M_TopScoresMenu,menu,top scores menu,low,callee G_InsertHighScore (score 0.52),0x0042c660
0x0042e1c0,R_Draw2DQuad,2d,draw one 2D queue entry (textured / fill / line / outline) (v1.70 alias: R_Draw2DItem),medium,manual: 2D quad drawer: only callee of the 2D pass 0x004309b0 besides the 2D mode set-up; sets transforms and render states (Direct3D 8),0x0040cee0
0x0042eed0,D3D_CreateBuffers,render,creates the vertex and index buffers and the shadow render target,high,"strings 'Could not create index buffer.', 'Could not create vertex buffer.', 'Could not create shadows render target.', 'Could not create shadows depth surface.'",
0x0042efe0,D3D_ReleaseBuffers,render,releases the Direct3D buffers,medium,called by R_Shutdown and D3D_ResetDevice,
0x0042f070,R_LockVertexBuffer,render,reserves room in the dynamic vertex buffer (32-byte vertices; discard when full),medium,calls the vertex-buffer Lock method (vtable slot 11) with discard / no-overwrite flags; called by every geometry drawer,
0x0042f0f0,R_FlushVertices,render,draws the vertices written since the last lock,medium,calls SetStreamSource SetVertexShader DrawPrimitive (Direct3D 8 device slots 83 76 70),
0x0042f200,R_LockParticleVertices,render,vertex reservation used by the particle drawer,low,only caller R_DrawParticleSystem; calls R_LockVertexBuffer,
0x0042f290,R_DrawIndexed,render,draws indexed triangles from the dynamic buffers,medium,calls SetIndices SetStreamSource SetVertexShader DrawIndexedPrimitive,
0x0042f3d0,D3D_FindTextureFormat,render,checks which texture format the device supports,medium,"calls IDirect3D8 slot 10 (CheckDeviceFormat); called by D3D_CreateBuffers, R_GenerateShadowMap and R_CreateTexture; the toolkit author calls the Gulf counterpart find_d3d_format (naming aid only)",
0x0042f4b0,D3D_FindAdapterFormat,render,checks which back-buffer format the adapter supports for the chosen mode,medium,only caller D3D_ApplyMode 0x0042f7c0; calls IDirect3D8 slot 9 (CheckDeviceType),
0x0042f570,D3D_FindDepthFormat,render,picks a depth-buffer format compatible with the display format,medium,only caller D3D_ApplyMode 0x0042f7c0; calls IDirect3D8 slots 10 and 12 (CheckDeviceFormat; CheckDepthStencilMatch),
0x0042f620,D3D_SetDefaultStates,render,sets the default render and texture-stage states after device creation or reset,medium,calls only SetRenderState and SetTextureStageState; called by GL_Init D3D_ResetDevice D3D_ApplyMode,
0x0042f750,D3D_ResetDevice,render,resets the Direct3D device (lost device) and recreates the buffers,high,string 'error: Could not reset D3D device.'; calls D3D_ReleaseBuffers D3D_CreateBuffers D3D_SetDefaultStates; called by R_EndFrame,
0x0042f7c0,D3D_ApplyMode,render,applies a window/fullscreen mode change,low,called by the window procedure and GL_Init; calls D3D_ResetDevice D3D_SetDefaultStates and the device Clear method,
0x0042f9d0,GL_Init,gl,baseline GL state (depth LEQUAL; CCW front; cull back; flat; REPEAT; MODULATE),high,unique string 'renderer   : %s' (1 shared),0x00412220
0x0042fb50,GL_SetBlendMode,gl,blend state cache: 1 alpha / 2 add (fog black) / 3 filter (fog white) / 4 2x modulate (v1.70 alias: GL_SetBlend),low,manual: Direct3D 8 rewrite of the blend-state switch: called by every draw routine that called GL_SetBlendMode (sprites; particles; models; 2D; shadows); calls only the device SetRenderState method,0x00412be0
0x0042fd30,R_SetupFog,frame,linear fog colour/start/end and clear colour (v1.70 alias: R_SetFog),low,manual: callee of G_BeginLevel at the same call position; Direct3D fog set-up replaces the OpenGL glFog calls,0x0040d2a0
0x0042fe80,R_DrawSprites,sprite,build billboard matrix from view axes and draw sprite list,medium,callee R_RenderView (score 0.66),0x0040d7a0
0x0042ff70,R_DrawGroundPass,render,a draw pass of R_RenderView between the frustum set-up and the marks (new in AS2),low,called by R_RenderView; calls GL_SetBlendMode R_SetTextureStage R_DrawTriangleList; 255 constant,
0x004300e0,R_DrawMark,decal,draws one mark (decal),low,only caller R_DrawMarks; calls R_SetTextureStage R_LockVertexBuffer R_FlushVertices,
0x00430280,R_DrawMarks,decal,draw mark display lists with polygon offset and no depth write,low,manual: callee of R_RenderView 0x00430a20 at the same position (after the frustum set-up); same size (185 against 187 bytes),0x0040d860
0x00430340,R_DrawBlobShadow,shadow,type 4 flat quad at terrain height (unreachable from data) (v1.70 alias: R_DrawPlanarShadow),medium,caller of R_TerrainHeight (score 0.63),0x0040d920
0x00430440,R_DrawShadows,shadow,shadow pass over opaque and trans lists,low,callee R_RenderView (score 0.55),0x0040db20
0x004305f0,R_AddPointLight,light,add dynamic point light (max 32 per frame) (v1.70 alias: R_AddDynamicLight),high,"identical normalised instruction shape (30 insns, unique in both)",0x0040dd00
0x00430670,R_AddSpotLight,light,add spot light with cos(0.5*angle) outer and cos(0.4*angle) inner,high,"identical normalised instruction shape (49 insns, unique in both)",0x0040dd80
0x00430740,R_AddEntityToScene,frame,copy render record into opaque/trans/effect/sprite/mark list (v1.70 alias: R_AddEntity),high,"identical normalised instruction shape (86 insns, unique in both)",0x0040de50
0x00430880,R_Set2DMode,2d,ortho 0..800 x 600..0; depth test off; default alpha blend,medium,manual: only callee of the 2D pass; same 800/600 and -99999/99999 orthographic constants,0x0040df90
0x004309b0,R_Draw2DList,2d,no-view path: 2D mode then draw the 2D queue (v1.70 alias: R_Render2DOnly),medium,manual: 2D pass: callee of R_RenderView 0x00430a20 and of the loading/intro/menu frames; calls the 2D mode set-up and the quad drawer,0x0040e070
0x00430a20,R_RenderView,frame,scene render: projection/view; terrain; marks; shadows; lists; particles; sprites; 2D,medium,manual: called by G_Frame and G_BeginLevel and by the menu-model draw; calls R_SetFrustum and R_DrawParticles and ends in the 2D pass; same 1000/2000/4 constants; the statistics overlay whose strings made 0x0040aa40 look like the counterpart is now a separate function,0x0040e0d0
0x00430e00,R_ClearScreen,render,clears the back buffer,medium,calls only the device Clear method; called by R_RenderMenuModel,
0x00430e50,R_BeginFrame,frame,swap interval from WaitVSync then clear depth and colour,medium,manual: called by SCR_DrawLoading G_IntroFrame G_Frame; the only one of the two frame brackets that calls the device BeginScene and Clear methods (Direct3D 8 vtable slots 34 and 36),0x0040e690
0x00430eb0,R_DrawFadeOverlay,render,draws the full-screen fade at the end of a frame,medium,called by R_EndFrame; 800/600 constants; render states and R_FlushVertices,
0x00431110,R_EndFrame,frame,brightness quad (DST_COLOR/SRC_COLOR) then SwapBuffers,medium,manual: called by SCR_DrawLoading G_IntroFrame G_Frame; calls the device EndScene method (vtable slot 35) and the screen-fade drawer 0x00430eb0 (v1.70 draws the fade quad inside R_EndFrame),0x0040e6f0
0x00431170,R_GetViewMatrices,cull,reads back the view/projection transforms and the viewport,medium,calls GetTransform and GetViewport; called by R_SetFrustum,
0x004311e0,R_AllocDecal,decal,allocates a decal record,low,called by R_BuildDecalList; _malloc,
0x00431240,R_ClipTriangleToRect,decal,clip one terrain triangle to a rectangle and emit it with s/t (v1.70 alias: R_ClipShadowToTerrain),medium,callee R_BuildDecalList (score 0.74),0x0040e840
0x00431ef0,R_BuildDecalList,decal,display list of terrain triangles clipped to an axis-aligned rectangle (v1.70 alias: R_BuildProjectedShadow),medium,callee R_BuildProjectedShadowList (score 0.89),0x0040f070
0x00432120,R_BuildProjectedShadowList,shadow,static shadow display list at spawn for projected shadows (v1.70 alias: R_BakeEntityShadow),high,"identical normalised instruction shape (28 insns, unique in both)",0x0040f2a0
0x00432180,R_ClipTriangleToRotatedRect,shadow,Sutherland-Hodgman against four edge lines with texcoords (v1.70 alias: R_ProjectShadowTris),medium,callee R_DrapeRotatedRect (score 0.62),0x0040f300
0x00432b80,R_DrapeRotatedRect,shadow,clip terrain cells against a rotated rectangle and emit decal triangles (v1.70 alias: R_DrawProjectedShadowDyn),medium,caller of FUN_0042eaf0 (score 0.78),0x0040f8c0
0x00433180,R_DrawPlanarShadow,shadow,type 7 bind shadow texture and drape rotated rectangle (v1.70 alias: R_DrawDynamicShadow),medium,caller of R_DrapeRotatedRect (score 0.82),0x0040fde0
0x004331f0,R_DrawTriangleList,render,copies a prepared triangle list into the vertex buffer and draws it,medium,calls R_LockVertexBuffer _memcpy R_FlushVertices; called by R_DrawShadows and R_DrawGroundPass,
0x00433260,R_DrawLightning,effect,two crossed additive quads with gfx\lightning2.tga,low,callee R_DrawModel (score 0.53),0x0040fe60
0x004336f0,R_DrawDebugLine,effect,additive white GL_LINES for render flag 0x4000 (no setter found) (v1.70 alias: R_DrawBeam),low,manual: callee of the model pass; same size (258 against 261 bytes); line drawing through Direct3D render states,0x00410270
0x00433800,R_LightModel,light,six-slot ambient cube from sun plus dynamic lights; per-normal weights (v1.70 alias: R_LightEntity),medium,callee R_DrawModel (score 0.90),0x00410530
0x00433e60,R_SetupModelLight,model,model-pass helper,low,only caller R_DrawModel; 0.5 constant,
0x00433f40,R_DrawModel,model,draw TYPE_MODEL record with rflag state; lighting; env map (v1.70 alias: R_DrawEntityModel),medium,manual: model pass: callee of R_RenderView; calls R_DrawLightning and R_LightModel as in v1.70; 0.001 constant,0x00410ac0
0x00435070,R_DrawParticleSystem,particle,one quad per live particle; coords modes; draw modes; frame cell (v1.70 alias: P_DrawEmitter),medium,caller of GL_SetBlendMode (score 0.68),0x00413a50
0x00435970,R_DrawParticles,particle,depth mask off and draw every live instance (v1.70 alias: P_DrawEmitters),medium,callee R_RenderView (score 0.79),0x004149c0
0x004359d0,GL_Bind,gl,bind texture index through the one-slot cache,low,manual: Direct3D 8 counterpart of the texture bind: the only small function that calls the device SetTexture method (vtable slot 61),0x004184b0
0x00435a30,GL_DisableEnvMap,material,disable texgen and unit 1 and reset texture matrices (v1.70 alias: GL_ResetTexGen),low,manual: texture-stage reset called by the model pass after the environment-map stage; sets texture-stage states only,0x00412b70
0x00435ad0,R_SetTextureStage,render,binds a texture and sets the colour/alpha operations of a texture stage,medium,calls GL_Bind (SetTexture) and the device SetTextureStageState method; 16 callers among the drawers,
0x00435bf0,R_Setup2DStages,2d,texture-stage set-up for 2D drawing,low,only caller R_Draw2DQuad; SetTextureStageState,
0x00435e70,GL_SetupEnvMap,material,sphere-map texgen and combine per ENV_GLITTER/CHROME/QUAD (v1.70 alias: GL_SetEnvMode),low,manual: environment-map stage set-up called by the model pass; sets texture-stage states and the texture transform; 30.0 constant as in v1.70,0x004127e0
0x004362a0,R_SetupTerrainStages,terrain,texture-stage set-up for the terrain (base and detail textures),low,only caller R_DrawTerrain; SetTextureStageState,
0x00436440,R_SetupWaterStages,terrain,texture-stage and texture-transform set-up for the water (wave animation),low,only caller R_DrawWater; sin; 0.4/0.5 constants of the v1.70 water drawer,
0x004366f0,R_GenerateShadowMap,shadow,render silhouette; add 0.6; read back; box filter; RGBA(114;255-R) (v1.70 alias: R_BuildShadowTexture),medium,callee R_RegisterShadow (score 0.74),0x00414a70
0x004371e0,R_DrawSprite,sprite,SPRITE billboard / HSPRITE XY quad / VSPRITE XZ quad with frame grid,low,callee R_DrawSprites (score 0.61),0x0040d370
0x004377d0,R_DrawTerrainPatch,terrain,draws one terrain patch,low,called by R_DrawTerrain; calls GL_SetBlendMode R_SetTextureStage R_LockVertexBuffer R_FlushVertices,
0x00437c60,R_DrawTerrain,terrain,terrain draw incl. per-vertex dynamic lights (boundary: hmap.md) (v1.70 alias: R_DrawTerrainNode),medium,manual: recursive terrain node drawer: calls itself and R_CullBox; four 1280 constants as in v1.70,0x00415730
0x00437f80,R_DrawTerrainPass,terrain,terrain pass wrapper (boundary: hmap.md) (v1.70 alias: R_DrawTerrain),medium,manual: first draw call of R_RenderView 0x00430a20; same -99999/99999 constants; calls the terrain node drawer 0x00437c60; the detail-texture set-up is inlined,0x00416020
0x00438070,R_FindTexture,texture,case-sensitive name lookup in the texture registry,medium,callee R_RegisterTexture (score 0.69),0x00418c80
0x004380e0,R_LoadTextureFile,texture,copy name; replace extension by .tga; load (v1.70 alias: R_LoadImage),medium,manual: called by R_RegisterTexture and R_RegisterPic; strips the extension and opens the image file; now loads it through the statically linked D3DX loader 0x00450177 (the OpenGL upload GL_UploadTexture has no separate counterpart),0x004189d0
0x00438260,R_ShadowMapHelper,shadow,shadow-map helper,low,only caller R_GenerateShadowMap,
0x00438310,R_CreateTexture,texture,creates a Direct3D texture from a generated image with mip levels,medium,calls the device CreateTexture method,
0x004384b0,R_RegisterTexture,texture,find or load a mipmapped texture (v1.70 alias: R_RegisterPic),medium,callee PF_setskin (score 0.66),0x00418cf0
0x00438550,R_RegisterPic,texture,find or load a texture without mipmaps (GL_LINEAR) (v1.70 alias: R_RegisterPicUI),medium,callee CL_LoadHudAssets (score 0.72),0x00418d60
0x004385f0,R_FreeTextures,texture,delete all GL textures and clear the registry,low,manual: texture table clear called by the two renderer free functions 0x00417e30 (shutdown) and 0x00417e90 (level change) that v1.70 called individually,0x00418dd0
0x00438650,R_DrawWaterSurface,terrain,draws the water geometry,low,only caller R_DrawWater; R_LockVertexBuffer R_FlushVertices,
0x00438860,R_DrawWater,terrain,water quad (boundary: hmap.md),low,manual: callee of R_RenderView after the model pass as in v1.70; 3.14159 and 0.1 constants; the wave set-up (0.4/0.5 constants and sin call) moved to 0x00436440,0x004160d0
0x004388f0,XML_FreeString,settings,XML helper,low,manual: identical 7-instruction shape (frees one string); called from an exception-unwind funclet as in v1.70,0x0042c7f0
0x00438900,XML_Parse,settings,XML parse,high,"identical normalised instruction shape (87 insns, unique in both)",0x0042c800
0x00438a00,XML_FreeTree,settings,XML helper,medium,"identical shape, callee XML_ParseNode (score 1.00)",0x0042c900
0x00438a20,XML_ParseNode,settings,XML node,medium,callee XML_Parse (score 1.00),0x0042c920
0x00438db0,XML_FreeNode,settings,XML helper,medium,callee XML_ParseNode (score 0.95),0x0042cc70
0x00438de0,XML_NewNode,settings,XML helper,medium,caller of operator_new (score 0.90),0x0042cc90
0x00438e40,FUN_00438e40,settings,subsystem guessed from the neighbouring functions (settings / settings),low,address layout only,
0x00438e50,XML_FreeChildren,settings,recursive XML free,medium,callee XML_Parse (score 1.00),0x0042ccf0
0x00438f00,XML_Stub1,settings,4-byte stub,low,manual: first of three 4-byte stubs at the same place in the XML module (between XML_FreeChildren and XML_Helper) as in v1.70,0x0042cda0
0x00438f10,XML_Stub2,settings,4-byte stub,low,manual: second of three 4-byte stubs at the same place in the XML module as in v1.70,0x0042cdb0
0x00438f20,XML_Stub3,settings,4-byte stub,low,manual: third of three 4-byte stubs at the same place in the XML module as in v1.70,0x0042cdc0
0x00438f30,XML_Helper,settings,XML helper,high,"identical normalised instruction shape (43 insns, unique in both)",0x0042cdd0
0x00438f90,XML_GetAttribute,settings,attribute lookup,medium,caller of XML_FindAttribute (score 0.82),0x0042cee0
0x00438fc0,XML_GetAttributeInt,settings,attribute as int,medium,caller of _atol (score 0.88),0x0042cf10
0x00438ff0,XML_GetAttributeFloat,settings,attribute as float,medium,caller of _atof (score 0.83),0x0042cf40
0x00439030,XML_FindAttribute,settings,attribute search,medium,callee XML_ParseNode (score 0.96),0x0042d0e0
0x00439090,XML_NewString,settings,XML helper,high,"identical normalised instruction shape (24 insns, unique in both)",0x0042d190
0x004390e0,XML_Free1,settings,XML helper,low,only unmatched function with the same matched callers (Unwind@004441a0) (score 1.00),0x0042d1e0
0x004390f0,XML_Free2,settings,XML helper,low,manual: identical 7-instruction shape (frees one buffer); called from an exception-unwind funclet as in v1.70,0x0042d1f0
0x00439100,XML_Tokenize,settings,XML tokenizer,medium,callee XML_Parse (score 0.80),0x0042d200
0x00439290,XML_Helper2,settings,XML helper,medium,"identical shape, callee XML_ParseNode (score 1.00)",0x0042d3f0
0x004392a0,XML_CopyString,settings,XML helper,high,"identical normalised instruction shape (31 insns, unique in both)",0x0042d400
0x004392f2,BASS_Start,sound,import thunk (BASS.DLL),high,same library/thunk name 'BASS_Start' (Ghidra function ID),0x0042d45e
0x004392f8,BASS_SampleLoad,sound,import thunk (BASS.DLL),high,same library/thunk name 'BASS_SampleLoad' (Ghidra function ID),0x0042d464
0x004392fe,BASS_MusicFree,sound,import thunk (BASS.DLL),high,same library/thunk name 'BASS_MusicFree' (Ghidra function ID),0x0042d46a
0x00439304,BASS_SampleGetChannel,sound,import thunk (BASS.DLL),high,same library/thunk name 'BASS_SampleGetChannel' (Ghidra function ID),0x0042d470
0x0043930a,BASS_SampleSetInfo,sound,import thunk (BASS.DLL),high,same library/thunk name 'BASS_SampleSetInfo' (Ghidra function ID),0x0042d476
0x00439310,BASS_SetEAXParameters,sound,import thunk (BASS.DLL),high,same library/thunk name 'BASS_SetEAXParameters' (Ghidra function ID),0x0042d47c
0x00439316,BASS_Apply3D,sound,import thunk (BASS.DLL),high,same library/thunk name 'BASS_Apply3D' (Ghidra function ID),0x0042d482
0x0043931c,BASS_Update,sound,import thunk (BASS.DLL),high,same library/thunk name 'BASS_Update' (Ghidra function ID),0x0042d488
0x00439322,BASS_Pause,sound,import thunk (BASS.DLL),high,same library/thunk name 'BASS_Pause' (Ghidra function ID),0x0042d48e
0x00439328,BASS_ChannelSetPosition,sound,import thunk (BASS.DLL),high,same library/thunk name 'BASS_ChannelSetPosition' (Ghidra function ID),0x0042d494
0x0043932e,BASS_MusicGetLength,sound,import thunk (BASS.DLL),high,same library/thunk name 'BASS_MusicGetLength' (Ghidra function ID),0x0042d49a
0x00439334,BASS_Stop,sound,import thunk (BASS.DLL),high,same library/thunk name 'BASS_Stop' (Ghidra function ID),0x0042d4a0
0x0043933a,BASS_ChannelStop,sound,import thunk (BASS.DLL),high,same library/thunk name 'BASS_ChannelStop' (Ghidra function ID),0x0042d4a6
0x00439340,BASS_MusicLoad,sound,import thunk (BASS.DLL),high,same library/thunk name 'BASS_MusicLoad' (Ghidra function ID),0x0042d4ac
0x00439346,BASS_Free,sound,import thunk (BASS.DLL),high,same library/thunk name 'BASS_Free' (Ghidra function ID),0x0042d4b2
0x0043934c,BASS_GetVersion,sound,import thunk (BASS.DLL),high,same library/thunk name 'BASS_GetVersion' (Ghidra function ID),0x0042d4b8
0x00439352,BASS_SampleGetInfo,sound,import thunk (BASS.DLL),high,same library/thunk name 'BASS_SampleGetInfo' (Ghidra function ID),0x0042d4be
0x00439358,BASS_ChannelGetInfo,sound,import thunk (BASS.DLL),high,same library/thunk name 'BASS_ChannelGetInfo' (Ghidra function ID),0x0042d4c4
0x0043935e,BASS_ChannelSetAttributes,sound,import thunk (BASS.DLL),high,same library/thunk name 'BASS_ChannelSetAttributes' (Ghidra function ID),0x0042d4ca
0x00439364,BASS_SetConfig,sound,import thunk (BASS.DLL),high,same library/thunk name 'BASS_SetConfig' (Ghidra function ID),0x0042d4d0
0x0043936a,BASS_ChannelSetFlags,sound,import thunk (BASS.DLL),high,same library/thunk name 'BASS_ChannelSetFlags' (Ghidra function ID),0x0042d4d6
0x00439370,BASS_SampleFree,sound,import thunk (BASS.DLL),high,same library/thunk name 'BASS_SampleFree' (Ghidra function ID),0x0042d4dc
0x00439376,BASS_ChannelPlay,sound,import thunk (BASS.DLL),high,same library/thunk name 'BASS_ChannelPlay' (Ghidra function ID),0x0042d4e2
0x0043937c,BASS_Init,sound,import thunk (BASS.DLL),high,same library/thunk name 'BASS_Init' (Ghidra function ID),0x0042d4e8
0x00439382,BASS_ChannelSet3DPosition,sound,import thunk (BASS.DLL),high,same library/thunk name 'BASS_ChannelSet3DPosition' (Ghidra function ID),0x0042d4ee
0x00439388,BASS_Set3DFactors,sound,import thunk (BASS.DLL),high,same library/thunk name 'BASS_Set3DFactors' (Ghidra function ID),0x0042d4f4
0x0043938e,BASS_Set3DPosition,sound,import thunk (BASS.DLL),high,same library/thunk name 'BASS_Set3DPosition' (Ghidra function ID),0x0042d4fa
0x00439394,BASS_ChannelIsActive,sound,import thunk (BASS.DLL),high,same library/thunk name 'BASS_ChannelIsActive' (Ghidra function ID),0x0042d500
0x004393a5,FUN_004393a5,crt,counterpart of the unnamed v1.70 function FUN_0042d511,medium,"identical shape, caller of IntroPage_dtor2 (score 1.00)",0x0042d511
0x004393c7,FUN_004393c7,crt,counterpart of the unnamed v1.70 function FUN_0042d533,high,unique string 'string too long' (1 shared),0x0042d533
0x00439406,FUN_00439406,crt,counterpart of the unnamed v1.70 function FUN_0042d572,high,unique string 'invalid string position' (1 shared),0x0042d572
0x0043945d,operator_new,crt,v1.70 export name (library),medium,"identical shape, callee Settings_Load (score 1.00)",0x0042d5c9
0x00439462,@__security_check_cookie@4,crt,v1.70 export name (library),medium,"identical shape, callee P_LoadParticleFiles (score 1.00)",0x0042d5ce
0x00439471,_memmove_s,crt,v1.70 export name (library),high,same library/thunk name '_memmove_s' (Ghidra function ID),0x0042e46e
0x004394cc,_sprintf,crt,v1.70 export name (library),high,same library/thunk name '_sprintf' (Ghidra function ID),0x0042e186
0x00439547,FUN_00439547,crt,counterpart of the unnamed v1.70 function FUN_0042e4c9,medium,"identical shape, callee std_logic_error_ctor (score 1.00)",0x0042e4c9
0x00439558,exception,crt,v1.70 export name (library),high,"identical normalised instruction shape (33 insns, unique in both)",0x0042e4da
0x004395a6,exception_4395a6,crt,v1.70 export name (library),medium,"identical shape, callee bad_alloc (score 1.00)",0x0042e528
0x004395be,exception_4395be,crt,v1.70 export name (library),high,"identical normalised instruction shape (38 insns, unique in both)",0x0042e540
0x00439616,~exception,crt,v1.70 export name (library),high,same library/thunk name '~exception' (Ghidra function ID),0x0042e598
0x0043962c,FUN_0043962c,crt,counterpart of the unnamed v1.70 function FUN_0042e5ae,high,unique string 'Unknown exception' (1 shared),0x0042e5ae
0x00439639,FUN_00439639,crt,C runtime (unnamed),low,address range of the runtime and library code,
0x00439655,_vscan_fn,crt,v1.70 export name (library),high,same library/thunk name '_vscan_fn' (Ghidra function ID),0x0042efd4
0x004396bd,FID_conflict:_sscanf,crt,v1.70 export name,high,"identical normalised instruction shape (11 insns, unique in both)",0x0042f03c
0x004396dc,_atol,crt,v1.70 export name (library),medium,"identical shape, callee ___ansicp (score 1.00)",0x0042e3a1
0x004396ed,_atol_4396ed,crt,v1.70 export name (library),medium,"identical shape, callee G_ParseLevel (score 1.00)",0x0042e3b2
0x004396f2,__onexit_nolock,crt,v1.70 export name (library),high,same library/thunk name '__onexit_nolock' (Ghidra function ID),0x0042e5d7
0x004397ce,__onexit,crt,v1.70 export name (library),high,same library/thunk name '__onexit' (Ghidra function ID),0x0042e6b3
0x00439804,FUN_00439804,crt,counterpart of the unnamed v1.70 function FUN_0042e6e9,medium,"identical shape, callee __onexit (score 1.00)",0x0042e6e9
0x0043980a,_atexit,crt,v1.70 export name (library),high,same library/thunk name '_atexit' (Ghidra function ID),0x0042e6ef
0x0043981c,FUN_0043981c,crt,counterpart of the unnamed v1.70 function FUN_0042e701,medium,"identical shape, callee __init_pointers (score 1.00)",0x0042e701
0x00439826,__invoke_watson,crt,v1.70 export name (library),high,same library/thunk name '__invoke_watson' (Ghidra function ID),0x0042e70b
0x00439922,__invalid_parameter,crt,v1.70 export name (library),high,same library/thunk name '__invalid_parameter' (Ghidra function ID),0x0042e807
0x00439946,FUN_00439946,crt,counterpart of the unnamed v1.70 function FUN_0042e82b,medium,"identical shape, callee Intro_ClearPages (score 1.00)",0x0042e82b
0x00439956,_free,crt,v1.70 export name (library),medium,"identical shape, callee XML_FreeString (score 1.00)",0x0042e865
0x0043995b,_memcpy_s,crt,v1.70 export name (library),high,same library/thunk name '_memcpy_s' (Ghidra function ID),0x0042e86a
0x004399d6,_LocaleUpdate,crt,v1.70 export name (library),high,same library/thunk name '_LocaleUpdate' (Ghidra function ID),0x0042dfc6
0x00439a58,__atof_l,crt,v1.70 export name (library),high,same library/thunk name '__atof_l' (Ghidra function ID),0x0042e3b7
0x00439b01,_atof,crt,v1.70 export name (library),high,same library/thunk name '_atof' (Ghidra function ID),0x0042e460
0x00439b0f,~type_info,crt,v1.70 export name (library),high,same library/thunk name '~type_info' (Ghidra function ID),0x0042e8e5
0x00439b1d,`scalar_deleting_destructor',crt,v1.70 export name,medium,"identical shape, caller of ~type_info (score 1.00)",0x0042e8f3
0x00439b39,operator==,crt,v1.70 export name (library),high,same library/thunk name 'operator==' (Ghidra function ID),0x0042e90f
0x00439b54,__amsg_exit,crt,v1.70 export name (library),high,same library/thunk name '__amsg_exit' (Ghidra function ID),0x0042eccc
0x00439b78,FUN_00439b78,crt,counterpart of the unnamed v1.70 function FUN_0042ecf0,high,unique string 'CorExitProcess' (2 shared),0x0042ecf0
0x00439b9e,___crtExitProcess,crt,v1.70 export name (library),high,only caller of import ExitProcess,0x0042ed16
0x00439bb3,FUN_00439bb3,crt,counterpart of the unnamed v1.70 function FUN_0042ed2b,medium,"identical shape, callee __onexit (score 1.00)",0x0042ed2b
0x00439bbc,FUN_00439bbc,crt,counterpart of the unnamed v1.70 function FUN_0042ed34,medium,"identical shape, callee FUN_0042e6e9 (score 1.00)",0x0042ed34
0x00439bc5,__initterm,crt,v1.70 export name (library),high,same library/thunk name '__initterm' (Ghidra function ID),0x0042ed3d
0x00439bdd,__initterm_e,crt,v1.70 export name (library),high,same library/thunk name '__initterm_e' (Ghidra function ID),0x0042ed55
0x00439bfd,__get_osplatform,crt,v1.70 export name (library),high,same library/thunk name '__get_osplatform' (Ghidra function ID),0x0042ed75
0x00439c34,__get_winmajor,crt,v1.70 export name (library),high,same library/thunk name '__get_winmajor' (Ghidra function ID),0x0042edac
0x00439c70,__cinit,crt,v1.70 export name (library),high,same library/thunk name '__cinit' (Ghidra function ID),0x0042ede8
0x00439d02,_doexit,crt,v1.70 export name (library),high,same library/thunk name '_doexit' (Ghidra function ID),0x0042ee7a
0x00439dbb,FUN_00439dbb,crt,counterpart of the unnamed v1.70 function FUN_0042ef33,medium,"identical shape, callee _doexit (score 1.00)",0x0042ef33
0x00439dd0,_exit,crt,v1.70 export name (library),high,same library/thunk name '_exit' (Ghidra function ID),0x0042ef48
0x00439de1,__exit,crt,v1.70 export name (library),high,same library/thunk name '__exit' (Ghidra function ID),0x0042ef59
0x00439df2,__cexit,crt,v1.70 export name (library),high,same library/thunk name '__cexit' (Ghidra function ID),0x0042ef6a
0x00439e10,__init_pointers,crt,v1.70 export name (library),high,same library/thunk name '__init_pointers' (Ghidra function ID),0x0042ef88
0x00439e5c,bad_alloc,crt,v1.70 export name (library),high,same library/thunk name 'bad_alloc' (Ghidra function ID),0x0042e92a
0x00439e75,operator_new_439e75,crt,v1.70 export name (library),high,"identical normalised instruction shape (34 insns, unique in both)",0x0042e943
0x00439edf,__vsprintf_l,crt,v1.70 export name (library),high,same library/thunk name '__vsprintf_l' (Ghidra function ID),0x0042ec39
0x00439f5b,_vsprintf,crt,v1.70 export name (library),high,same library/thunk name '_vsprintf' (Ghidra function ID),0x0042ecb5
0x00439f72,_feof,crt,v1.70 export name (library),high,same library/thunk name '_feof' (Ghidra function ID),0x0042f5b5
0x00439fa1,_free_439fa1,crt,v1.70 export name (library),high,"identical normalised instruction shape (44 insns, unique in both)",0x0042e201
0x00439ff7,FUN_00439ff7,crt,counterpart of the unnamed v1.70 function FUN_0042e257,medium,"identical shape, callee _free (score 1.00)",0x0042e257
0x0043a02f,_V6_HeapAlloc,crt,v1.70 export name (library),high,same library/thunk name '_V6_HeapAlloc' (Ghidra function ID),0x0042e28f
0x0043a075,FUN_0043a075,crt,counterpart of the unnamed v1.70 function FUN_0042e2d5,medium,"identical shape, callee _V6_HeapAlloc (score 1.00)",0x0042e2d5
0x0043a07e,_malloc,crt,v1.70 export name (library),high,same library/thunk name '_malloc' (Ghidra function ID),0x0042e2de
0x0043a150,FUN_0043a150,crt,counterpart of the unnamed v1.70 function FUN_0042df40,high,"identical normalised instruction shape (69 insns, unique in both)",0x0042df40
0x0043a1d6,__fsopen,crt,v1.70 export name (library),high,same library/thunk name '__fsopen' (Ghidra function ID),0x0042d5dd
0x0043a290,FUN_0043a290,crt,counterpart of the unnamed v1.70 function FUN_0042d697,medium,"identical shape, callee __fsopen (score 1.00)",0x0042d697
0x0043a29a,_fopen,crt,v1.70 export name (library),high,same library/thunk name '_fopen' (Ghidra function ID),0x0042d6a1
0x0043a2ad,__fread_nolock_s,crt,v1.70 export name (library),high,same library/thunk name '__fread_nolock_s' (Ghidra function ID),0x0042d6b4
0x0043a443,_fread_s,crt,v1.70 export name (library),high,same library/thunk name '_fread_s' (Ghidra function ID),0x0042d84a
0x0043a500,FUN_0043a500,crt,counterpart of the unnamed v1.70 function FUN_0042d907,medium,"identical shape, callee _fread_s (score 1.00)",0x0042d907
0x0043a50a,_fread,crt,v1.70 export name (library),high,same library/thunk name '_fread' (Ghidra function ID),0x0042d911
0x0043a525,__fseek_nolock,crt,v1.70 export name (library),high,same library/thunk name '__fseek_nolock' (Ghidra function ID),0x0042f475
0x0043a5ac,_fseek,crt,v1.70 export name (library),high,same library/thunk name '_fseek' (Ghidra function ID),0x0042f4fc
0x0043a627,FUN_0043a627,crt,counterpart of the unnamed v1.70 function FUN_0042f577,medium,"identical shape, callee _fseek (score 1.00)",0x0042f577
0x0043a631,__fclose_nolock,crt,v1.70 export name (library),high,same library/thunk name '__fclose_nolock' (Ghidra function ID),0x0042dad3
0x0043a6a4,_fclose,crt,v1.70 export name (library),high,same library/thunk name '_fclose' (Ghidra function ID),0x0042db46
0x0043a718,FUN_0043a718,crt,counterpart of the unnamed v1.70 function FUN_0042dbba,medium,"identical shape, callee _fclose (score 1.00)",0x0042dbba
0x0043a720,__fwrite_nolock,crt,v1.70 export name (library),high,same library/thunk name '__fwrite_nolock' (Ghidra function ID),0x0042d92c
0x0043a83a,_fwrite,crt,v1.70 export name (library),high,same library/thunk name '_fwrite' (Ghidra function ID),0x0042da46
0x0043a8bd,FUN_0043a8bd,crt,counterpart of the unnamed v1.70 function FUN_0042dac9,medium,"identical shape, callee _fwrite (score 1.00)",0x0042dac9
0x0043a8d0,_memmove,crt,v1.70 export name (library),high,same library/thunk name '_memmove' (Ghidra function ID),0x0042dbd0
0x0043ac35,__tolower_l,crt,v1.70 export name (library),high,same library/thunk name '__tolower_l' (Ghidra function ID),0x0042e048
0x0043ad4c,_tolower,crt,v1.70 export name (library),high,same library/thunk name '_tolower' (Ghidra function ID),0x0042e15f
0x0043ad73,__purecall,crt,v1.70 export name (library),high,same library/thunk name '__purecall' (Ghidra function ID),0x0042e83b
0x0043ad9d,FUN_0043ad9d,crt,counterpart of the unnamed v1.70 function FUN_0042f586,medium,"identical shape, callee Sys_Init (score 1.00)",0x0042f586
0x0043adaa,_rand,crt,v1.70 export name (library),high,same library/thunk name '_rand' (Ghidra function ID),0x0042f593
0x0043adcc,_fprintf,crt,v1.70 export name (library),high,same library/thunk name '_fprintf' (Ghidra function ID),0x0042f05b
0x0043af11,FUN_0043af11,crt,counterpart of the unnamed v1.70 function FUN_0042f1a0,medium,"identical shape, callee _fprintf (score 1.00)",0x0042f1a0
0x0043af20,_strncat,crt,v1.70 export name (library),high,same library/thunk name '_strncat' (Ghidra function ID),0x0042e9b0
0x0043b055,_printf,crt,v1.70 export name (library),high,same library/thunk name '_printf' (Ghidra function ID),0x0042f1aa
0x0043b0f1,FUN_0043b0f1,crt,counterpart of the unnamed v1.70 function FUN_0042f246,medium,"identical shape, callee _printf (score 1.00)",0x0042f246
0x0043b104,__get_printf_count_output,crt,v1.70 export name (library),high,same library/thunk name '__get_printf_count_output' (Ghidra function ID),0x0042f259
0x0043b11a,__ftell_nolock,crt,v1.70 export name (library),high,same library/thunk name '__ftell_nolock' (Ghidra function ID),0x0042f26f
0x0043b2b2,_ftell,crt,v1.70 export name (library),high,same library/thunk name '_ftell' (Ghidra function ID),0x0042f407
0x0043b316,FUN_0043b316,crt,counterpart of the unnamed v1.70 function FUN_0042f46b,medium,"identical shape, callee _ftell (score 1.00)",0x0042f46b
0x0043b320,FUN_0043b320,crt,counterpart of the unnamed v1.70 function FUN_0042eaf0,high,"identical normalised instruction shape (156 insns, unique in both)",0x0042eaf0
0x0043b43d,_free_43b43d,crt,v1.70 export name (library),medium,"identical shape, callee Settings_Load (score 1.00)",0x0042f581
0x0043b442,__copysign,crt,C runtime / compiler support (name from Ghidra function ID),high,Ghidra function ID name,
0x0043b468,FUN_0043b468,crt,C runtime (unnamed),low,address range of the runtime and library code,
0x0043b47d,__fpclass,crt,v1.70 export name (library),high,same library/thunk name '__fpclass' (Ghidra function ID),0x0044406b
0x0043b511,_fast_error_exit,crt,v1.70 export name (library),high,same library/thunk name '_fast_error_exit' (Ghidra function ID),0x0042f5e4
0x0043b535,_check_managed_app,crt,v1.70 export name (library),high,same library/thunk name '_check_managed_app' (Ghidra function ID),0x0042f608
0x0043b576,___tmainCRTStartup,crt,v1.70 export name (library),high,only caller of import GetCommandLineA,0x0042f649
0x0043b756,entry,crt,v1.70 export name (library),high,same library/thunk name 'entry' (Ghidra function ID),0x0042f829
0x0043b760,_strlen,crt,v1.70 export name (library),high,same library/thunk name '_strlen' (Ghidra function ID),0x0042fb20
0x0043b7eb,__CxxThrowException@8,crt,v1.70 export name (library),high,same library/thunk name '__CxxThrowException@8' (Ghidra function ID),0x0042fbab
0x0043b835,_JumpToContinuation,crt,v1.70 export name (library),high,same library/thunk name '_JumpToContinuation' (Ghidra function ID),0x0042fbf5
0x0043b865,FID_conflict:_CallMemberFunction1,crt,v1.70 export name,medium,"identical shape, callee ___DestructExceptionObject (score 1.00)",0x0042fc25
0x0043b86c,_UnwindNestedFrames,crt,v1.70 export name (library),high,same library/thunk name '_UnwindNestedFrames' (Ghidra function ID),0x0042fc2c
0x0043b8be,FID_conflict:___CxxFrameHandler3,crt,v1.70 export name,high,"identical normalised instruction shape (27 insns, unique in both)",0x0042fc7e
0x0043b924,_CallSETranslator,crt,v1.70 export name (library),high,same library/thunk name '_CallSETranslator' (Ghidra function ID),0x0042fce4
0x0043b9f9,TranslatorGuardHandler,crt,v1.70 export name,high,"identical normalised instruction shape (56 insns, unique in both)",0x0042fdb9
0x0043ba96,_GetRangeOfTrysToCheck,crt,v1.70 export name (library),high,same library/thunk name '_GetRangeOfTrysToCheck' (Ghidra function ID),0x0042fe56
0x0043bb09,__CreateFrameInfo,crt,v1.70 export name (library),high,same library/thunk name '__CreateFrameInfo' (Ghidra function ID),0x0042fec9
0x0043bb31,__IsExceptionObjectToBeDestroyed,crt,v1.70 export name (library),high,same library/thunk name '__IsExceptionObjectToBeDestroyed' (Ghidra function ID),0x0042fef1
0x0043bb52,__FindAndUnlinkFrame,crt,v1.70 export name (library),high,same library/thunk name '__FindAndUnlinkFrame' (Ghidra function ID),0x0042ff12
0x0043bb9e,_CallCatchBlock2,crt,v1.70 export name (library),high,same library/thunk name '_CallCatchBlock2' (Ghidra function ID),0x0042ff5e
0x0043bbfc,__EH_prolog3,crt,v1.70 export name (library),high,same library/thunk name '__EH_prolog3' (Ghidra function ID),0x0042ffbc
0x0043bc2f,__EH_prolog3_catch,crt,v1.70 export name (library),high,same library/thunk name '__EH_prolog3_catch' (Ghidra function ID),0x0042ffef
0x0043bc65,__isalpha_l,crt,v1.70 export name (library),high,same library/thunk name '__isalpha_l' (Ghidra function ID),0x0042f833
0x0043bcb9,_isalpha,crt,v1.70 export name (library),high,same library/thunk name '_isalpha' (Ghidra function ID),0x0042f887
0x0043bce4,__isdigit_l,crt,v1.70 export name (library),high,same library/thunk name '__isdigit_l' (Ghidra function ID),0x0042f8b2
0x0043bd33,_isdigit,crt,v1.70 export name (library),high,same library/thunk name '_isdigit' (Ghidra function ID),0x0042f901
0x0043bd5c,__isxdigit_l,crt,v1.70 export name (library),high,same library/thunk name '__isxdigit_l' (Ghidra function ID),0x0042f92a
0x0043bddb,__isspace_l,crt,v1.70 export name (library),high,same library/thunk name '__isspace_l' (Ghidra function ID),0x0042f9a9
0x0043be2a,_isspace,crt,C runtime / compiler support (name from Ghidra function ID),high,Ghidra function ID name,
0x0043be53,__ispunct_l,crt,v1.70 export name (library),high,same library/thunk name '__ispunct_l' (Ghidra function ID),0x0042fa21
0x0043bea2,_ispunct,crt,v1.70 export name (library),high,same library/thunk name '_ispunct' (Ghidra function ID),0x0042fa70
0x0043becb,__isalnum_l,crt,v1.70 export name (library),high,same library/thunk name '__isalnum_l' (Ghidra function ID),0x0042fa99
0x0043bf1f,_isalnum,crt,v1.70 export name (library),high,same library/thunk name '_isalnum' (Ghidra function ID),0x0042faed
0x0043bf4a,___report_gsfailure,crt,v1.70 export name (library),high,same library/thunk name '___report_gsfailure' (Ghidra function ID),0x00430025
0x0043c04e,__get_errno_from_oserr,crt,v1.70 export name (library),high,same library/thunk name '__get_errno_from_oserr' (Ghidra function ID),0x0043066c
0x0043c089,__errno,crt,v1.70 export name (library),high,same library/thunk name '__errno' (Ghidra function ID),0x004306a7
0x0043c09c,___doserrno,crt,v1.70 export name (library),high,same library/thunk name '___doserrno' (Ghidra function ID),0x004306ba
0x0043c0af,__dosmaperr,crt,v1.70 export name (library),high,same library/thunk name '__dosmaperr' (Ghidra function ID),0x004306cd
0x0043c0cd,__flsbuf,crt,v1.70 export name (library),high,same library/thunk name '__flsbuf' (Ghidra function ID),0x00431285
0x0043c22d,_write_char,crt,v1.70 export name (library),high,same library/thunk name '_write_char' (Ghidra function ID),0x00433710
0x0043c260,_write_multi_char,crt,v1.70 export name (library),high,same library/thunk name '_write_multi_char' (Ghidra function ID),0x00433743
0x0043c284,_write_string,crt,v1.70 export name (library),high,same library/thunk name '_write_string' (Ghidra function ID),0x00433767
0x0043c2ce,__output_l,crt,v1.70 export name (library),high,unique string '(null)' (1 shared),0x004337b1
0x0043cc66,_strcpy_s,crt,v1.70 export name (library),high,same library/thunk name '_strcpy_s' (Ghidra function ID),0x00435ae4
0x0043d9a7,strtoxl,crt,v1.70 export name (library),high,same library/thunk name 'strtoxl' (Ghidra function ID),0x004350a9
0x0043dbd2,_strtol,crt,v1.70 export name (library),high,same library/thunk name '_strtol' (Ghidra function ID),0x004352d4
0x0043dbfb,__encode_pointer,crt,v1.70 export name (library),high,same library/thunk name '__encode_pointer' (Ghidra function ID),0x00432ce3
0x0043dc5e,__encoded_null,crt,v1.70 export name (library),high,same library/thunk name '__encoded_null' (Ghidra function ID),0x00432d46
0x0043dc67,__decode_pointer,crt,v1.70 export name (library),high,same library/thunk name '__decode_pointer' (Ghidra function ID),0x00432d4f
0x0043dcd3,___set_flsgetvalue,crt,v1.70 export name (library),high,only caller of import TlsSetValue,0x00432dbb
0x0043dcfd,__mtterm,crt,v1.70 export name (library),high,only caller of import TlsFree,0x00432de5
0x0043dd3a,__initptd,crt,v1.70 export name (library),high,same library/thunk name '__initptd' (Ghidra function ID),0x00432e22
0x0043dde5,FUN_0043dde5,crt,counterpart of the unnamed v1.70 function FUN_00432ecd,medium,"identical shape, callee __initptd (score 1.00)",0x00432ecd
0x0043ddee,__getptd_noexit,crt,v1.70 export name (library),high,only caller of import SetLastError,0x00432ed6
0x0043de71,__getptd,crt,v1.70 export name (library),high,same library/thunk name '__getptd' (Ghidra function ID),0x00432f59
0x0043df95,FUN_0043df95,crt,C runtime (unnamed),low,address range of the runtime and library code,
0x0043dfa1,FUN_0043dfa1,crt,C runtime (unnamed),low,address range of the runtime and library code,
0x0043dfaa,__mtinit,crt,v1.70 export name (library),high,unique string 'FlsFree' (4 shared),0x00433092
0x0043e12e,__malloc_crt,crt,v1.70 export name (library),high,same library/thunk name '__malloc_crt' (Ghidra function ID),0x00435b49
0x0043e16e,__calloc_crt,crt,v1.70 export name (library),high,same library/thunk name '__calloc_crt' (Ghidra function ID),0x00435b89
0x0043e1b6,__realloc_crt,crt,v1.70 export name (library),high,same library/thunk name '__realloc_crt' (Ghidra function ID),0x00435bd1
0x0043e201,__recalloc_crt,crt,v1.70 export name (library),high,same library/thunk name '__recalloc_crt' (Ghidra function ID),0x00435c1c
0x0043e251,__msize,crt,v1.70 export name (library),high,only caller of import HeapSize,0x00435c6c
0x0043e2eb,FUN_0043e2eb,crt,counterpart of the unnamed v1.70 function FUN_00435d06,medium,"identical shape, callee __msize (score 1.00)",0x00435d06
0x0043e2f4,__SEH_prolog4,crt,v1.70 export name (library),high,same library/thunk name '__SEH_prolog4' (Ghidra function ID),0x004306ec
0x0043e339,__SEH_epilog4,crt,v1.70 export name (library),high,same library/thunk name '__SEH_epilog4' (Ghidra function ID),0x00430731
0x0043e350,__except_handler4,crt,v1.70 export name (library),high,same library/thunk name '__except_handler4' (Ghidra function ID),0x00430750
0x0043e4e6,FUN_0043e4e6,crt,counterpart of the unnamed v1.70 function FUN_00435d0f,medium,"identical shape, callee __invoke_watson (score 1.00)",0x00435d0f
0x0043e4f0,_memset,crt,v1.70 export name (library),high,same library/thunk name '_memset' (Ghidra function ID),0x00430a40
0x0043e570,_memcpy,crt,v1.70 export name (library),high,same library/thunk name '_memcpy' (Ghidra function ID),0x00431c10
0x0043e8d5,CPtoLCID,crt,v1.70 export name,high,"identical normalised instruction shape (18 insns, unique in both)",0x0043234e
0x0043e904,setSBCS,crt,v1.70 export name (library),high,same library/thunk name 'setSBCS' (Ghidra function ID),0x0043237d
0x0043e959,setSBUpLow,crt,v1.70 export name (library),high,same library/thunk name 'setSBUpLow' (Ghidra function ID),0x004323d2
0x0043eae3,___updatetmbcinfo,crt,v1.70 export name (library),high,same library/thunk name '___updatetmbcinfo' (Ghidra function ID),0x0043255c
0x0043eb7e,FUN_0043eb7e,crt,counterpart of the unnamed v1.70 function FUN_004325f7,medium,"identical shape, callee ___updatetmbcinfo (score 1.00)",0x004325f7
0x0043eb87,getSystemCP,crt,v1.70 export name (library),high,only caller of import GetACP,0x00432600
0x0043ec01,__setmbcp_nolock,crt,v1.70 export name (library),high,same library/thunk name '__setmbcp_nolock' (Ghidra function ID),0x0043267a
0x0043edac,__setmbcp,crt,v1.70 export name (library),high,same library/thunk name '__setmbcp' (Ghidra function ID),0x00432825
0x0043ef0d,FUN_0043ef0d,crt,counterpart of the unnamed v1.70 function FUN_00432986,medium,"identical shape, callee __setmbcp (score 1.00)",0x00432986
0x0043ef46,___initmbctable,crt,v1.70 export name (library),high,same library/thunk name '___initmbctable' (Ghidra function ID),0x004329bf
0x0043ef64,___freetlocinfo,crt,v1.70 export name (library),high,same library/thunk name '___freetlocinfo' (Ghidra function ID),0x004329dd
0x0043f0a4,___addlocaleref,crt,v1.70 export name (library),high,same library/thunk name '___addlocaleref' (Ghidra function ID),0x00432b1d
0x0043f12a,___removelocaleref,crt,v1.70 export name (library),high,same library/thunk name '___removelocaleref' (Ghidra function ID),0x00432ba3
0x0043f1b6,__updatetlocinfoEx_nolock,crt,v1.70 export name (library),high,same library/thunk name '__updatetlocinfoEx_nolock' (Ghidra function ID),0x00432c2f
0x0043f1f4,___updatetlocinfo,crt,v1.70 export name (library),high,same library/thunk name '___updatetlocinfo' (Ghidra function ID),0x00432c6d
0x0043f25e,FUN_0043f25e,crt,counterpart of the unnamed v1.70 function FUN_00432cd7,medium,"identical shape, callee ___updatetlocinfo (score 1.00)",0x00432cd7
0x0043f26a,__fltin2,crt,v1.70 export name (library),high,same library/thunk name '__fltin2' (Ghidra function ID),0x004352fd
0x0043f30f,__isctype_l,crt,v1.70 export name (library),high,same library/thunk name '__isctype_l' (Ghidra function ID),0x0043365a
0x0043f3c5,FUN_0043f3c5,crt,counterpart of the unnamed v1.70 function FUN_00436492,medium,"identical shape, callee __init_pointers (score 1.00)",0x00436492
0x0043f3c6,__cfltcvt_init,crt,v1.70 export name (library),high,same library/thunk name '__cfltcvt_init' (Ghidra function ID),0x004353a2
0x0043f426,__fpmath,crt,v1.70 export name (library),high,same library/thunk name '__fpmath' (Ghidra function ID),0x00435402
0x0043f444,___strgtold12_l,crt,v1.70 export name (library),high,same library/thunk name '___strgtold12_l' (Ghidra function ID),0x00435420
0x0043fb08,_Type_info_dtor,crt,v1.70 export name (library),high,same library/thunk name '_Type_info_dtor' (Ghidra function ID),0x00435e32
0x0043fb6f,FUN_0043fb6f,crt,counterpart of the unnamed v1.70 function FUN_00435e99,medium,"identical shape, callee _Type_info_dtor (score 1.00)",0x00435e99
0x0043fb80,_strcmp,crt,v1.70 export name (library),high,same library/thunk name '_strcmp' (Ghidra function ID),0x00435eb0
0x0043fc08,__NMSG_WRITE,crt,v1.70 export name (library),high,"unique string 'R6008 - not enough space for arguments' (4 shared)",0x00434ea4
0x0043fda8,__FF_MSGBANNER,crt,v1.70 export name (library),high,same library/thunk name '__FF_MSGBANNER' (Ghidra function ID),0x00435044
0x0043fde1,__mtinitlocks,crt,v1.70 export name (library),high,same library/thunk name '__mtinitlocks' (Ghidra function ID),0x004341fe
0x0043fe2a,__mtdeletelocks,crt,v1.70 export name (library),high,same library/thunk name '__mtdeletelocks' (Ghidra function ID),0x00434247
0x0043fe7f,FUN_0043fe7f,crt,counterpart of the unnamed v1.70 function FUN_0043429c,medium,"identical shape, callee _doexit (score 1.00)",0x0043429c
0x0043fe94,__mtinitlocknum,crt,v1.70 export name (library),high,same library/thunk name '__mtinitlocknum' (Ghidra function ID),0x004342b1
0x0043ff4e,FUN_0043ff4e,crt,counterpart of the unnamed v1.70 function FUN_0043436b,medium,"identical shape, callee __mtinitlocknum (score 1.00)",0x0043436b
0x0043ff57,__lock,crt,v1.70 export name (library),high,same library/thunk name '__lock' (Ghidra function ID),0x00434374
0x0043ff88,__RTC_Initialize,crt,v1.70 export name (library),high,same library/thunk name '__RTC_Initialize' (Ghidra function ID),0x004362b9
0x0043ffd0,__initp_misc_cfltcvt_tab,crt,v1.70 export name (library),high,same library/thunk name '__initp_misc_cfltcvt_tab' (Ghidra function ID),0x00436301
0x0043fff0,__ValidateImageBase,crt,v1.70 export name (library),high,same library/thunk name '__ValidateImageBase' (Ghidra function ID),0x00436320
0x00440020,__FindPESection,crt,v1.70 export name (library),high,same library/thunk name '__FindPESection' (Ghidra function ID),0x00436350
0x00440062,__IsNonwritableInCurrentImage,crt,v1.70 export name (library),high,same library/thunk name '__IsNonwritableInCurrentImage' (Ghidra function ID),0x00436392
0x004400ce,terminate,crt,v1.70 export name (library),high,same library/thunk name 'terminate' (Ghidra function ID),0x004363fe
0x00440107,unexpected,crt,v1.70 export name (library),high,same library/thunk name 'unexpected' (Ghidra function ID),0x00436437
0x0044011a,_inconsistency,crt,v1.70 export name (library),high,same library/thunk name '_inconsistency' (Ghidra function ID),0x0043644a
0x00440151,__initp_eh_hooks,crt,v1.70 export name (library),high,same library/thunk name '__initp_eh_hooks' (Ghidra function ID),0x00436481
0x00440162,__XcptFilter,crt,v1.70 export name (library),high,same library/thunk name '__XcptFilter' (Ghidra function ID),0x00436493
0x004402d1,__initp_misc_winsig,crt,v1.70 export name (library),high,same library/thunk name '__initp_misc_winsig' (Ghidra function ID),0x00436602
0x004402ea,_siglookup,crt,v1.70 export name (library),high,same library/thunk name '_siglookup' (Ghidra function ID),0x0043661b
0x0044031e,___get_sigabrt,crt,v1.70 export name (library),high,same library/thunk name '___get_sigabrt' (Ghidra function ID),0x0043664f
0x0044032b,_raise,crt,v1.70 export name (library),high,same library/thunk name '_raise' (Ghidra function ID),0x0043665c
0x0044049f,FUN_0044049f,crt,counterpart of the unnamed v1.70 function FUN_004367d0,medium,"identical shape, callee _raise (score 1.00)",0x004367d0
0x004404db,FUN_004404db,crt,counterpart of the unnamed v1.70 function FUN_0043680c,medium,"identical shape, callee __init_pointers (score 1.00)",0x0043680c
0x004404e5,FUN_004404e5,crt,counterpart of the unnamed v1.70 function FUN_00435e28,medium,"identical shape, callee __init_pointers (score 1.00)",0x00435e28
0x004404ef,FUN_004404ef,crt,counterpart of the unnamed v1.70 function FUN_00436816,medium,"identical shape, callee __init_pointers (score 1.00)",0x00436816
0x004404f9,___crtInitCritSecNoSpinCount@8,crt,v1.70 export name (library),high,only caller of import InitializeCriticalSection,0x00436820
0x00440509,___crtInitCritSecAndSpinCount,crt,v1.70 export name (library),high,unique string 'InitializeCriticalSectionAndSpinCount' (2 shared),0x00436830
0x004405ce,FUN_004405ce,crt,counterpart of the unnamed v1.70 function FUN_0043507d,medium,"identical shape, callee __init_pointers (score 1.00)",0x0043507d
0x004405d8,__callnewh,crt,v1.70 export name (library),high,same library/thunk name '__callnewh' (Ghidra function ID),0x00435087
0x004405fa,___heap_select,crt,v1.70 export name (library),high,same library/thunk name '___heap_select' (Ghidra function ID),0x00434149
0x00440655,__heap_init,crt,v1.70 export name (library),high,only caller of import HeapDestroy,0x004341a4
0x004406af,___sbh_heap_init,crt,v1.70 export name (library),high,same library/thunk name '___sbh_heap_init' (Ghidra function ID),0x004343a5
0x004406f7,thunk_FUN_00434411,crt,v1.70 export name (library),medium,"identical shape, callee __msize (score 1.00)",0x004343ed
0x0044071b,FUN_0044071b,crt,counterpart of the unnamed v1.70 function FUN_00434411,low,"identical shape, global shape search (score 1.00)",0x00434411
0x00440722,___sbh_free_block,crt,v1.70 export name (library),high,same library/thunk name '___sbh_free_block' (Ghidra function ID),0x00434418
0x00440a36,___sbh_alloc_new_region,crt,v1.70 export name (library),high,same library/thunk name '___sbh_alloc_new_region' (Ghidra function ID),0x0043472c
0x00440ae6,___sbh_alloc_new_group,crt,v1.70 export name (library),high,same library/thunk name '___sbh_alloc_new_group' (Ghidra function ID),0x004347dc
0x00440bec,___sbh_resize_block,crt,v1.70 export name (library),high,same library/thunk name '___sbh_resize_block' (Ghidra function ID),0x004348e2
0x00440ecb,___sbh_alloc_block,crt,v1.70 export name (library),high,same library/thunk name '___sbh_alloc_block' (Ghidra function ID),0x00434bc1
0x004411c0,FUN_004411c0,crt,counterpart of the unnamed v1.70 function FUN_00432290,high,"identical normalised instruction shape (86 insns, unique in both)",0x00432290
0x0044127e,FUN_0044127e,crt,counterpart of the unnamed v1.70 function FUN_00430129,medium,"identical shape, callee _printf (score 1.00)",0x00430129
0x00441355,__lock_file,crt,v1.70 export name (library),high,same library/thunk name '__lock_file' (Ghidra function ID),0x00430200
0x00441384,__lock_file2,crt,v1.70 export name (library),high,same library/thunk name '__lock_file2' (Ghidra function ID),0x0043022f
0x004413a7,__unlock_file,crt,v1.70 export name (library),high,same library/thunk name '__unlock_file' (Ghidra function ID),0x00430252
0x004413d6,__unlock_file2,crt,v1.70 export name (library),high,same library/thunk name '__unlock_file2' (Ghidra function ID),0x00430281
0x004413f9,__openfile,crt,v1.70 export name (library),high,unique string 'UTF-8' (3 shared),0x004302a4
0x0044169b,__getstream,crt,v1.70 export name (library),high,same library/thunk name '__getstream' (Ghidra function ID),0x00430546
0x004417b8,FUN_004417b8,crt,counterpart of the unnamed v1.70 function FUN_00430663,medium,"identical shape, callee __getstream (score 1.00)",0x00430663
0x004417c4,__local_unwind4,crt,v1.70 export name (library),high,same library/thunk name '__local_unwind4' (Ghidra function ID),0x004308e8
0x0044189a,FUN_0044189a,crt,counterpart of the unnamed v1.70 function FUN_004309be,high,"identical normalised instruction shape (10 insns, unique in both)",0x004309be
0x004418b6,@_EH4_CallFilterFunc@8,crt,v1.70 export name (library),high,"identical normalised instruction shape (16 insns, unique in both)",0x004309da
0x004418cd,@_EH4_TransferToHandler@8,crt,v1.70 export name (library),high,"identical normalised instruction shape (11 insns, unique in both)",0x004309f1
0x004418e6,@_EH4_GlobalUnwind@4,crt,v1.70 export name (library),high,"identical normalised instruction shape (15 insns, unique in both)",0x00430a0a
0x00441900,@_EH4_LocalUnwind@16,crt,v1.70 export name (library),medium,"identical shape, callee __except_handler4 (score 1.00)",0x00430a24
0x00441917,__filbuf,crt,v1.70 export name (library),high,same library/thunk name '__filbuf' (Ghidra function ID),0x00430aba
0x00441a37,__read_nolock,crt,v1.70 export name (library),high,only caller of import ReadFile,0x00430bda
0x00441fd9,__read,crt,v1.70 export name (library),high,same library/thunk name '__read' (Ghidra function ID),0x0043117c
0x004420ab,FUN_004420ab,crt,counterpart of the unnamed v1.70 function FUN_0043124e,medium,"identical shape, callee __read (score 1.00)",0x0043124e
0x004420b5,__fileno,crt,v1.70 export name (library),high,same library/thunk name '__fileno' (Ghidra function ID),0x00431258
0x004420e2,__lseek_nolock,crt,v1.70 export name (library),high,same library/thunk name '__lseek_nolock' (Ghidra function ID),0x004378d6
0x00442154,__lseek,crt,v1.70 export name (library),high,same library/thunk name '__lseek' (Ghidra function ID),0x00437948
0x00442226,FUN_00442226,crt,counterpart of the unnamed v1.70 function FUN_00437a1a,medium,"identical shape, callee __lseek (score 1.00)",0x00437a1a
0x00442230,__flush,crt,v1.70 export name (library),high,same library/thunk name '__flush' (Ghidra function ID),0x00431a87
0x00442292,__fflush_nolock,crt,v1.70 export name (library),high,same library/thunk name '__fflush_nolock' (Ghidra function ID),0x00431ae9
0x004422d4,_flsall,crt,v1.70 export name (library),high,same library/thunk name '_flsall' (Ghidra function ID),0x00431b2b
0x00442376,FUN_00442376,crt,counterpart of the unnamed v1.70 function FUN_00431bcd,medium,"identical shape, callee _flsall (score 1.00)",0x00431bcd
0x004423a5,FUN_004423a5,crt,counterpart of the unnamed v1.70 function FUN_00431bfc,medium,"identical shape, callee _flsall (score 1.00)",0x00431bfc
0x004423b7,__close_nolock,crt,v1.70 export name (library),high,same library/thunk name '__close_nolock' (Ghidra function ID),0x00431f75
0x0044244b,__close,crt,v1.70 export name (library),high,same library/thunk name '__close' (Ghidra function ID),0x00432009
0x0044250e,FUN_0044250e,crt,counterpart of the unnamed v1.70 function FUN_004320cc,medium,"identical shape, callee __close (score 1.00)",0x004320cc
0x00442518,__freebuf,crt,v1.70 export name (library),high,same library/thunk name '__freebuf' (Ghidra function ID),0x004320d6
0x00442544,__write_nolock,crt,v1.70 export name (library),high,only caller of import GetConsoleCP,0x004313e5
0x00442b0a,__write,crt,v1.70 export name (library),high,same library/thunk name '__write' (Ghidra function ID),0x004319ab
0x00442bdc,FUN_00442bdc,crt,counterpart of the unnamed v1.70 function FUN_00431a7d,medium,"identical shape, callee __write (score 1.00)",0x00431a7d
0x00442be6,_fastcopy_I,crt,v1.70 export name (library),high,same library/thunk name '_fastcopy_I' (Ghidra function ID),0x00432102
0x00442c6d,__VEC_memcpy,crt,v1.70 export name (library),high,same library/thunk name '__VEC_memcpy' (Ghidra function ID),0x00432189
0x00442d64,__freea,crt,v1.70 export name (library),high,same library/thunk name '__freea' (Ghidra function ID),0x00433216
0x00442d7f,__crtLCMapStringA_stat,crt,v1.70 export name (library),high,only caller of import LCMapStringW,0x00433231
0x00443121,___crtLCMapStringA,crt,v1.70 export name (library),high,same library/thunk name '___crtLCMapStringA' (Ghidra function ID),0x004335d3
0x00443164,__isleadbyte_l,crt,v1.70 export name (library),high,same library/thunk name '__isleadbyte_l' (Ghidra function ID),0x00433616
0x0044319a,_isleadbyte,crt,v1.70 export name (library),high,same library/thunk name '_isleadbyte' (Ghidra function ID),0x0043364c
0x004431a8,_abort,crt,v1.70 export name (library),high,same library/thunk name '_abort' (Ghidra function ID),0x00435d17
0x0044329b,__set_abort_behavior,crt,v1.70 export name (library),high,same library/thunk name '__set_abort_behavior' (Ghidra function ID),0x00435e0a
0x004432b9,__stbuf,crt,v1.70 export name (library),high,same library/thunk name '__stbuf' (Ghidra function ID),0x004375d1
0x0044334f,__ftbuf,crt,v1.70 export name (library),high,same library/thunk name '__ftbuf' (Ghidra function ID),0x00437667
0x0044337e,__ioinit,crt,v1.70 export name (library),high,only caller of import SetHandleCount,0x00437696
0x004435be,___libm_error_support,crt,v1.70 export name (library),high,unique string 'floor' (3 shared),0x00435f38
0x0044393f,__set_exp,crt,v1.70 export name (library),high,same library/thunk name '__set_exp' (Ghidra function ID),0x0043d39f
0x00443969,__sptype,crt,v1.70 export name (library),high,same library/thunk name '__sptype' (Ghidra function ID),0x0043d3c9
0x004439c4,FUN_004439c4,crt,counterpart of the unnamed v1.70 function FUN_0043d424,high,"identical normalised instruction shape (62 insns, unique in both)",0x0043d424
0x00443a73,__raise_exc_ex,crt,v1.70 export name (library),high,same library/thunk name '__raise_exc_ex' (Ghidra function ID),0x0043ccb2
0x00443d4d,__raise_exc,crt,v1.70 export name (library),high,same library/thunk name '__raise_exc' (Ghidra function ID),0x0043cf8c
0x00443d6e,__handle_exc,crt,v1.70 export name (library),high,same library/thunk name '__handle_exc' (Ghidra function ID),0x0043cfad
0x00443f4f,__set_errno_from_matherr,crt,v1.70 export name (library),high,same library/thunk name '__set_errno_from_matherr' (Ghidra function ID),0x0043d18e
0x00443f77,__errcode,crt,v1.70 export name (library),high,same library/thunk name '__errcode' (Ghidra function ID),0x0043d1b6
0x00443fa4,__umatherr,crt,v1.70 export name (library),high,same library/thunk name '__umatherr' (Ghidra function ID),0x0043d1e3
0x00444042,__handle_qnan1,crt,v1.70 export name (library),high,same library/thunk name '__handle_qnan1' (Ghidra function ID),0x0043d281
0x00444095,__except1,crt,v1.70 export name (library),high,same library/thunk name '__except1' (Ghidra function ID),0x0043d2d4
0x0044414f,__statfp,crt,v1.70 export name (library),high,same library/thunk name '__statfp' (Ghidra function ID),0x0043d4d3
0x0044415a,__clrfp,crt,v1.70 export name (library),high,same library/thunk name '__clrfp' (Ghidra function ID),0x0043d4de
0x00444166,__ctrlfp,crt,v1.70 export name (library),high,same library/thunk name '__ctrlfp' (Ghidra function ID),0x0043d4ea
0x0044418d,FUN_0044418d,crt,counterpart of the unnamed v1.70 function FUN_0043d511,high,"identical normalised instruction shape (35 insns, unique in both)",0x0043d511
0x004441e3,___set_fpsr_sse2,crt,v1.70 export name (library),high,same library/thunk name '___set_fpsr_sse2' (Ghidra function ID),0x0043d567
0x00444255,__wincmdln,crt,v1.70 export name (library),high,same library/thunk name '__wincmdln' (Ghidra function ID),0x00437a24
0x004442b2,__setenvp,crt,v1.70 export name (library),high,same library/thunk name '__setenvp' (Ghidra function ID),0x00437a81
0x0044438d,_parse_cmdline,crt,v1.70 export name (library),high,same library/thunk name '_parse_cmdline' (Ghidra function ID),0x00437b5c
0x00444525,__setargv,crt,v1.70 export name (library),high,same library/thunk name '__setargv' (Ghidra function ID),0x00437cf4
0x004445de,___crtGetEnvironmentStringsA,crt,v1.70 export name (library),high,same library/thunk name '___crtGetEnvironmentStringsA' (Ghidra function ID),0x00437dad
0x00444713,___security_init_cookie,crt,v1.70 export name (library),high,only caller of import GetCurrentProcessId,0x00437ee2
0x004447a7,__CxxUnhandledExceptionFilter,crt,v1.70 export name (library),high,same library/thunk name '__CxxUnhandledExceptionFilter' (Ghidra function ID),0x00437f76
0x00444863,FUN_00444863,crt,C runtime (unnamed),low,address range of the runtime and library code,
0x00444885,___TypeMatch,crt,v1.70 export name (library),high,same library/thunk name '___TypeMatch' (Ghidra function ID),0x00438054
0x00444925,___FrameUnwindToState,crt,v1.70 export name (library),high,same library/thunk name '___FrameUnwindToState' (Ghidra function ID),0x004380f4
0x004449eb,FUN_004449eb,crt,counterpart of the unnamed v1.70 function FUN_004381ba,medium,"identical shape, callee ___FrameUnwindToState (score 1.00)",0x004381ba
0x00444a4b,___DestructExceptionObject,crt,v1.70 export name (library),high,same library/thunk name '___DestructExceptionObject' (Ghidra function ID),0x0043821a
0x00444a9f,___AdjustPointer,crt,v1.70 export name (library),high,same library/thunk name '___AdjustPointer' (Ghidra function ID),0x0043826e
0x00444ac4,IsInExceptionSpec,crt,v1.70 export name,high,"identical normalised instruction shape (49 insns, unique in both)",0x00438293
0x00444b3d,CallUnexpected,crt,v1.70 export name,high,"identical normalised instruction shape (11 insns, unique in both)",0x0043830c
0x00444b6e,Catch_All@0043833d,crt,v1.70 export name (library),medium,"identical shape, caller of __CxxThrowException@8 (score 1.00)",0x0043833d
0x00444b86,CallCatchBlock,crt,v1.70 export name,high,"identical normalised instruction shape (49 insns, unique in both)",0x00438355
0x00444cac,FUN_00444cac,crt,counterpart of the unnamed v1.70 function FUN_0043847b,high,"identical normalised instruction shape (37 insns, unique in both)",0x0043847b
0x00444d22,___BuildCatchObjectHelper,crt,v1.70 export name (library),high,same library/thunk name '___BuildCatchObjectHelper' (Ghidra function ID),0x004384f1
0x00444ea1,___BuildCatchObject,crt,v1.70 export name (library),high,same library/thunk name '___BuildCatchObject' (Ghidra function ID),0x00438670
0x00444f32,CatchIt,crt,v1.70 export name (library),high,"identical normalised instruction shape (41 insns, unique in both)",0x00438701
0x00444f9e,FindHandlerForForeignException,crt,v1.70 export name,high,"identical normalised instruction shape (86 insns, unique in both)",0x0043876d
0x00445090,FindHandler,crt,v1.70 export name,high,unique string 'bad exception' (1 shared),0x0043885f
0x004453fe,___InternalCxxFrameHandler,crt,v1.70 export name (library),high,same library/thunk name '___InternalCxxFrameHandler' (Ghidra function ID),0x00438bcd
0x004454f0,__CallSettingFrame@12,crt,v1.70 export name (library),high,same library/thunk name '__CallSettingFrame@12' (Ghidra function ID),0x00438cc0
0x0044553c,__lseeki64_nolock,crt,v1.70 export name (library),high,same library/thunk name '__lseeki64_nolock' (Ghidra function ID),0x00439ae1
0x004455bf,__lseeki64,crt,v1.70 export name (library),high,same library/thunk name '__lseeki64' (Ghidra function ID),0x00439b64
0x004456ce,FUN_004456ce,crt,counterpart of the unnamed v1.70 function FUN_00439c73,medium,"identical shape, callee __lseeki64 (score 1.00)",0x00439c73
0x004456d8,__getbuf,crt,v1.70 export name (library),high,same library/thunk name '__getbuf' (Ghidra function ID),0x00439a9d
0x0044571c,__isatty,crt,v1.70 export name (library),high,same library/thunk name '__isatty' (Ghidra function ID),0x0043a04d
0x0044577a,__wctomb_s_l,crt,v1.70 export name (library),high,same library/thunk name '__wctomb_s_l' (Ghidra function ID),0x0043ad2c
0x004458d9,_wctomb_s,crt,v1.70 export name (library),high,same library/thunk name '_wctomb_s' (Ghidra function ID),0x0043ae8b
0x00445900,__aulldvrm,crt,v1.70 export name (library),high,same library/thunk name '__aulldvrm' (Ghidra function ID),0x0043aeb0
0x00445995,__ungetc_nolock,crt,v1.70 export name (library),high,same library/thunk name '__ungetc_nolock' (Ghidra function ID),0x0043d5e2
0x00445ab3,__mbtowc_l,crt,v1.70 export name (library),high,same library/thunk name '__mbtowc_l' (Ghidra function ID),0x0043a16d
0x00445bc6,_mbtowc,crt,v1.70 export name (library),high,same library/thunk name '_mbtowc' (Ghidra function ID),0x0043a280
0x00445c14,__calloc_impl,crt,v1.70 export name (library),high,same library/thunk name '__calloc_impl' (Ghidra function ID),0x0043c8f0
0x00445d10,FUN_00445d10,crt,counterpart of the unnamed v1.70 function FUN_0043c9ec,medium,"identical shape, callee __calloc_impl (score 1.00)",0x0043c9ec
0x00445d32,_calloc,crt,v1.70 export name (library),high,same library/thunk name '_calloc' (Ghidra function ID),0x0043ca0e
0x00445d71,_realloc,crt,v1.70 export name (library),high,same library/thunk name '_realloc' (Ghidra function ID),0x0043ca4d
0x00445eb5,FUN_00445eb5,crt,counterpart of the unnamed v1.70 function FUN_0043cb91,medium,"identical shape, callee _realloc (score 1.00)",0x0043cb91
0x00445f8c,__recalloc,crt,v1.70 export name (library),high,same library/thunk name '__recalloc' (Ghidra function ID),0x0043cc68
0x00445fd3,_fastzero_I,crt,v1.70 export name (library),high,same library/thunk name '_fastzero_I' (Ghidra function ID),0x004399b7
0x0044602a,__VEC_memzero,crt,v1.70 export name (library),high,same library/thunk name '__VEC_memzero' (Ghidra function ID),0x00439a0e
0x004460b9,__crtGetStringTypeA_stat,crt,v1.70 export name (library),high,only caller of import GetStringTypeA,0x0043a435
0x00446271,___crtGetStringTypeA,crt,v1.70 export name (library),high,same library/thunk name '___crtGetStringTypeA' (Ghidra function ID),0x0043a5ed
0x004462b1,___free_lc_time,crt,v1.70 export name (library),high,same library/thunk name '___free_lc_time' (Ghidra function ID),0x0043a62d
0x00446441,___free_lconv_num,crt,v1.70 export name (library),high,same library/thunk name '___free_lconv_num' (Ghidra function ID),0x0043a7bd
0x00446481,___free_lconv_mon,crt,v1.70 export name (library),high,same library/thunk name '___free_lconv_mon' (Ghidra function ID),0x0043a7fd
0x0044650a,_strcat_s,crt,v1.70 export name (library),high,same library/thunk name '_strcat_s' (Ghidra function ID),0x0043a886
0x00446580,_strcspn,crt,v1.70 export name (library),high,same library/thunk name '_strcspn' (Ghidra function ID),0x0043a900
0x004465c6,_strncpy_s,crt,v1.70 export name (library),high,same library/thunk name '_strncpy_s' (Ghidra function ID),0x0043a946
0x00446679,_strncmp,crt,v1.70 export name (library),high,same library/thunk name '_strncmp' (Ghidra function ID),0x0043a9f9
0x00446740,_strpbrk,crt,v1.70 export name (library),high,same library/thunk name '_strpbrk' (Ghidra function ID),0x0043aac0
0x00446780,__ld12tod,crt,v1.70 export name (library),high,same library/thunk name '__ld12tod' (Ghidra function ID),0x0043b164
0x00446cc2,__ld12tof,crt,v1.70 export name (library),high,same library/thunk name '__ld12tof' (Ghidra function ID),0x0043b6a6
0x00447204,__forcdecpt_l,crt,v1.70 export name (library),high,same library/thunk name '__forcdecpt_l' (Ghidra function ID),0x0043bbe8
0x00447275,__cropzeros_l,crt,v1.70 export name (library),high,same library/thunk name '__cropzeros_l' (Ghidra function ID),0x0043bc59
0x0044730b,__fassign_l,crt,v1.70 export name (library),high,same library/thunk name '__fassign_l' (Ghidra function ID),0x0043bcef
0x00447362,__shift,crt,v1.70 export name (library),high,same library/thunk name '__shift' (Ghidra function ID),0x0043bd46
0x0044739b,__cftoe2_l,crt,v1.70 export name (library),high,unique string 'e+000' (1 shared),0x0043bd7f
0x00447508,__cftoe_l,crt,v1.70 export name (library),high,same library/thunk name '__cftoe_l' (Ghidra function ID),0x0043beec
0x004475d6,__cftoe,crt,v1.70 export name (library),high,same library/thunk name '__cftoe' (Ghidra function ID),0x0043bfba
0x004475f4,__cftoa_l,crt,v1.70 export name (library),high,same library/thunk name '__cftoa_l' (Ghidra function ID),0x0043bfd8
0x00447965,__cftof2_l,crt,v1.70 export name (library),high,same library/thunk name '__cftof2_l' (Ghidra function ID),0x0043c349
0x00447a5a,__cftof_l,crt,v1.70 export name (library),high,same library/thunk name '__cftof_l' (Ghidra function ID),0x0043c43e
0x00447b13,__cftog_l,crt,v1.70 export name (library),high,same library/thunk name '__cftog_l' (Ghidra function ID),0x0043c4f7
0x00447c0b,__cfltcvt_l,crt,v1.70 export name (library),high,same library/thunk name '__cfltcvt_l' (Ghidra function ID),0x0043c5ef
0x00447c91,__cfltcvt,crt,v1.70 export name (library),high,same library/thunk name '__cfltcvt' (Ghidra function ID),0x0043c675
0x00447cb2,__setdefaultprecision,crt,v1.70 export name (library),high,same library/thunk name '__setdefaultprecision' (Ghidra function ID),0x0043c696
0x00447cdb,__ms_p5_test_fdiv,crt,v1.70 export name (library),high,same library/thunk name '__ms_p5_test_fdiv' (Ghidra function ID),0x0043c6bf
0x00447d17,__ms_p5_mp_test_fdiv,crt,v1.70 export name (library),high,unique string 'KERNEL32' (1 shared),0x0043c6fb
0x00447d40,___mtold12,crt,v1.70 export name (library),high,same library/thunk name '___mtold12' (Ghidra function ID),0x0043c724
0x00447f0c,___crtMessageBoxA,crt,v1.70 export name (library),high,unique string 'GetProcessWindowStation' (6 shared),0x0043af45
0x004480aa,__set_error_mode,crt,v1.70 export name (library),high,same library/thunk name '__set_error_mode' (Ghidra function ID),0x0043b0e3
0x00448198,__tsopen_nolock,crt,v1.70 export name (library),high,same library/thunk name '__tsopen_nolock' (Ghidra function ID),0x00438dab
0x004487d6,__sopen_helper,crt,v1.70 export name (library),high,same library/thunk name '__sopen_helper' (Ghidra function ID),0x004393e9
0x00448874,FUN_00448874,crt,counterpart of the unnamed v1.70 function FUN_00439487,high,"identical normalised instruction shape (16 insns, unique in both)",0x00439487
0x004488a2,__sopen_s,crt,v1.70 export name (library),high,same library/thunk name '__sopen_s' (Ghidra function ID),0x004394b5
0x004488c0,__mbsicmp_l,crt,v1.70 export name (library),high,same library/thunk name '__mbsicmp_l' (Ghidra function ID),0x004394d3
0x00448ada,__mbsicmp,crt,v1.70 export name (library),high,same library/thunk name '__mbsicmp' (Ghidra function ID),0x004396ed
0x00448aed,__mbsnbcmp_l,crt,v1.70 export name (library),high,same library/thunk name '__mbsnbcmp_l' (Ghidra function ID),0x00439700
0x00448c56,__mbsnbcmp,crt,v1.70 export name (library),high,same library/thunk name '__mbsnbcmp' (Ghidra function ID),0x00439869
0x00448c70,__global_unwind2,crt,v1.70 export name (library),high,same library/thunk name '__global_unwind2' (Ghidra function ID),0x00439880
0x00448cd5,__local_unwind2,crt,v1.70 export name (library),high,same library/thunk name '__local_unwind2' (Ghidra function ID),0x004398e5
0x00448d7c,__NLG_Notify1,crt,v1.70 export name (library),high,same library/thunk name '__NLG_Notify1' (Ghidra function ID),0x0043998c
0x00448d85,__NLG_Notify,crt,v1.70 export name (library),high,same library/thunk name '__NLG_Notify' (Ghidra function ID),0x00439995
0x00448da4,FUN_00448da4,crt,counterpart of the unnamed v1.70 function FUN_004399b4,medium,"identical shape, callee __local_unwind4 (score 1.00)",0x004399b4
0x00448da7,__set_osfhnd,crt,v1.70 export name (library),high,same library/thunk name '__set_osfhnd' (Ghidra function ID),0x00439c7d
0x00448e24,__free_osfhnd,crt,v1.70 export name (library),high,same library/thunk name '__free_osfhnd' (Ghidra function ID),0x00439cfa
0x00448ea5,__get_osfhandle,crt,v1.70 export name (library),high,same library/thunk name '__get_osfhandle' (Ghidra function ID),0x00439d7b
0x00448f16,___lock_fhandle,crt,v1.70 export name (library),high,same library/thunk name '___lock_fhandle' (Ghidra function ID),0x00439dec
0x00448fad,FUN_00448fad,crt,counterpart of the unnamed v1.70 function FUN_00439e83,medium,"identical shape, callee ___lock_fhandle (score 1.00)",0x00439e83
0x00448fb6,__unlock_fhandle,crt,v1.70 export name (library),high,same library/thunk name '__unlock_fhandle' (Ghidra function ID),0x00439e8c
0x00448fd8,__alloc_osfhnd,crt,v1.70 export name (library),high,same library/thunk name '__alloc_osfhnd' (Ghidra function ID),0x00439eae
0x004490ab,FUN_004490ab,crt,counterpart of the unnamed v1.70 function FUN_00439f81,medium,"identical shape, callee __alloc_osfhnd (score 1.00)",0x00439f81
0x0044916e,FUN_0044916e,crt,counterpart of the unnamed v1.70 function FUN_0043a044,medium,"identical shape, callee __alloc_osfhnd (score 1.00)",0x0043a044
0x00449177,__commit,crt,v1.70 export name (library),high,only caller of import FlushFileBuffers,0x0043a297
0x0044924e,FUN_0044924e,crt,counterpart of the unnamed v1.70 function FUN_0043a36e,medium,"identical shape, callee __commit (score 1.00)",0x0043a36e
0x00449258,__putwch_nolock,crt,v1.70 export name (library),high,only caller of import GetConsoleOutputCP,0x0043a0ab
0x0044931a,_has_osfxsr_set,crt,v1.70 export name (library),high,same library/thunk name '_has_osfxsr_set' (Ghidra function ID),0x0043a378
0x0044936a,__get_sse2_info,crt,v1.70 export name (library),high,same library/thunk name '__get_sse2_info' (Ghidra function ID),0x0043a3c8
0x004493d7,___ansicp,crt,v1.70 export name (library),high,only caller of import GetLocaleInfoA,0x0043ab00
0x0044941e,___convertcp,crt,v1.70 export name (library),high,same library/thunk name '___convertcp' (Ghidra function ID),0x0043ab47
0x004495d0,__alloca_probe_16,crt,v1.70 export name (library),high,same library/thunk name '__alloca_probe_16' (Ghidra function ID),0x0043ad00
0x004495e6,__alloca_probe_8,crt,v1.70 export name (library),high,same library/thunk name '__alloca_probe_8' (Ghidra function ID),0x0043ad16
0x004495fc,FUN_004495fc,crt,counterpart of the unnamed v1.70 function FUN_0043ccaf,medium,"identical shape, callback pointer taken by ___libm_error_support (score 1.00)",0x0043ccaf
0x004495ff,__frnd,crt,v1.70 export name (library),high,same library/thunk name '__frnd' (Ghidra function ID),0x0043d38e
0x00449610,x_ismbbtype_l,crt,v1.70 export name (library),high,same library/thunk name 'x_ismbbtype_l' (Ghidra function ID),0x0043d700
0x00449661,__ismbblead,crt,v1.70 export name (library),high,same library/thunk name '__ismbblead' (Ghidra function ID),0x0043d751
0x00449674,_ValidateRead,crt,v1.70 export name (library),high,same library/thunk name '_ValidateRead' (Ghidra function ID),0x0043d764
0x00449681,___ascii_stricmp,crt,v1.70 export name (library),high,same library/thunk name '___ascii_stricmp' (Ghidra function ID),0x0043da15
0x004496b6,__stricmp_l,crt,v1.70 export name (library),high,same library/thunk name '__stricmp_l' (Ghidra function ID),0x0043da4a
0x00449789,__strnicmp_l,crt,v1.70 export name (library),high,same library/thunk name '__strnicmp_l' (Ghidra function ID),0x0043db7f
0x00449880,_strrchr,crt,v1.70 export name (library),high,same library/thunk name '_strrchr' (Ghidra function ID),0x0043dca0
0x004498ad,FID_conflict:__atoflt_l,crt,v1.70 export name,medium,"identical shape, callee __fassign_l (score 1.00)",0x0043dccd
0x00449953,FID_conflict:__atoflt_l_449953,crt,v1.70 export name,medium,"identical shape, callee __fassign_l (score 1.00)",0x0043dd73
0x004499f9,__fptostr,crt,v1.70 export name (library),high,same library/thunk name '__fptostr' (Ghidra function ID),0x0043de19
0x00449ab6,___dtold,crt,v1.70 export name (library),high,same library/thunk name '___dtold' (Ghidra function ID),0x0043ded6
0x00449b71,__fltout2,crt,v1.70 export name (library),high,same library/thunk name '__fltout2' (Ghidra function ID),0x0043df91
0x00449c00,__alldvrm,crt,v1.70 export name (library),high,same library/thunk name '__alldvrm' (Ghidra function ID),0x0043e020
0x00449ce0,__aullshr,crt,v1.70 export name (library),high,same library/thunk name '__aullshr' (Ghidra function ID),0x0043e100
0x00449cff,__controlfp_s,crt,v1.70 export name (library),high,same library/thunk name '__controlfp_s' (Ghidra function ID),0x0043e11f
0x00449d69,__chsize_nolock,crt,v1.70 export name (library),high,only caller of import SetEndOfFile,0x0043d771
0x00449f1d,__setmode_nolock,crt,v1.70 export name (library),high,same library/thunk name '__setmode_nolock' (Ghidra function ID),0x0043d925
0x00449fd9,__get_fmode,crt,v1.70 export name (library),high,same library/thunk name '__get_fmode' (Ghidra function ID),0x0043d9e1
0x0044a00d,___initconout,crt,v1.70 export name (library),high,unique string 'CONOUT$' (1 shared),0x0043db1d
0x0044a059,FUN_0044a059,crt,counterpart of the unnamed v1.70 function FUN_0043db69,high,"identical normalised instruction shape (10 insns, unique in both)",0x0043db69
0x0044a070,__alloca_probe,crt,v1.70 export name (library),high,same library/thunk name '__alloca_probe' (Ghidra function ID),0x0043dc70
0x0044a0a0,___ascii_strnicmp,crt,v1.70 export name (library),high,same library/thunk name '___ascii_strnicmp' (Ghidra function ID),0x0043e190
0x0044a101,_$I10_OUTPUT,crt,v1.70 export name (library),high,unique string '1#QNAN' (4 shared),0x0043e1f1
0x0044a9c9,__hw_cw,crt,v1.70 export name (library),high,same library/thunk name '__hw_cw' (Ghidra function ID),0x0043eab9
0x0044aa57,___hw_cw_sse2,crt,v1.70 export name (library),high,same library/thunk name '___hw_cw_sse2' (Ghidra function ID),0x0043eb47
0x0044aaf7,__control87,crt,v1.70 export name (library),high,same library/thunk name '__control87' (Ghidra function ID),0x0043ebe7
0x0044adfa,__mbsnbicoll_l,crt,v1.70 export name (library),high,same library/thunk name '__mbsnbicoll_l' (Ghidra function ID),0x0043eeea
0x0044aee6,__mbsnbicoll,crt,v1.70 export name (library),high,same library/thunk name '__mbsnbicoll' (Ghidra function ID),0x0043efd6
0x0044aefd,___wtomb_environ,crt,v1.70 export name (library),high,same library/thunk name '___wtomb_environ' (Ghidra function ID),0x0043efed
0x0044af92,_strnlen,crt,v1.70 export name (library),high,same library/thunk name '_strnlen' (Ghidra function ID),0x0043f082
0x0044afac,__crtCompareStringA_stat,crt,v1.70 export name (library),high,only caller of import CompareStringW,0x0043f09c
0x0044b335,___crtCompareStringA,crt,v1.70 export name (library),high,same library/thunk name '___crtCompareStringA' (Ghidra function ID),0x0043f425
0x0044b375,__strnicoll_l,crt,v1.70 export name (library),high,same library/thunk name '__strnicoll_l' (Ghidra function ID),0x0043f465
0x0044b46d,_findenv,crt,v1.70 export name (library),high,same library/thunk name '_findenv' (Ghidra function ID),0x0043f55d
0x0044b4ba,_copy_environ,crt,v1.70 export name (library),medium,"identical shape, callee ___crtsetenv (score 1.00)",0x0043f5aa
0x0044b517,___crtsetenv,crt,v1.70 export name (library),high,same library/thunk name '___crtsetenv' (Ghidra function ID),0x0043f607
0x0044b75e,__strdup,crt,v1.70 export name (library),high,same library/thunk name '__strdup' (Ghidra function ID),0x0043f84e
0x0044b7ae,__mbschr_l,crt,v1.70 export name (library),high,same library/thunk name '__mbschr_l' (Ghidra function ID),0x0043f89e
0x0044b868,__mbschr,crt,v1.70 export name (library),high,same library/thunk name '__mbschr' (Ghidra function ID),0x0043f958
0x0044b87c,Direct3DCreate8,crt,C runtime / compiler support (name from Ghidra function ID),high,Ghidra function ID name,
0x0044b882,FUN_0044b882,crt,C runtime (unnamed),low,address range of the runtime and library code,
0x0044b8e6,FUN_0044b8e6,crt,C runtime (unnamed),low,address range of the runtime and library code,
0x0044b974,FUN_0044b974,crt,C runtime (unnamed),low,address range of the runtime and library code,
0x0044b99e,FUN_0044b99e,crt,C runtime (unnamed),low,address range of the runtime and library code,
0x0044ba4d,FUN_0044ba4d,crt,C runtime (unnamed),low,address range of the runtime and library code,
0x0044ba7c,FUN_0044ba7c,crt,C runtime (unnamed),low,address range of the runtime and library code,
0x0044bae6,FUN_0044bae6,crt,C runtime (unnamed),low,address range of the runtime and library code,
0x0044baf3,thunk_FUN_0044bae6,crt,C runtime / compiler support (name from Ghidra function ID),high,Ghidra function ID name,
0x0044bb23,FUN_0044bb23,crt,C runtime (unnamed),low,address range of the runtime and library code,
0x0044bbd1,FUN_0044bbd1,crt,C runtime (unnamed),low,address range of the runtime and library code,
0x0044bbfb,FUN_0044bbfb,crt,C runtime (unnamed),low,address range of the runtime and library code,
0x0044bccc,FUN_0044bccc,crt,C runtime (unnamed),low,address range of the runtime and library code,
0x0044bcfb,FUN_0044bcfb,crt,C runtime (unnamed),low,address range of the runtime and library code,
0x0044bd65,FUN_0044bd65,crt,C runtime (unnamed),low,address range of the runtime and library code,
0x0044bd72,thunk_FUN_0044bd65,crt,C runtime / compiler support (name from Ghidra function ID),high,Ghidra function ID name,
0x0044bdeb,FUN_0044bdeb,crt,C runtime (unnamed),low,address range of the runtime and library code,
0x0044bf41,FUN_0044bf41,crt,C runtime (unnamed),low,address range of the runtime and library code,
0x0044c012,FUN_0044c012,crt,C runtime (unnamed),low,address range of the runtime and library code,
0x0044c03c,FUN_0044c03c,crt,C runtime (unnamed),low,address range of the runtime and library code,
0x0044c12f,FUN_0044c12f,crt,C runtime (unnamed),low,address range of the runtime and library code,
0x0044c15e,FUN_0044c15e,crt,C runtime (unnamed),low,address range of the runtime and library code,
0x0044c358,FUN_0044c358,crt,C runtime (unnamed),low,address range of the runtime and library code,
0x0044c365,thunk_FUN_0044c358,crt,C runtime / compiler support (name from Ghidra function ID),high,Ghidra function ID name,
0x0044c5a1,FUN_0044c5a1,crt,C runtime (unnamed),low,address range of the runtime and library code,
0x0044c5ae,thunk_FUN_0044c5a1,crt,C runtime / compiler support (name from Ghidra function ID),high,Ghidra function ID name,
0x0044c864,FUN_0044c864,crt,C runtime (unnamed),low,address range of the runtime and library code,
0x0044c871,thunk_FUN_0044c864,crt,C runtime / compiler support (name from Ghidra function ID),high,Ghidra function ID name,
0x0044cc04,FUN_0044cc04,crt,C runtime (unnamed),low,address range of the runtime and library code,
0x0044cc32,thunk_FUN_0044cc04,crt,C runtime / compiler support (name from Ghidra function ID),high,Ghidra function ID name,
0x0044cc94,FUN_0044cc94,crt,C runtime (unnamed),low,address range of the runtime and library code,
0x0044ccc2,thunk_FUN_0044cc94,crt,C runtime / compiler support (name from Ghidra function ID),high,Ghidra function ID name,
0x0044cd24,FUN_0044cd24,crt,C runtime (unnamed),low,address range of the runtime and library code,
0x0044cd40,FUN_0044cd40,crt,C runtime (unnamed),low,address range of the runtime and library code,
0x0044cdba,FUN_0044cdba,crt,C runtime (unnamed),low,address range of the runtime and library code,
0x0044cdd6,FUN_0044cdd6,crt,C runtime (unnamed),low,address range of the runtime and library code,
0x0044ce51,FUN_0044ce51,crt,C runtime (unnamed),low,address range of the runtime and library code,
0x0044ce6d,thunk_FUN_0044ce51,crt,C runtime / compiler support (name from Ghidra function ID),high,Ghidra function ID name,
0x0044cf0f,FUN_0044cf0f,crt,C runtime (unnamed),low,address range of the runtime and library code,
0x0044d011,FUN_0044d011,crt,C runtime (unnamed),low,address range of the runtime and library code,
0x0044d01e,thunk_FUN_0044d011,crt,C runtime / compiler support (name from Ghidra function ID),high,Ghidra function ID name,
0x0044d106,FUN_0044d106,crt,C runtime (unnamed),low,address range of the runtime and library code,
0x0044d134,thunk_FUN_0044d106,crt,C runtime / compiler support (name from Ghidra function ID),high,Ghidra function ID name,
0x0044d172,FUN_0044d172,crt,C runtime (unnamed),low,address range of the runtime and library code,
0x0044d258,FUN_0044d258,crt,C runtime (unnamed),low,address range of the runtime and library code,
0x0044d2ec,FUN_0044d2ec,crt,C runtime (unnamed),low,address range of the runtime and library code,
0x0044d593,FUN_0044d593,crt,C runtime (unnamed),low,address range of the runtime and library code,
0x0044d5b3,FUN_0044d5b3,crt,C runtime (unnamed),low,address range of the runtime and library code,
0x0044d60f,FUN_0044d60f,crt,C runtime (unnamed),low,address range of the runtime and library code,
0x0044d63d,thunk_FUN_0044d60f,crt,C runtime / compiler support (name from Ghidra function ID),high,Ghidra function ID name,
0x0044d71c,FUN_0044d71c,crt,C runtime (unnamed),low,address range of the runtime and library code,
0x0044d729,thunk_FUN_0044d71c,crt,C runtime / compiler support (name from Ghidra function ID),high,Ghidra function ID name,
0x0044d88b,FUN_0044d88b,crt,C runtime (unnamed),low,address range of the runtime and library code,
0x0044d898,thunk_FUN_0044d88b,crt,C runtime / compiler support (name from Ghidra function ID),high,Ghidra function ID name,
0x0044d952,FUN_0044d952,crt,C runtime (unnamed),low,address range of the runtime and library code,
0x0044d9d6,FUN_0044d9d6,crt,C runtime (unnamed),low,address range of the runtime and library code,
0x0044da77,FUN_0044da77,crt,C runtime (unnamed),low,address range of the runtime and library code,
0x0044da9b,thunk_FUN_0044da77,crt,C runtime / compiler support (name from Ghidra function ID),high,Ghidra function ID name,
0x0044db84,FUN_0044db84,crt,C runtime (unnamed),low,address range of the runtime and library code,
0x0044dbae,FUN_0044dbae,crt,C runtime (unnamed),low,address range of the runtime and library code,
0x0044dc05,FUN_0044dc05,crt,C runtime (unnamed),low,address range of the runtime and library code,
0x0044dc45,FUN_0044dc45,crt,C runtime (unnamed),low,address range of the runtime and library code,
0x0044dcd0,FUN_0044dcd0,crt,C runtime (unnamed),low,address range of the runtime and library code,
0x0044dcdd,thunk_FUN_0044dcd0,crt,C runtime / compiler support (name from Ghidra function ID),high,Ghidra function ID name,
0x0044dfd6,FUN_0044dfd6,crt,C runtime (unnamed),low,address range of the runtime and library code,
0x0044e063,FUN_0044e063,crt,C runtime (unnamed),low,address range of the runtime and library code,
0x0044e0ce,FUN_0044e0ce,crt,C runtime (unnamed),low,address range of the runtime and library code,
0x0044e14e,FUN_0044e14e,crt,C runtime (unnamed),low,address range of the runtime and library code,
0x0044e18a,FUN_0044e18a,crt,C runtime (unnamed),low,address range of the runtime and library code,
0x0044e22a,FUN_0044e22a,crt,C runtime (unnamed),low,address range of the runtime and library code,
0x0044e2b5,FUN_0044e2b5,crt,C runtime (unnamed),low,address range of the runtime and library code,
0x0044e374,FUN_0044e374,crt,C runtime (unnamed),low,address range of the runtime and library code,
0x0044e501,FUN_0044e501,crt,C runtime (unnamed),low,address range of the runtime and library code,
0x0044e6a7,FUN_0044e6a7,crt,C runtime (unnamed),low,address range of the runtime and library code,
0x0044e6e0,FUN_0044e6e0,crt,C runtime (unnamed),low,address range of the runtime and library code,
0x0044e994,FUN_0044e994,crt,C runtime (unnamed),low,address range of the runtime and library code,
0x0044ea6e,FUN_0044ea6e,crt,C runtime (unnamed),low,address range of the runtime and library code,
0x0044ef07,FUN_0044ef07,lib,"Direct3DX 8 static library (texture and image loading; includes libpng 1.0.5, libjpeg and zlib)",low,address range of the runtime and library code,
0x0044ef2b,FUN_0044ef2b,lib,"Direct3DX 8 static library (texture and image loading; includes libpng 1.0.5, libjpeg and zlib)",low,address range of the runtime and library code,
0x0044efa0,FUN_0044efa0,lib,"Direct3DX 8 static library (texture and image loading; includes libpng 1.0.5, libjpeg and zlib)",low,address range of the runtime and library code,
0x0044f082,FUN_0044f082,lib,"Direct3DX 8 static library (texture and image loading; includes libpng 1.0.5, libjpeg and zlib)",low,address range of the runtime and library code,
0x0044f0b3,FUN_0044f0b3,lib,"Direct3DX 8 static library (texture and image loading; includes libpng 1.0.5, libjpeg and zlib)",low,address range of the runtime and library code,
0x0044f195,FUN_0044f195,lib,"Direct3DX 8 static library (texture and image loading; includes libpng 1.0.5, libjpeg and zlib)",low,address range of the runtime and library code,
0x0044f268,FUN_0044f268,lib,"Direct3DX 8 static library (texture and image loading; includes libpng 1.0.5, libjpeg and zlib)",low,address range of the runtime and library code,
0x0044f592,`vector_constructor_iterator',lib,"Direct3DX 8 static library (texture and image loading; includes libpng 1.0.5, libjpeg and zlib)",high,Ghidra function ID name,
0x0044f5b4,FUN_0044f5b4,lib,"Direct3DX 8 static library (texture and image loading; includes libpng 1.0.5, libjpeg and zlib)",low,address range of the runtime and library code,
0x0044f75a,FUN_0044f75a,lib,"Direct3DX 8 static library (texture and image loading; includes libpng 1.0.5, libjpeg and zlib)",low,address range of the runtime and library code,
0x0044f7e0,FUN_0044f7e0,lib,"Direct3DX 8 static library (texture and image loading; includes libpng 1.0.5, libjpeg and zlib)",low,address range of the runtime and library code,
0x0044fac4,FUN_0044fac4,lib,"Direct3DX 8 static library (texture and image loading; includes libpng 1.0.5, libjpeg and zlib)",low,address range of the runtime and library code,
0x00450137,FUN_00450137,lib,"Direct3DX 8 static library (texture and image loading; includes libpng 1.0.5, libjpeg and zlib)",low,address range of the runtime and library code,
0x00450177,FUN_00450177,lib,"Direct3DX 8 static library (texture and image loading; includes libpng 1.0.5, libjpeg and zlib)",low,address range of the runtime and library code,
0x004501da,FUN_004501da,lib,"Direct3DX 8 static library (texture and image loading; includes libpng 1.0.5, libjpeg and zlib)",low,address range of the runtime and library code,
0x00450236,FUN_00450236,lib,"Direct3DX 8 static library (texture and image loading; includes libpng 1.0.5, libjpeg and zlib)",low,address range of the runtime and library code,
0x0045025b,FUN_0045025b,lib,"Direct3DX 8 static library (texture and image loading; includes libpng 1.0.5, libjpeg and zlib)",low,address range of the runtime and library code,
0x004502f4,FUN_004502f4,lib,"Direct3DX 8 static library (texture and image loading; includes libpng 1.0.5, libjpeg and zlib)",low,address range of the runtime and library code,
0x0045032c,FUN_0045032c,lib,"Direct3DX 8 static library (texture and image loading; includes libpng 1.0.5, libjpeg and zlib)",low,address range of the runtime and library code,
0x00450366,Catch@00450366,lib,"Direct3DX 8 static library (texture and image loading; includes libpng 1.0.5, libjpeg and zlib)",high,Ghidra function ID name,
0x00450372,FUN_00450372,lib,"Direct3DX 8 static library (texture and image loading; includes libpng 1.0.5, libjpeg and zlib)",low,address range of the runtime and library code,
0x004503d1,FUN_004503d1,lib,"Direct3DX 8 static library (texture and image loading; includes libpng 1.0.5, libjpeg and zlib)",low,address range of the runtime and library code,
0x00450485,FUN_00450485,lib,"Direct3DX 8 static library (texture and image loading; includes libpng 1.0.5, libjpeg and zlib)",low,address range of the runtime and library code,
0x00450581,FUN_00450581,lib,"Direct3DX 8 static library (texture and image loading; includes libpng 1.0.5, libjpeg and zlib)",low,address range of the runtime and library code,
0x00450611,FUN_00450611,lib,"Direct3DX 8 static library (texture and image loading; includes libpng 1.0.5, libjpeg and zlib)",low,address range of the runtime and library code,
0x0045062a,FUN_0045062a,lib,"Direct3DX 8 static library (texture and image loading; includes libpng 1.0.5, libjpeg and zlib)",low,address range of the runtime and library code,
0x00450683,FUN_00450683,lib,"Direct3DX 8 static library (texture and image loading; includes libpng 1.0.5, libjpeg and zlib)",low,address range of the runtime and library code,
0x0045069f,FUN_0045069f,lib,"Direct3DX 8 static library (texture and image loading; includes libpng 1.0.5, libjpeg and zlib)",low,address range of the runtime and library code,
0x00450db5,FUN_00450db5,lib,"Direct3DX 8 static library (texture and image loading; includes libpng 1.0.5, libjpeg and zlib)",low,address range of the runtime and library code,
0x00450df7,FUN_00450df7,lib,"Direct3DX 8 static library (texture and image loading; includes libpng 1.0.5, libjpeg and zlib)",low,address range of the runtime and library code,
0x00451067,FUN_00451067,lib,"Direct3DX 8 static library (texture and image loading; includes libpng 1.0.5, libjpeg and zlib)",low,address range of the runtime and library code,
0x0045150e,FUN_0045150e,lib,"Direct3DX 8 static library (texture and image loading; includes libpng 1.0.5, libjpeg and zlib)",low,address range of the runtime and library code,
0x004517e3,FUN_004517e3,lib,"Direct3DX 8 static library (texture and image loading; includes libpng 1.0.5, libjpeg and zlib)",low,address range of the runtime and library code,
0x00451d79,FUN_00451d79,lib,"Direct3DX 8 static library (texture and image loading; includes libpng 1.0.5, libjpeg and zlib)",low,address range of the runtime and library code,
0x004520ba,FUN_004520ba,lib,"Direct3DX 8 static library (texture and image loading; includes libpng 1.0.5, libjpeg and zlib)",low,address range of the runtime and library code,
0x004520ea,FUN_004520ea,lib,"Direct3DX 8 static library (texture and image loading; includes libpng 1.0.5, libjpeg and zlib)",low,address range of the runtime and library code,
0x004522bf,FUN_004522bf,lib,"Direct3DX 8 static library (texture and image loading; includes libpng 1.0.5, libjpeg and zlib)",low,address range of the runtime and library code,
0x004522c9,FUN_004522c9,lib,"Direct3DX 8 static library (texture and image loading; includes libpng 1.0.5, libjpeg and zlib)",low,address range of the runtime and library code,
0x004522fd,FUN_004522fd,lib,"Direct3DX 8 static library (texture and image loading; includes libpng 1.0.5, libjpeg and zlib)",low,address range of the runtime and library code,
0x004525ba,FUN_004525ba,lib,"Direct3DX 8 static library (texture and image loading; includes libpng 1.0.5, libjpeg and zlib)",low,address range of the runtime and library code,
0x00452606,FUN_00452606,lib,"Direct3DX 8 static library (texture and image loading; includes libpng 1.0.5, libjpeg and zlib)",low,address range of the runtime and library code,
0x00452a7a,FUN_00452a7a,lib,"Direct3DX 8 static library (texture and image loading; includes libpng 1.0.5, libjpeg and zlib)",low,address range of the runtime and library code,
0x00452c08,FUN_00452c08,lib,"Direct3DX 8 static library (texture and image loading; includes libpng 1.0.5, libjpeg and zlib)",low,address range of the runtime and library code,
0x00452d2e,FUN_00452d2e,lib,"Direct3DX 8 static library (texture and image loading; includes libpng 1.0.5, libjpeg and zlib)",low,address range of the runtime and library code,
0x00452d5f,FUN_00452d5f,lib,"Direct3DX 8 static library (texture and image loading; includes libpng 1.0.5, libjpeg and zlib)",low,address range of the runtime and library code,
0x00452e47,FUN_00452e47,lib,"Direct3DX 8 static library (texture and image loading; includes libpng 1.0.5, libjpeg and zlib)",low,address range of the runtime and library code,
0x00452f5d,FUN_00452f5d,lib,"Direct3DX 8 static library (texture and image loading; includes libpng 1.0.5, libjpeg and zlib)",low,address range of the runtime and library code,
0x00452f95,FUN_00452f95,lib,"Direct3DX 8 static library (texture and image loading; includes libpng 1.0.5, libjpeg and zlib)",low,address range of the runtime and library code,
0x00452fc4,FUN_00452fc4,lib,"Direct3DX 8 static library (texture and image loading; includes libpng 1.0.5, libjpeg and zlib)",low,address range of the runtime and library code,
0x00452ff5,FUN_00452ff5,lib,"Direct3DX 8 static library (texture and image loading; includes libpng 1.0.5, libjpeg and zlib)",low,address range of the runtime and library code,
0x00453145,FUN_00453145,lib,"Direct3DX 8 static library (texture and image loading; includes libpng 1.0.5, libjpeg and zlib)",low,address range of the runtime and library code,
0x00453269,FUN_00453269,lib,"Direct3DX 8 static library (texture and image loading; includes libpng 1.0.5, libjpeg and zlib)",low,address range of the runtime and library code,
0x004533b8,FUN_004533b8,lib,"Direct3DX 8 static library (texture and image loading; includes libpng 1.0.5, libjpeg and zlib)",low,address range of the runtime and library code,
0x0045350b,FUN_0045350b,lib,"Direct3DX 8 static library (texture and image loading; includes libpng 1.0.5, libjpeg and zlib)",low,address range of the runtime and library code,
0x0045364a,FUN_0045364a,lib,"Direct3DX 8 static library (texture and image loading; includes libpng 1.0.5, libjpeg and zlib)",low,address range of the runtime and library code,
0x004536e5,FUN_004536e5,lib,"Direct3DX 8 static library (texture and image loading; includes libpng 1.0.5, libjpeg and zlib)",low,address range of the runtime and library code,
0x00453831,FUN_00453831,lib,"Direct3DX 8 static library (texture and image loading; includes libpng 1.0.5, libjpeg and zlib)",low,address range of the runtime and library code,
0x00453952,FUN_00453952,lib,"Direct3DX 8 static library (texture and image loading; includes libpng 1.0.5, libjpeg and zlib)",low,address range of the runtime and library code,
0x00453a9e,FUN_00453a9e,lib,"Direct3DX 8 static library (texture and image loading; includes libpng 1.0.5, libjpeg and zlib)",low,address range of the runtime and library code,
0x00453bdd,FUN_00453bdd,lib,"Direct3DX 8 static library (texture and image loading; includes libpng 1.0.5, libjpeg and zlib)",low,address range of the runtime and library code,
0x00453d15,FUN_00453d15,lib,"Direct3DX 8 static library (texture and image loading; includes libpng 1.0.5, libjpeg and zlib)",low,address range of the runtime and library code,
0x00453e06,FUN_00453e06,lib,"Direct3DX 8 static library (texture and image loading; includes libpng 1.0.5, libjpeg and zlib)",low,address range of the runtime and library code,
0x00454008,FUN_00454008,lib,"Direct3DX 8 static library (texture and image loading; includes libpng 1.0.5, libjpeg and zlib)",low,address range of the runtime and library code,
0x0045420c,FUN_0045420c,lib,"Direct3DX 8 static library (texture and image loading; includes libpng 1.0.5, libjpeg and zlib)",low,address range of the runtime and library code,
0x0045462f,FUN_0045462f,lib,"Direct3DX 8 static library (texture and image loading; includes libpng 1.0.5, libjpeg and zlib)",low,address range of the runtime and library code,
0x00454ac1,FUN_00454ac1,lib,"Direct3DX 8 static library (texture and image loading; includes libpng 1.0.5, libjpeg and zlib)",low,address range of the runtime and library code,
0x00454bc1,FUN_00454bc1,lib,"Direct3DX 8 static library (texture and image loading; includes libpng 1.0.5, libjpeg and zlib)",low,address range of the runtime and library code,
0x00454fa7,FUN_00454fa7,lib,"Direct3DX 8 static library (texture and image loading; includes libpng 1.0.5, libjpeg and zlib)",low,address range of the runtime and library code,
0x004556d8,FUN_004556d8,lib,"Direct3DX 8 static library (texture and image loading; includes libpng 1.0.5, libjpeg and zlib)",low,address range of the runtime and library code,
0x00455a7a,FUN_00455a7a,lib,"Direct3DX 8 static library (texture and image loading; includes libpng 1.0.5, libjpeg and zlib)",low,address range of the runtime and library code,
0x00455b94,FUN_00455b94,lib,"Direct3DX 8 static library (texture and image loading; includes libpng 1.0.5, libjpeg and zlib)",low,address range of the runtime and library code,
0x00455ba4,FUN_00455ba4,lib,"Direct3DX 8 static library (texture and image loading; includes libpng 1.0.5, libjpeg and zlib)",low,address range of the runtime and library code,
0x00455c0d,FUN_00455c0d,lib,"Direct3DX 8 static library (texture and image loading; includes libpng 1.0.5, libjpeg and zlib)",low,address range of the runtime and library code,
0x00455c13,FUN_00455c13,lib,"Direct3DX 8 static library (texture and image loading; includes libpng 1.0.5, libjpeg and zlib)",low,address range of the runtime and library code,
0x00455c29,thunk_FUN_00455ba4,lib,"Direct3DX 8 static library (texture and image loading; includes libpng 1.0.5, libjpeg and zlib)",high,Ghidra function ID name,
0x00455c2e,FUN_00455c2e,lib,"Direct3DX 8 static library (texture and image loading; includes libpng 1.0.5, libjpeg and zlib)",low,address range of the runtime and library code,
0x00456041,thunk_FUN_00455c13,lib,"Direct3DX 8 static library (texture and image loading; includes libpng 1.0.5, libjpeg and zlib)",high,Ghidra function ID name,
0x00456046,FUN_00456046,lib,"Direct3DX 8 static library (texture and image loading; includes libpng 1.0.5, libjpeg and zlib)",low,address range of the runtime and library code,
0x004563a1,FUN_004563a1,lib,"Direct3DX 8 static library (texture and image loading; includes libpng 1.0.5, libjpeg and zlib)",low,address range of the runtime and library code,
0x004563b7,FUN_004563b7,lib,"Direct3DX 8 static library (texture and image loading; includes libpng 1.0.5, libjpeg and zlib)",low,address range of the runtime and library code,
0x004566ae,FUN_004566ae,lib,"Direct3DX 8 static library (texture and image loading; includes libpng 1.0.5, libjpeg and zlib)",low,address range of the runtime and library code,
0x0045674e,FUN_0045674e,lib,"Direct3DX 8 static library (texture and image loading; includes libpng 1.0.5, libjpeg and zlib)",low,address range of the runtime and library code,
0x00456b48,FUN_00456b48,lib,"Direct3DX 8 static library (texture and image loading; includes libpng 1.0.5, libjpeg and zlib)",low,address range of the runtime and library code,
0x00456b6b,FUN_00456b6b,lib,"Direct3DX 8 static library (texture and image loading; includes libpng 1.0.5, libjpeg and zlib)",low,address range of the runtime and library code,
0x00456db7,FUN_00456db7,lib,"Direct3DX 8 static library (texture and image loading; includes libpng 1.0.5, libjpeg and zlib)",low,address range of the runtime and library code,
0x00456dd3,FUN_00456dd3,lib,"Direct3DX 8 static library (texture and image loading; includes libpng 1.0.5, libjpeg and zlib)",low,address range of the runtime and library code,
0x00456e4e,FUN_00456e4e,lib,"Direct3DX 8 static library (texture and image loading; includes libpng 1.0.5, libjpeg and zlib)",low,address range of the runtime and library code,
0x00456f1a,FUN_00456f1a,lib,"Direct3DX 8 static library (texture and image loading; includes libpng 1.0.5, libjpeg and zlib)",low,address range of the runtime and library code,
0x00456f8a,FUN_00456f8a,lib,"Direct3DX 8 static library (texture and image loading; includes libpng 1.0.5, libjpeg and zlib)",low,address range of the runtime and library code,
0x00457076,FUN_00457076,lib,"Direct3DX 8 static library (texture and image loading; includes libpng 1.0.5, libjpeg and zlib)",low,address range of the runtime and library code,
0x00457199,FUN_00457199,lib,"Direct3DX 8 static library (texture and image loading; includes libpng 1.0.5, libjpeg and zlib)",low,address range of the runtime and library code,
0x0045729a,FUN_0045729a,lib,"Direct3DX 8 static library (texture and image loading; includes libpng 1.0.5, libjpeg and zlib)",low,address range of the runtime and library code,
0x0045739b,FUN_0045739b,lib,"Direct3DX 8 static library (texture and image loading; includes libpng 1.0.5, libjpeg and zlib)",low,address range of the runtime and library code,
0x0045749c,FUN_0045749c,lib,"Direct3DX 8 static library (texture and image loading; includes libpng 1.0.5, libjpeg and zlib)",low,address range of the runtime and library code,
0x004575b9,FUN_004575b9,lib,"Direct3DX 8 static library (texture and image loading; includes libpng 1.0.5, libjpeg and zlib)",low,address range of the runtime and library code,
0x004576dc,FUN_004576dc,lib,"Direct3DX 8 static library (texture and image loading; includes libpng 1.0.5, libjpeg and zlib)",low,address range of the runtime and library code,
0x004577da,FUN_004577da,lib,"Direct3DX 8 static library (texture and image loading; includes libpng 1.0.5, libjpeg and zlib)",low,address range of the runtime and library code,
0x00457883,FUN_00457883,lib,"Direct3DX 8 static library (texture and image loading; includes libpng 1.0.5, libjpeg and zlib)",low,address range of the runtime and library code,
0x004579a6,FUN_004579a6,lib,"Direct3DX 8 static library (texture and image loading; includes libpng 1.0.5, libjpeg and zlib)",low,address range of the runtime and library code,
0x00457aa7,FUN_00457aa7,lib,"Direct3DX 8 static library (texture and image loading; includes libpng 1.0.5, libjpeg and zlib)",low,address range of the runtime and library code,
0x00457bca,FUN_00457bca,lib,"Direct3DX 8 static library (texture and image loading; includes libpng 1.0.5, libjpeg and zlib)",low,address range of the runtime and library code,
0x00457c9a,FUN_00457c9a,lib,"Direct3DX 8 static library (texture and image loading; includes libpng 1.0.5, libjpeg and zlib)",low,address range of the runtime and library code,
0x00457db2,FUN_00457db2,lib,"Direct3DX 8 static library (texture and image loading; includes libpng 1.0.5, libjpeg and zlib)",low,address range of the runtime and library code,
0x00457e77,FUN_00457e77,lib,"Direct3DX 8 static library (texture and image loading; includes libpng 1.0.5, libjpeg and zlib)",low,address range of the runtime and library code,
0x00457f3c,FUN_00457f3c,lib,"Direct3DX 8 static library (texture and image loading; includes libpng 1.0.5, libjpeg and zlib)",low,address range of the runtime and library code,
0x00458032,FUN_00458032,lib,"Direct3DX 8 static library (texture and image loading; includes libpng 1.0.5, libjpeg and zlib)",low,address range of the runtime and library code,
0x0045811d,FUN_0045811d,lib,"Direct3DX 8 static library (texture and image loading; includes libpng 1.0.5, libjpeg and zlib)",low,address range of the runtime and library code,
0x004581f2,FUN_004581f2,lib,"Direct3DX 8 static library (texture and image loading; includes libpng 1.0.5, libjpeg and zlib)",low,address range of the runtime and library code,
0x004582f7,FUN_004582f7,lib,"Direct3DX 8 static library (texture and image loading; includes libpng 1.0.5, libjpeg and zlib)",low,address range of the runtime and library code,
0x00458402,FUN_00458402,lib,"Direct3DX 8 static library (texture and image loading; includes libpng 1.0.5, libjpeg and zlib)",low,address range of the runtime and library code,
0x0045853c,FUN_0045853c,lib,"Direct3DX 8 static library (texture and image loading; includes libpng 1.0.5, libjpeg and zlib)",low,address range of the runtime and library code,
0x00458612,FUN_00458612,lib,"Direct3DX 8 static library (texture and image loading; includes libpng 1.0.5, libjpeg and zlib)",low,address range of the runtime and library code,
0x0045871c,FUN_0045871c,lib,"Direct3DX 8 static library (texture and image loading; includes libpng 1.0.5, libjpeg and zlib)",low,address range of the runtime and library code,
0x00458852,FUN_00458852,lib,"Direct3DX 8 static library (texture and image loading; includes libpng 1.0.5, libjpeg and zlib)",low,address range of the runtime and library code,
0x00458919,FUN_00458919,lib,"Direct3DX 8 static library (texture and image loading; includes libpng 1.0.5, libjpeg and zlib)",low,address range of the runtime and library code,
0x00458a07,FUN_00458a07,lib,"Direct3DX 8 static library (texture and image loading; includes libpng 1.0.5, libjpeg and zlib)",low,address range of the runtime and library code,
0x00458af6,FUN_00458af6,lib,"Direct3DX 8 static library (texture and image loading; includes libpng 1.0.5, libjpeg and zlib)",low,address range of the runtime and library code,
0x00458c52,FUN_00458c52,lib,"Direct3DX 8 static library (texture and image loading; includes libpng 1.0.5, libjpeg and zlib)",low,address range of the runtime and library code,
0x00458cde,FUN_00458cde,lib,"Direct3DX 8 static library (texture and image loading; includes libpng 1.0.5, libjpeg and zlib)",low,address range of the runtime and library code,
0x00458d84,FUN_00458d84,lib,"Direct3DX 8 static library (texture and image loading; includes libpng 1.0.5, libjpeg and zlib)",low,address range of the runtime and library code,
0x00458e20,FUN_00458e20,lib,"Direct3DX 8 static library (texture and image loading; includes libpng 1.0.5, libjpeg and zlib)",low,address range of the runtime and library code,
0x00458ec5,FUN_00458ec5,lib,"Direct3DX 8 static library (texture and image loading; includes libpng 1.0.5, libjpeg and zlib)",low,address range of the runtime and library code,
0x00458f67,FUN_00458f67,lib,"Direct3DX 8 static library (texture and image loading; includes libpng 1.0.5, libjpeg and zlib)",low,address range of the runtime and library code,
0x00459017,FUN_00459017,lib,"Direct3DX 8 static library (texture and image loading; includes libpng 1.0.5, libjpeg and zlib)",low,address range of the runtime and library code,
0x004590c6,FUN_004590c6,lib,"Direct3DX 8 static library (texture and image loading; includes libpng 1.0.5, libjpeg and zlib)",low,address range of the runtime and library code,
0x0045919c,FUN_0045919c,lib,"Direct3DX 8 static library (texture and image loading; includes libpng 1.0.5, libjpeg and zlib)",low,address range of the runtime and library code,
0x0045922e,FUN_0045922e,lib,"Direct3DX 8 static library (texture and image loading; includes libpng 1.0.5, libjpeg and zlib)",low,address range of the runtime and library code,
0x004592d0,FUN_004592d0,lib,"Direct3DX 8 static library (texture and image loading; includes libpng 1.0.5, libjpeg and zlib)",low,address range of the runtime and library code,
0x00459342,FUN_00459342,lib,"Direct3DX 8 static library (texture and image loading; includes libpng 1.0.5, libjpeg and zlib)",low,address range of the runtime and library code,
0x004593f4,FUN_004593f4,lib,"Direct3DX 8 static library (texture and image loading; includes libpng 1.0.5, libjpeg and zlib)",low,address range of the runtime and library code,
0x00459493,FUN_00459493,lib,"Direct3DX 8 static library (texture and image loading; includes libpng 1.0.5, libjpeg and zlib)",low,address range of the runtime and library code,
0x0045957e,FUN_0045957e,lib,"Direct3DX 8 static library (texture and image loading; includes libpng 1.0.5, libjpeg and zlib)",low,address range of the runtime and library code,
0x004595ec,FUN_004595ec,lib,"Direct3DX 8 static library (texture and image loading; includes libpng 1.0.5, libjpeg and zlib)",low,address range of the runtime and library code,
0x00459675,FUN_00459675,lib,"Direct3DX 8 static library (texture and image loading; includes libpng 1.0.5, libjpeg and zlib)",low,address range of the runtime and library code,
0x004596fe,FUN_004596fe,lib,"Direct3DX 8 static library (texture and image loading; includes libpng 1.0.5, libjpeg and zlib)",low,address range of the runtime and library code,
0x00459780,FUN_00459780,lib,"Direct3DX 8 static library (texture and image loading; includes libpng 1.0.5, libjpeg and zlib)",low,address range of the runtime and library code,
0x00459831,FUN_00459831,lib,"Direct3DX 8 static library (texture and image loading; includes libpng 1.0.5, libjpeg and zlib)",low,address range of the runtime and library code,
0x004598c2,FUN_004598c2,lib,"Direct3DX 8 static library (texture and image loading; includes libpng 1.0.5, libjpeg and zlib)",low,address range of the runtime and library code,
0x00459959,FUN_00459959,lib,"Direct3DX 8 static library (texture and image loading; includes libpng 1.0.5, libjpeg and zlib)",low,address range of the runtime and library code,
0x004599dc,FUN_004599dc,lib,"Direct3DX 8 static library (texture and image loading; includes libpng 1.0.5, libjpeg and zlib)",low,address range of the runtime and library code,
0x00459a96,FUN_00459a96,lib,"Direct3DX 8 static library (texture and image loading; includes libpng 1.0.5, libjpeg and zlib)",low,address range of the runtime and library code,
0x00459b69,FUN_00459b69,lib,"Direct3DX 8 static library (texture and image loading; includes libpng 1.0.5, libjpeg and zlib)",low,address range of the runtime and library code,
0x00459bd9,FUN_00459bd9,lib,"Direct3DX 8 static library (texture and image loading; includes libpng 1.0.5, libjpeg and zlib)",low,address range of the runtime and library code,
0x00459c67,FUN_00459c67,lib,"Direct3DX 8 static library (texture and image loading; includes libpng 1.0.5, libjpeg and zlib)",low,address range of the runtime and library code,
0x00459cf3,FUN_00459cf3,lib,"Direct3DX 8 static library (texture and image loading; includes libpng 1.0.5, libjpeg and zlib)",low,address range of the runtime and library code,
0x00459dd3,FUN_00459dd3,lib,"Direct3DX 8 static library (texture and image loading; includes libpng 1.0.5, libjpeg and zlib)",low,address range of the runtime and library code,
0x00459ecb,FUN_00459ecb,lib,"Direct3DX 8 static library (texture and image loading; includes libpng 1.0.5, libjpeg and zlib)",low,address range of the runtime and library code,
0x00459ee7,FUN_00459ee7,lib,"Direct3DX 8 static library (texture and image loading; includes libpng 1.0.5, libjpeg and zlib)",low,address range of the runtime and library code,
0x0045a0d3,FUN_0045a0d3,lib,"Direct3DX 8 static library (texture and image loading; includes libpng 1.0.5, libjpeg and zlib)",low,address range of the runtime and library code,
0x0045a0ef,FUN_0045a0ef,lib,"Direct3DX 8 static library (texture and image loading; includes libpng 1.0.5, libjpeg and zlib)",low,address range of the runtime and library code,
0x0045a10b,FUN_0045a10b,lib,"Direct3DX 8 static library (texture and image loading; includes libpng 1.0.5, libjpeg and zlib)",low,address range of the runtime and library code,
0x0045a127,FUN_0045a127,lib,"Direct3DX 8 static library (texture and image loading; includes libpng 1.0.5, libjpeg and zlib)",low,address range of the runtime and library code,
0x0045a3f8,thunk_FUN_004563a1,lib,"Direct3DX 8 static library (texture and image loading; includes libpng 1.0.5, libjpeg and zlib)",high,Ghidra function ID name,
0x0045a3fd,FUN_0045a3fd,lib,"Direct3DX 8 static library (texture and image loading; includes libpng 1.0.5, libjpeg and zlib)",low,address range of the runtime and library code,
0x0045a419,FUN_0045a419,lib,"Direct3DX 8 static library (texture and image loading; includes libpng 1.0.5, libjpeg and zlib)",low,address range of the runtime and library code,
0x0045a435,FUN_0045a435,lib,"Direct3DX 8 static library (texture and image loading; includes libpng 1.0.5, libjpeg and zlib)",low,address range of the runtime and library code,
0x0045a451,FUN_0045a451,lib,"Direct3DX 8 static library (texture and image loading; includes libpng 1.0.5, libjpeg and zlib)",low,address range of the runtime and library code,
0x0045a46d,FUN_0045a46d,lib,"Direct3DX 8 static library (texture and image loading; includes libpng 1.0.5, libjpeg and zlib)",low,address range of the runtime and library code,
0x0045a489,FUN_0045a489,lib,"Direct3DX 8 static library (texture and image loading; includes libpng 1.0.5, libjpeg and zlib)",low,address range of the runtime and library code,
0x0045a516,FUN_0045a516,lib,"Direct3DX 8 static library (texture and image loading; includes libpng 1.0.5, libjpeg and zlib)",low,address range of the runtime and library code,
0x0045a5a1,FUN_0045a5a1,lib,"Direct3DX 8 static library (texture and image loading; includes libpng 1.0.5, libjpeg and zlib)",low,address range of the runtime and library code,
0x0045a793,FUN_0045a793,lib,"Direct3DX 8 static library (texture and image loading; includes libpng 1.0.5, libjpeg and zlib)",low,address range of the runtime and library code,
0x0045a7af,FUN_0045a7af,lib,"Direct3DX 8 static library (texture and image loading; includes libpng 1.0.5, libjpeg and zlib)",low,address range of the runtime and library code,
0x0045a7cb,FUN_0045a7cb,lib,"Direct3DX 8 static library (texture and image loading; includes libpng 1.0.5, libjpeg and zlib)",low,address range of the runtime and library code,
0x0045a7e7,FUN_0045a7e7,lib,"Direct3DX 8 static library (texture and image loading; includes libpng 1.0.5, libjpeg and zlib)",low,address range of the runtime and library code,
0x0045a803,FUN_0045a803,lib,"Direct3DX 8 static library (texture and image loading; includes libpng 1.0.5, libjpeg and zlib)",low,address range of the runtime and library code,
0x0045a81f,FUN_0045a81f,lib,"Direct3DX 8 static library (texture and image loading; includes libpng 1.0.5, libjpeg and zlib)",low,address range of the runtime and library code,
0x0045a83b,FUN_0045a83b,lib,"Direct3DX 8 static library (texture and image loading; includes libpng 1.0.5, libjpeg and zlib)",low,address range of the runtime and library code,
0x0045a857,FUN_0045a857,lib,"Direct3DX 8 static library (texture and image loading; includes libpng 1.0.5, libjpeg and zlib)",low,address range of the runtime and library code,
0x0045a958,FUN_0045a958,lib,"Direct3DX 8 static library (texture and image loading; includes libpng 1.0.5, libjpeg and zlib)",low,address range of the runtime and library code,
0x0045a974,FUN_0045a974,lib,"Direct3DX 8 static library (texture and image loading; includes libpng 1.0.5, libjpeg and zlib)",low,address range of the runtime and library code,
0x0045a990,FUN_0045a990,lib,"Direct3DX 8 static library (texture and image loading; includes libpng 1.0.5, libjpeg and zlib)",low,address range of the runtime and library code,
0x0045a9ac,FUN_0045a9ac,lib,"Direct3DX 8 static library (texture and image loading; includes libpng 1.0.5, libjpeg and zlib)",low,address range of the runtime and library code,
0x0045a9c8,FUN_0045a9c8,lib,"Direct3DX 8 static library (texture and image loading; includes libpng 1.0.5, libjpeg and zlib)",low,address range of the runtime and library code,
0x0045a9e4,FUN_0045a9e4,lib,"Direct3DX 8 static library (texture and image loading; includes libpng 1.0.5, libjpeg and zlib)",low,address range of the runtime and library code,
0x0045aa00,FUN_0045aa00,lib,"Direct3DX 8 static library (texture and image loading; includes libpng 1.0.5, libjpeg and zlib)",low,address range of the runtime and library code,
0x0045aa1c,FUN_0045aa1c,lib,"Direct3DX 8 static library (texture and image loading; includes libpng 1.0.5, libjpeg and zlib)",low,address range of the runtime and library code,
0x0045aa38,FUN_0045aa38,lib,"Direct3DX 8 static library (texture and image loading; includes libpng 1.0.5, libjpeg and zlib)",low,address range of the runtime and library code,
0x0045aa54,FUN_0045aa54,lib,"Direct3DX 8 static library (texture and image loading; includes libpng 1.0.5, libjpeg and zlib)",low,address range of the runtime and library code,
0x0045acfd,FUN_0045acfd,lib,"Direct3DX 8 static library (texture and image loading; includes libpng 1.0.5, libjpeg and zlib)",low,address range of the runtime and library code,
0x0045ad19,FUN_0045ad19,lib,"Direct3DX 8 static library (texture and image loading; includes libpng 1.0.5, libjpeg and zlib)",low,address range of the runtime and library code,
0x0045ad35,FUN_0045ad35,lib,"Direct3DX 8 static library (texture and image loading; includes libpng 1.0.5, libjpeg and zlib)",low,address range of the runtime and library code,
0x0045ad51,FUN_0045ad51,lib,"Direct3DX 8 static library (texture and image loading; includes libpng 1.0.5, libjpeg and zlib)",low,address range of the runtime and library code,
0x0045ad6d,FUN_0045ad6d,lib,"Direct3DX 8 static library (texture and image loading; includes libpng 1.0.5, libjpeg and zlib)",low,address range of the runtime and library code,
0x0045ad89,FUN_0045ad89,lib,"Direct3DX 8 static library (texture and image loading; includes libpng 1.0.5, libjpeg and zlib)",low,address range of the runtime and library code,
0x0045ada5,FUN_0045ada5,lib,"Direct3DX 8 static library (texture and image loading; includes libpng 1.0.5, libjpeg and zlib)",low,address range of the runtime and library code,
0x0045adbd,FUN_0045adbd,lib,"Direct3DX 8 static library (texture and image loading; includes libpng 1.0.5, libjpeg and zlib)",low,address range of the runtime and library code,
0x0045add5,FUN_0045add5,lib,"Direct3DX 8 static library (texture and image loading; includes libpng 1.0.5, libjpeg and zlib)",low,address range of the runtime and library code,
0x0045adf1,FUN_0045adf1,lib,"Direct3DX 8 static library (texture and image loading; includes libpng 1.0.5, libjpeg and zlib)",low,address range of the runtime and library code,
0x0045ae09,thunk_FUN_004566ae,lib,"Direct3DX 8 static library (texture and image loading; includes libpng 1.0.5, libjpeg and zlib)",high,Ghidra function ID name,
0x0045ae0e,FUN_0045ae0e,lib,"Direct3DX 8 static library (texture and image loading; includes libpng 1.0.5, libjpeg and zlib)",low,address range of the runtime and library code,
0x0045ae26,FUN_0045ae26,lib,"Direct3DX 8 static library (texture and image loading; includes libpng 1.0.5, libjpeg and zlib)",low,address range of the runtime and library code,
0x0045ae3e,FUN_0045ae3e,lib,"Direct3DX 8 static library (texture and image loading; includes libpng 1.0.5, libjpeg and zlib)",low,address range of the runtime and library code,
0x0045ae87,FUN_0045ae87,lib,"Direct3DX 8 static library (texture and image loading; includes libpng 1.0.5, libjpeg and zlib)",low,address range of the runtime and library code,
0x0045ae9f,FUN_0045ae9f,lib,"Direct3DX 8 static library (texture and image loading; includes libpng 1.0.5, libjpeg and zlib)",low,address range of the runtime and library code,
0x0045aeb7,FUN_0045aeb7,lib,"Direct3DX 8 static library (texture and image loading; includes libpng 1.0.5, libjpeg and zlib)",low,address range of the runtime and library code,
0x0045b62f,FUN_0045b62f,lib,"Direct3DX 8 static library (texture and image loading; includes libpng 1.0.5, libjpeg and zlib)",low,address range of the runtime and library code,
0x0045b64b,thunk_FUN_0045ae3e,lib,"Direct3DX 8 static library (texture and image loading; includes libpng 1.0.5, libjpeg and zlib)",high,Ghidra function ID name,
0x0045b650,FUN_0045b650,lib,"Direct3DX 8 static library (texture and image loading; includes libpng 1.0.5, libjpeg and zlib)",low,address range of the runtime and library code,
0x0045b662,FUN_0045b662,lib,"Direct3DX 8 static library (texture and image loading; includes libpng 1.0.5, libjpeg and zlib)",low,address range of the runtime and library code,
0x0045b772,FUN_0045b772,lib,"Direct3DX 8 static library (texture and image loading; includes libpng 1.0.5, libjpeg and zlib)",low,address range of the runtime and library code,
0x0045b7b3,FUN_0045b7b3,lib,"Direct3DX 8 static library (texture and image loading; includes libpng 1.0.5, libjpeg and zlib)",low,address range of the runtime and library code,
0x0045b7c0,FUN_0045b7c0,lib,"Direct3DX 8 static library (texture and image loading; includes libpng 1.0.5, libjpeg and zlib)",low,address range of the runtime and library code,
0x0045b8d0,FUN_0045b8d0,lib,"Direct3DX 8 static library (texture and image loading; includes libpng 1.0.5, libjpeg and zlib)",low,address range of the runtime and library code,
0x0045b9e0,FUN_0045b9e0,lib,"Direct3DX 8 static library (texture and image loading; includes libpng 1.0.5, libjpeg and zlib)",low,address range of the runtime and library code,
0x0045bab3,FUN_0045bab3,lib,"Direct3DX 8 static library (texture and image loading; includes libpng 1.0.5, libjpeg and zlib)",low,address range of the runtime and library code,
0x0045befa,FUN_0045befa,lib,"Direct3DX 8 static library (texture and image loading; includes libpng 1.0.5, libjpeg and zlib)",low,address range of the runtime and library code,
0x0045bfc4,FUN_0045bfc4,lib,"Direct3DX 8 static library (texture and image loading; includes libpng 1.0.5, libjpeg and zlib)",low,address range of the runtime and library code,
0x0045c0a7,FUN_0045c0a7,lib,"Direct3DX 8 static library (texture and image loading; includes libpng 1.0.5, libjpeg and zlib)",low,address range of the runtime and library code,
0x0045c135,FUN_0045c135,lib,"Direct3DX 8 static library (texture and image loading; includes libpng 1.0.5, libjpeg and zlib)",low,address range of the runtime and library code,
0x0045c171,FUN_0045c171,lib,"Direct3DX 8 static library (texture and image loading; includes libpng 1.0.5, libjpeg and zlib)",low,address range of the runtime and library code,
0x0045c231,thunk_FUN_0046c32c,lib,"Direct3DX 8 static library (texture and image loading; includes libpng 1.0.5, libjpeg and zlib)",high,Ghidra function ID name,
0x0045c236,FUN_0045c236,lib,"Direct3DX 8 static library (texture and image loading; includes libpng 1.0.5, libjpeg and zlib)",low,address range of the runtime and library code,
0x0045c3a9,FUN_0045c3a9,lib,"Direct3DX 8 static library (texture and image loading; includes libpng 1.0.5, libjpeg and zlib)",low,address range of the runtime and library code,
0x0045c443,FUN_0045c443,lib,"Direct3DX 8 static library (texture and image loading; includes libpng 1.0.5, libjpeg and zlib)",low,address range of the runtime and library code,
0x0045c4ea,FUN_0045c4ea,lib,"Direct3DX 8 static library (texture and image loading; includes libpng 1.0.5, libjpeg and zlib)",low,address range of the runtime and library code,
0x0045c54d,FUN_0045c54d,lib,"Direct3DX 8 static library (texture and image loading; includes libpng 1.0.5, libjpeg and zlib)",low,address range of the runtime and library code,
0x0045c5f6,FUN_0045c5f6,lib,"Direct3DX 8 static library (texture and image loading; includes libpng 1.0.5, libjpeg and zlib)",low,address range of the runtime and library code,
0x0045c67a,FUN_0045c67a,lib,"Direct3DX 8 static library (texture and image loading; includes libpng 1.0.5, libjpeg and zlib)",low,address range of the runtime and library code,
0x0045c73b,FUN_0045c73b,lib,"Direct3DX 8 static library (texture and image loading; includes libpng 1.0.5, libjpeg and zlib)",low,address range of the runtime and library code,
0x0045c7c9,FUN_0045c7c9,lib,"Direct3DX 8 static library (texture and image loading; includes libpng 1.0.5, libjpeg and zlib)",low,address range of the runtime and library code,
0x0045cac4,FUN_0045cac4,lib,"Direct3DX 8 static library (texture and image loading; includes libpng 1.0.5, libjpeg and zlib)",low,address range of the runtime and library code,
0x0045cd76,FUN_0045cd76,lib,"Direct3DX 8 static library (texture and image loading; includes libpng 1.0.5, libjpeg and zlib)",low,address range of the runtime and library code,
0x0045cfb2,FUN_0045cfb2,lib,"Direct3DX 8 static library (texture and image loading; includes libpng 1.0.5, libjpeg and zlib)",low,address range of the runtime and library code,
0x0045d12c,FUN_0045d12c,lib,"Direct3DX 8 static library (texture and image loading; includes libpng 1.0.5, libjpeg and zlib)",low,address range of the runtime and library code,
0x0045d283,FUN_0045d283,lib,"Direct3DX 8 static library (texture and image loading; includes libpng 1.0.5, libjpeg and zlib)",low,address range of the runtime and library code,
0x0045d517,FUN_0045d517,lib,"Direct3DX 8 static library (texture and image loading; includes libpng 1.0.5, libjpeg and zlib)",low,address range of the runtime and library code,
0x0045d740,FUN_0045d740,lib,"Direct3DX 8 static library (texture and image loading; includes libpng 1.0.5, libjpeg and zlib)",low,address range of the runtime and library code,
0x0045d817,FUN_0045d817,lib,"Direct3DX 8 static library (texture and image loading; includes libpng 1.0.5, libjpeg and zlib)",low,address range of the runtime and library code,
0x0045d8b3,FUN_0045d8b3,lib,"Direct3DX 8 static library (texture and image loading; includes libpng 1.0.5, libjpeg and zlib)",low,address range of the runtime and library code,
0x0045d98a,FUN_0045d98a,lib,"Direct3DX 8 static library (texture and image loading; includes libpng 1.0.5, libjpeg and zlib)",low,address range of the runtime and library code,
0x0045dc0e,FUN_0045dc0e,lib,"Direct3DX 8 static library (texture and image loading; includes libpng 1.0.5, libjpeg and zlib)",low,address range of the runtime and library code,
0x0045dd7b,FUN_0045dd7b,lib,"Direct3DX 8 static library (texture and image loading; includes libpng 1.0.5, libjpeg and zlib)",low,address range of the runtime and library code,
0x0045dda5,FUN_0045dda5,lib,"Direct3DX 8 static library (texture and image loading; includes libpng 1.0.5, libjpeg and zlib)",low,address range of the runtime and library code,
0x0045de22,FUN_0045de22,lib,"Direct3DX 8 static library (texture and image loading; includes libpng 1.0.5, libjpeg and zlib)",low,address range of the runtime and library code,
0x0045df33,FUN_0045df33,lib,"Direct3DX 8 static library (texture and image loading; includes libpng 1.0.5, libjpeg and zlib)",low,address range of the runtime and library code,
0x0045df7f,FUN_0045df7f,lib,"Direct3DX 8 static library (texture and image loading; includes libpng 1.0.5, libjpeg and zlib)",low,address range of the runtime and library code,
0x0045e006,FUN_0045e006,lib,"Direct3DX 8 static library (texture and image loading; includes libpng 1.0.5, libjpeg and zlib)",low,address range of the runtime and library code,
0x0045e020,FUN_0045e020,lib,"Direct3DX 8 static library (texture and image loading; includes libpng 1.0.5, libjpeg and zlib)",low,address range of the runtime and library code,
0x0045e03e,FUN_0045e03e,lib,"Direct3DX 8 static library (texture and image loading; includes libpng 1.0.5, libjpeg and zlib)",low,address range of the runtime and library code,
0x0045e053,FUN_0045e053,lib,"Direct3DX 8 static library (texture and image loading; includes libpng 1.0.5, libjpeg and zlib)",low,address range of the runtime and library code,
0x0045e078,FUN_0045e078,lib,"Direct3DX 8 static library (texture and image loading; includes libpng 1.0.5, libjpeg and zlib)",low,address range of the runtime and library code,
0x0045e09d,FUN_0045e09d,lib,"Direct3DX 8 static library (texture and image loading; includes libpng 1.0.5, libjpeg and zlib)",low,address range of the runtime and library code,
0x0045e1a0,FUN_0045e1a0,lib,"Direct3DX 8 static library (texture and image loading; includes libpng 1.0.5, libjpeg and zlib)",low,address range of the runtime and library code,
0x0045e313,FUN_0045e313,lib,"Direct3DX 8 static library (texture and image loading; includes libpng 1.0.5, libjpeg and zlib)",low,address range of the runtime and library code,
0x0045e333,FUN_0045e333,lib,"Direct3DX 8 static library (texture and image loading; includes libpng 1.0.5, libjpeg and zlib)",low,address range of the runtime and library code,
0x0045e6da,FUN_0045e6da,lib,"Direct3DX 8 static library (texture and image loading; includes libpng 1.0.5, libjpeg and zlib)",low,address range of the runtime and library code,
0x0045e727,FUN_0045e727,lib,"Direct3DX 8 static library (texture and image loading; includes libpng 1.0.5, libjpeg and zlib)",low,address range of the runtime and library code,
0x0045e84a,FUN_0045e84a,lib,"Direct3DX 8 static library (texture and image loading; includes libpng 1.0.5, libjpeg and zlib)",low,address range of the runtime and library code,
0x0045e8cb,FUN_0045e8cb,lib,"Direct3DX 8 static library (texture and image loading; includes libpng 1.0.5, libjpeg and zlib)",low,address range of the runtime and library code,
0x0045e8e5,FUN_0045e8e5,lib,"Direct3DX 8 static library (texture and image loading; includes libpng 1.0.5, libjpeg and zlib)",low,address range of the runtime and library code,
0x0045e8fb,FUN_0045e8fb,lib,"Direct3DX 8 static library (texture and image loading; includes libpng 1.0.5, libjpeg and zlib)",low,address range of the runtime and library code,
0x0045e911,FUN_0045e911,lib,"Direct3DX 8 static library (texture and image loading; includes libpng 1.0.5, libjpeg and zlib)",low,address range of the runtime and library code,
0x0045e93a,FUN_0045e93a,lib,"Direct3DX 8 static library (texture and image loading; includes libpng 1.0.5, libjpeg and zlib)",low,address range of the runtime and library code,
0x0045e965,FUN_0045e965,lib,"Direct3DX 8 static library (texture and image loading; includes libpng 1.0.5, libjpeg and zlib)",low,address range of the runtime and library code,
0x0045ea36,FUN_0045ea36,lib,"Direct3DX 8 static library (texture and image loading; includes libpng 1.0.5, libjpeg and zlib)",low,address range of the runtime and library code,
0x0045ea69,FUN_0045ea69,lib,"Direct3DX 8 static library (texture and image loading; includes libpng 1.0.5, libjpeg and zlib)",low,address range of the runtime and library code,
0x0045ead0,FUN_0045ead0,lib,"Direct3DX 8 static library (texture and image loading; includes libpng 1.0.5, libjpeg and zlib)",low,address range of the runtime and library code,
0x0045ead9,FUN_0045ead9,lib,"Direct3DX 8 static library (texture and image loading; includes libpng 1.0.5, libjpeg and zlib)",low,address range of the runtime and library code,
0x0045eaeb,FUN_0045eaeb,lib,"Direct3DX 8 static library (texture and image loading; includes libpng 1.0.5, libjpeg and zlib)",low,address range of the runtime and library code,
0x0045eb04,FUN_0045eb04,lib,"Direct3DX 8 static library (texture and image loading; includes libpng 1.0.5, libjpeg and zlib)",low,address range of the runtime and library code,
0x0045eb1d,FUN_0045eb1d,lib,"Direct3DX 8 static library (texture and image loading; includes libpng 1.0.5, libjpeg and zlib)",low,address range of the runtime and library code,
0x0045eb6a,FUN_0045eb6a,lib,"Direct3DX 8 static library (texture and image loading; includes libpng 1.0.5, libjpeg and zlib)",low,address range of the runtime and library code,
0x0045eb97,FUN_0045eb97,lib,"Direct3DX 8 static library (texture and image loading; includes libpng 1.0.5, libjpeg and zlib)",low,address range of the runtime and library code,
0x0045ec56,FUN_0045ec56,lib,"Direct3DX 8 static library (texture and image loading; includes libpng 1.0.5, libjpeg and zlib)",low,address range of the runtime and library code,
0x0045ec8c,FUN_0045ec8c,lib,"Direct3DX 8 static library (texture and image loading; includes libpng 1.0.5, libjpeg and zlib)",low,address range of the runtime and library code,
0x0045ec95,FUN_0045ec95,lib,"Direct3DX 8 static library (texture and image loading; includes libpng 1.0.5, libjpeg and zlib)",low,address range of the runtime and library code,
0x0045ed80,FUN_0045ed80,lib,"Direct3DX 8 static library (texture and image loading; includes libpng 1.0.5, libjpeg and zlib)",low,address range of the runtime and library code,
0x0045ee90,FUN_0045ee90,lib,"Direct3DX 8 static library (texture and image loading; includes libpng 1.0.5, libjpeg and zlib)",low,address range of the runtime and library code,
0x0045f007,FUN_0045f007,lib,"Direct3DX 8 static library (texture and image loading; includes libpng 1.0.5, libjpeg and zlib)",low,address range of the runtime and library code,
0x0045f04b,FUN_0045f04b,lib,"Direct3DX 8 static library (texture and image loading; includes libpng 1.0.5, libjpeg and zlib)",low,address range of the runtime and library code,
0x0045f283,FUN_0045f283,lib,"Direct3DX 8 static library (texture and image loading; includes libpng 1.0.5, libjpeg and zlib)",low,address range of the runtime and library code,
0x0045f5d1,FUN_0045f5d1,lib,"Direct3DX 8 static library (texture and image loading; includes libpng 1.0.5, libjpeg and zlib)",low,address range of the runtime and library code,
0x0045f7d9,FUN_0045f7d9,lib,"Direct3DX 8 static library (texture and image loading; includes libpng 1.0.5, libjpeg and zlib)",low,address range of the runtime and library code,
0x0045fb2b,FUN_0045fb2b,lib,"Direct3DX 8 static library (texture and image loading; includes libpng 1.0.5, libjpeg and zlib)",low,address range of the runtime and library code,
0x0045fc39,FUN_0045fc39,lib,"Direct3DX 8 static library (texture and image loading; includes libpng 1.0.5, libjpeg and zlib)",low,address range of the runtime and library code,
0x0045ff42,FUN_0045ff42,lib,"Direct3DX 8 static library (texture and image loading; includes libpng 1.0.5, libjpeg and zlib)",low,address range of the runtime and library code,
0x00460055,FUN_00460055,lib,"Direct3DX 8 static library (texture and image loading; includes libpng 1.0.5, libjpeg and zlib)",low,address range of the runtime and library code,
0x0046020d,FUN_0046020d,lib,"Direct3DX 8 static library (texture and image loading; includes libpng 1.0.5, libjpeg and zlib)",low,address range of the runtime and library code,
0x00460228,FUN_00460228,lib,"Direct3DX 8 static library (texture and image loading; includes libpng 1.0.5, libjpeg and zlib)",low,address range of the runtime and library code,
0x004602c9,FUN_004602c9,lib,"Direct3DX 8 static library (texture and image loading; includes libpng 1.0.5, libjpeg and zlib)",low,address range of the runtime and library code,
0x004602ed,FUN_004602ed,lib,"Direct3DX 8 static library (texture and image loading; includes libpng 1.0.5, libjpeg and zlib)",low,address range of the runtime and library code,
0x00460308,FUN_00460308,lib,"Direct3DX 8 static library (texture and image loading; includes libpng 1.0.5, libjpeg and zlib)",low,address range of the runtime and library code,
0x00460341,FUN_00460341,lib,"Direct3DX 8 static library (texture and image loading; includes libpng 1.0.5, libjpeg and zlib)",low,address range of the runtime and library code,
0x00460388,FUN_00460388,lib,"Direct3DX 8 static library (texture and image loading; includes libpng 1.0.5, libjpeg and zlib)",low,address range of the runtime and library code,
0x004603b0,FUN_004603b0,lib,"Direct3DX 8 static library (texture and image loading; includes libpng 1.0.5, libjpeg and zlib)",low,address range of the runtime and library code,
0x004603ef,FUN_004603ef,lib,"Direct3DX 8 static library (texture and image loading; includes libpng 1.0.5, libjpeg and zlib)",low,address range of the runtime and library code,
0x00460437,FUN_00460437,lib,"Direct3DX 8 static library (texture and image loading; includes libpng 1.0.5, libjpeg and zlib)",low,address range of the runtime and library code,
0x0046048a,thunk_FUN_0046cede,lib,"Direct3DX 8 static library (texture and image loading; includes libpng 1.0.5, libjpeg and zlib)",high,Ghidra function ID name,
0x0046048f,FUN_0046048f,lib,"Direct3DX 8 static library (texture and image loading; includes libpng 1.0.5, libjpeg and zlib)",low,address range of the runtime and library code,
0x004604a7,FUN_004604a7,lib,"Direct3DX 8 static library (texture and image loading; includes libpng 1.0.5, libjpeg and zlib)",low,address range of the runtime and library code,
0x004604e6,FUN_004604e6,lib,"Direct3DX 8 static library (texture and image loading; includes libpng 1.0.5, libjpeg and zlib)",low,address range of the runtime and library code,
0x004604f4,FUN_004604f4,lib,"Direct3DX 8 static library (texture and image loading; includes libpng 1.0.5, libjpeg and zlib)",low,address range of the runtime and library code,
0x0046051a,FUN_0046051a,lib,"Direct3DX 8 static library (texture and image loading; includes libpng 1.0.5, libjpeg and zlib)",low,address range of the runtime and library code,
0x00460566,FUN_00460566,lib,"Direct3DX 8 static library (texture and image loading; includes libpng 1.0.5, libjpeg and zlib)",low,address range of the runtime and library code,
0x004605e4,FUN_004605e4,lib,"Direct3DX 8 static library (texture and image loading; includes libpng 1.0.5, libjpeg and zlib)",low,address range of the runtime and library code,
0x00460614,FUN_00460614,lib,"Direct3DX 8 static library (texture and image loading; includes libpng 1.0.5, libjpeg and zlib)",low,address range of the runtime and library code,
0x00460637,FUN_00460637,lib,"Direct3DX 8 static library (texture and image loading; includes libpng 1.0.5, libjpeg and zlib)",low,address range of the runtime and library code,
0x00460731,FUN_00460731,lib,"Direct3DX 8 static library (texture and image loading; includes libpng 1.0.5, libjpeg and zlib)",low,address range of the runtime and library code,
0x00460a36,FUN_00460a36,lib,"Direct3DX 8 static library (texture and image loading; includes libpng 1.0.5, libjpeg and zlib)",low,address range of the runtime and library code,
0x00460fa1,FUN_00460fa1,lib,"Direct3DX 8 static library (texture and image loading; includes libpng 1.0.5, libjpeg and zlib)",low,address range of the runtime and library code,
0x004617a5,FUN_004617a5,lib,"Direct3DX 8 static library (texture and image loading; includes libpng 1.0.5, libjpeg and zlib)",low,address range of the runtime and library code,
0x004618e3,FUN_004618e3,lib,"Direct3DX 8 static library (texture and image loading; includes libpng 1.0.5, libjpeg and zlib)",low,address range of the runtime and library code,
0x00461966,FUN_00461966,lib,"Direct3DX 8 static library (texture and image loading; includes libpng 1.0.5, libjpeg and zlib)",low,address range of the runtime and library code,
0x00461aba,FUN_00461aba,lib,"Direct3DX 8 static library (texture and image loading; includes libpng 1.0.5, libjpeg and zlib)",low,address range of the runtime and library code,
0x00461bce,FUN_00461bce,lib,"Direct3DX 8 static library (texture and image loading; includes libpng 1.0.5, libjpeg and zlib)",low,address range of the runtime and library code,
0x00462066,FUN_00462066,lib,"Direct3DX 8 static library (texture and image loading; includes libpng 1.0.5, libjpeg and zlib)",low,address range of the runtime and library code,
0x0046209a,FUN_0046209a,lib,"Direct3DX 8 static library (texture and image loading; includes libpng 1.0.5, libjpeg and zlib)",low,address range of the runtime and library code,
0x004620d0,FUN_004620d0,lib,"Direct3DX 8 static library (texture and image loading; includes libpng 1.0.5, libjpeg and zlib)",low,address range of the runtime and library code,
0x00462110,FUN_00462110,lib,"Direct3DX 8 static library (texture and image loading; includes libpng 1.0.5, libjpeg and zlib)",low,address range of the runtime and library code,
0x00464c76,FUN_00464c76,lib,"Direct3DX 8 static library (texture and image loading; includes libpng 1.0.5, libjpeg and zlib)",low,address range of the runtime and library code,
0x0046521f,FUN_0046521f,lib,"Direct3DX 8 static library (texture and image loading; includes libpng 1.0.5, libjpeg and zlib)",low,address range of the runtime and library code,
0x0046528b,FUN_0046528b,lib,"Direct3DX 8 static library (texture and image loading; includes libpng 1.0.5, libjpeg and zlib)",low,address range of the runtime and library code,
0x004653c2,FUN_004653c2,lib,"Direct3DX 8 static library (texture and image loading; includes libpng 1.0.5, libjpeg and zlib)",low,address range of the runtime and library code,
0x0046544f,FUN_0046544f,lib,"Direct3DX 8 static library (texture and image loading; includes libpng 1.0.5, libjpeg and zlib)",low,address range of the runtime and library code,
0x00465545,FUN_00465545,lib,"Direct3DX 8 static library (texture and image loading; includes libpng 1.0.5, libjpeg and zlib)",low,address range of the runtime and library code,
0x00465691,FUN_00465691,lib,"Direct3DX 8 static library (texture and image loading; includes libpng 1.0.5, libjpeg and zlib)",low,address range of the runtime and library code,
0x004667b2,FUN_004667b2,lib,"Direct3DX 8 static library (texture and image loading; includes libpng 1.0.5, libjpeg and zlib)",low,address range of the runtime and library code,
0x00466972,FUN_00466972,lib,"Direct3DX 8 static library (texture and image loading; includes libpng 1.0.5, libjpeg and zlib)",low,address range of the runtime and library code,
0x00467b0a,FUN_00467b0a,lib,"Direct3DX 8 static library (texture and image loading; includes libpng 1.0.5, libjpeg and zlib)",low,address range of the runtime and library code,
0x004681e3,FUN_004681e3,lib,"Direct3DX 8 static library (texture and image loading; includes libpng 1.0.5, libjpeg and zlib)",low,address range of the runtime and library code,
0x004682fc,FUN_004682fc,lib,"Direct3DX 8 static library (texture and image loading; includes libpng 1.0.5, libjpeg and zlib)",low,address range of the runtime and library code,
0x00469450,FUN_00469450,lib,"Direct3DX 8 static library (texture and image loading; includes libpng 1.0.5, libjpeg and zlib)",low,address range of the runtime and library code,
0x00469b2a,FUN_00469b2a,lib,"Direct3DX 8 static library (texture and image loading; includes libpng 1.0.5, libjpeg and zlib)",low,address range of the runtime and library code,
0x00469f52,FUN_00469f52,lib,"Direct3DX 8 static library (texture and image loading; includes libpng 1.0.5, libjpeg and zlib)",low,address range of the runtime and library code,
0x0046a1e0,FUN_0046a1e0,lib,"Direct3DX 8 static library (texture and image loading; includes libpng 1.0.5, libjpeg and zlib)",low,address range of the runtime and library code,
0x0046a26b,FUN_0046a26b,lib,"Direct3DX 8 static library (texture and image loading; includes libpng 1.0.5, libjpeg and zlib)",low,address range of the runtime and library code,
0x0046a437,FUN_0046a437,lib,"Direct3DX 8 static library (texture and image loading; includes libpng 1.0.5, libjpeg and zlib)",low,address range of the runtime and library code,
0x0046a5bf,FUN_0046a5bf,lib,"Direct3DX 8 static library (texture and image loading; includes libpng 1.0.5, libjpeg and zlib)",low,address range of the runtime and library code,
0x0046a7e5,FUN_0046a7e5,lib,"Direct3DX 8 static library (texture and image loading; includes libpng 1.0.5, libjpeg and zlib)",low,address range of the runtime and library code,
0x0046b208,FUN_0046b208,lib,"Direct3DX 8 static library (texture and image loading; includes libpng 1.0.5, libjpeg and zlib)",low,address range of the runtime and library code,
0x0046b2ea,FUN_0046b2ea,lib,"Direct3DX 8 static library (texture and image loading; includes libpng 1.0.5, libjpeg and zlib)",low,address range of the runtime and library code,
0x0046b2fa,FUN_0046b2fa,lib,"Direct3DX 8 static library (texture and image loading; includes libpng 1.0.5, libjpeg and zlib)",low,address range of the runtime and library code,
0x0046b312,FUN_0046b312,lib,"Direct3DX 8 static library (texture and image loading; includes libpng 1.0.5, libjpeg and zlib)",low,address range of the runtime and library code,
0x0046b359,FUN_0046b359,lib,"Direct3DX 8 static library (texture and image loading; includes libpng 1.0.5, libjpeg and zlib)",low,address range of the runtime and library code,
0x0046b37b,FUN_0046b37b,lib,"Direct3DX 8 static library (texture and image loading; includes libpng 1.0.5, libjpeg and zlib)",low,address range of the runtime and library code,
0x0046b396,FUN_0046b396,lib,"Direct3DX 8 static library (texture and image loading; includes libpng 1.0.5, libjpeg and zlib)",low,address range of the runtime and library code,
0x0046b3c8,FUN_0046b3c8,lib,"Direct3DX 8 static library (texture and image loading; includes libpng 1.0.5, libjpeg and zlib)",low,address range of the runtime and library code,
0x0046b583,FUN_0046b583,lib,"Direct3DX 8 static library (texture and image loading; includes libpng 1.0.5, libjpeg and zlib)",low,address range of the runtime and library code,
0x0046b6f9,FUN_0046b6f9,lib,"Direct3DX 8 static library (texture and image loading; includes libpng 1.0.5, libjpeg and zlib)",low,address range of the runtime and library code,
0x0046b78b,FUN_0046b78b,lib,"Direct3DX 8 static library (texture and image loading; includes libpng 1.0.5, libjpeg and zlib)",low,address range of the runtime and library code,
0x0046b858,FUN_0046b858,lib,"Direct3DX 8 static library (texture and image loading; includes libpng 1.0.5, libjpeg and zlib)",low,address range of the runtime and library code,
0x0046b8a0,FUN_0046b8a0,lib,"Direct3DX 8 static library (texture and image loading; includes libpng 1.0.5, libjpeg and zlib)",low,address range of the runtime and library code,
0x0046b8e1,FUN_0046b8e1,lib,"Direct3DX 8 static library (texture and image loading; includes libpng 1.0.5, libjpeg and zlib)",low,address range of the runtime and library code,
0x0046b8f6,FUN_0046b8f6,lib,"Direct3DX 8 static library (texture and image loading; includes libpng 1.0.5, libjpeg and zlib)",low,address range of the runtime and library code,
0x0046b9f2,FUN_0046b9f2,lib,"Direct3DX 8 static library (texture and image loading; includes libpng 1.0.5, libjpeg and zlib)",low,address range of the runtime and library code,
0x0046ba80,FUN_0046ba80,lib,"Direct3DX 8 static library (texture and image loading; includes libpng 1.0.5, libjpeg and zlib)",low,address range of the runtime and library code,
0x0046bb12,FUN_0046bb12,lib,"Direct3DX 8 static library (texture and image loading; includes libpng 1.0.5, libjpeg and zlib)",low,address range of the runtime and library code,
0x0046bbb0,FUN_0046bbb0,lib,"Direct3DX 8 static library (texture and image loading; includes libpng 1.0.5, libjpeg and zlib)",low,address range of the runtime and library code,
0x0046bc11,FUN_0046bc11,lib,"Direct3DX 8 static library (texture and image loading; includes libpng 1.0.5, libjpeg and zlib)",low,address range of the runtime and library code,
0x0046bc72,FUN_0046bc72,lib,"Direct3DX 8 static library (texture and image loading; includes libpng 1.0.5, libjpeg and zlib)",low,address range of the runtime and library code,
0x0046bdf1,FUN_0046bdf1,lib,"Direct3DX 8 static library (texture and image loading; includes libpng 1.0.5, libjpeg and zlib)",low,address range of the runtime and library code,
0x0046be79,FUN_0046be79,lib,"Direct3DX 8 static library (texture and image loading; includes libpng 1.0.5, libjpeg and zlib)",low,address range of the runtime and library code,
0x0046bf04,FUN_0046bf04,lib,"Direct3DX 8 static library (texture and image loading; includes libpng 1.0.5, libjpeg and zlib)",low,address range of the runtime and library code,
0x0046c022,FUN_0046c022,lib,"Direct3DX 8 static library (texture and image loading; includes libpng 1.0.5, libjpeg and zlib)",low,address range of the runtime and library code,
0x0046c145,FUN_0046c145,lib,"Direct3DX 8 static library (texture and image loading; includes libpng 1.0.5, libjpeg and zlib)",low,address range of the runtime and library code,
0x0046c226,FUN_0046c226,lib,"Direct3DX 8 static library (texture and image loading; includes libpng 1.0.5, libjpeg and zlib)",low,address range of the runtime and library code,
0x0046c256,FUN_0046c256,lib,"Direct3DX 8 static library (texture and image loading; includes libpng 1.0.5, libjpeg and zlib)",low,address range of the runtime and library code,
0x0046c30a,FUN_0046c30a,lib,"Direct3DX 8 static library (texture and image loading; includes libpng 1.0.5, libjpeg and zlib)",low,address range of the runtime and library code,
0x0046c32c,FUN_0046c32c,lib,"Direct3DX 8 static library (texture and image loading; includes libpng 1.0.5, libjpeg and zlib)",low,address range of the runtime and library code,
0x0046c347,FUN_0046c347,lib,"Direct3DX 8 static library (texture and image loading; includes libpng 1.0.5, libjpeg and zlib)",low,address range of the runtime and library code,
0x0046c363,FUN_0046c363,lib,"Direct3DX 8 static library (texture and image loading; includes libpng 1.0.5, libjpeg and zlib)",low,address range of the runtime and library code,
0x0046c37f,FUN_0046c37f,lib,"Direct3DX 8 static library (texture and image loading; includes libpng 1.0.5, libjpeg and zlib)",low,address range of the runtime and library code,
0x0046c3f0,FUN_0046c3f0,lib,"Direct3DX 8 static library (texture and image loading; includes libpng 1.0.5, libjpeg and zlib)",low,address range of the runtime and library code,
0x0046c5df,FUN_0046c5df,lib,"Direct3DX 8 static library (texture and image loading; includes libpng 1.0.5, libjpeg and zlib)",low,address range of the runtime and library code,
0x0046c64e,FUN_0046c64e,lib,"Direct3DX 8 static library (texture and image loading; includes libpng 1.0.5, libjpeg and zlib)",low,address range of the runtime and library code,
0x0046c949,FUN_0046c949,lib,"Direct3DX 8 static library (texture and image loading; includes libpng 1.0.5, libjpeg and zlib)",low,address range of the runtime and library code,
0x0046c979,FUN_0046c979,lib,"Direct3DX 8 static library (texture and image loading; includes libpng 1.0.5, libjpeg and zlib)",low,address range of the runtime and library code,
0x0046c9b8,FUN_0046c9b8,lib,"Direct3DX 8 static library (texture and image loading; includes libpng 1.0.5, libjpeg and zlib)",low,address range of the runtime and library code,
0x0046c9f6,FUN_0046c9f6,lib,"Direct3DX 8 static library (texture and image loading; includes libpng 1.0.5, libjpeg and zlib)",low,address range of the runtime and library code,
0x0046cadb,FUN_0046cadb,lib,"Direct3DX 8 static library (texture and image loading; includes libpng 1.0.5, libjpeg and zlib)",low,address range of the runtime and library code,
0x0046caf2,FUN_0046caf2,lib,"Direct3DX 8 static library (texture and image loading; includes libpng 1.0.5, libjpeg and zlib)",low,address range of the runtime and library code,
0x0046ce59,FUN_0046ce59,lib,"Direct3DX 8 static library (texture and image loading; includes libpng 1.0.5, libjpeg and zlib)",low,address range of the runtime and library code,
0x0046ce9b,FUN_0046ce9b,lib,"Direct3DX 8 static library (texture and image loading; includes libpng 1.0.5, libjpeg and zlib)",low,address range of the runtime and library code,
0x0046cea8,FUN_0046cea8,lib,"Direct3DX 8 static library (texture and image loading; includes libpng 1.0.5, libjpeg and zlib)",low,address range of the runtime and library code,
0x0046cede,FUN_0046cede,lib,"Direct3DX 8 static library (texture and image loading; includes libpng 1.0.5, libjpeg and zlib)",low,address range of the runtime and library code,
0x0046cef7,FUN_0046cef7,lib,"Direct3DX 8 static library (texture and image loading; includes libpng 1.0.5, libjpeg and zlib)",low,address range of the runtime and library code,
0x0046cf1a,FUN_0046cf1a,lib,"Direct3DX 8 static library (texture and image loading; includes libpng 1.0.5, libjpeg and zlib)",low,address range of the runtime and library code,
0x0046cf4b,FUN_0046cf4b,lib,"Direct3DX 8 static library (texture and image loading; includes libpng 1.0.5, libjpeg and zlib)",low,address range of the runtime and library code,
0x0046cf6e,FUN_0046cf6e,lib,"Direct3DX 8 static library (texture and image loading; includes libpng 1.0.5, libjpeg and zlib)",low,address range of the runtime and library code,
0x0046cf88,FUN_0046cf88,lib,"Direct3DX 8 static library (texture and image loading; includes libpng 1.0.5, libjpeg and zlib)",low,address range of the runtime and library code,
0x0046cfe6,FUN_0046cfe6,lib,"Direct3DX 8 static library (texture and image loading; includes libpng 1.0.5, libjpeg and zlib)",low,address range of the runtime and library code,
0x0046d048,FUN_0046d048,lib,"Direct3DX 8 static library (texture and image loading; includes libpng 1.0.5, libjpeg and zlib)",low,address range of the runtime and library code,
0x0046d25e,FUN_0046d25e,lib,"Direct3DX 8 static library (texture and image loading; includes libpng 1.0.5, libjpeg and zlib)",low,address range of the runtime and library code,
0x0046d527,FUN_0046d527,lib,"Direct3DX 8 static library (texture and image loading; includes libpng 1.0.5, libjpeg and zlib)",low,address range of the runtime and library code,
0x0046d6a2,FUN_0046d6a2,lib,"Direct3DX 8 static library (texture and image loading; includes libpng 1.0.5, libjpeg and zlib)",low,address range of the runtime and library code,
0x0046d83e,FUN_0046d83e,lib,"Direct3DX 8 static library (texture and image loading; includes libpng 1.0.5, libjpeg and zlib)",low,address range of the runtime and library code,
0x0046d8ca,FUN_0046d8ca,lib,"Direct3DX 8 static library (texture and image loading; includes libpng 1.0.5, libjpeg and zlib)",low,address range of the runtime and library code,
0x0046dac0,FUN_0046dac0,lib,"Direct3DX 8 static library (texture and image loading; includes libpng 1.0.5, libjpeg and zlib)",low,address range of the runtime and library code,
0x0046dbea,FUN_0046dbea,lib,"Direct3DX 8 static library (texture and image loading; includes libpng 1.0.5, libjpeg and zlib)",low,address range of the runtime and library code,
0x0046dc34,FUN_0046dc34,lib,"Direct3DX 8 static library (texture and image loading; includes libpng 1.0.5, libjpeg and zlib)",low,address range of the runtime and library code,
0x0046dd3f,FUN_0046dd3f,lib,"Direct3DX 8 static library (texture and image loading; includes libpng 1.0.5, libjpeg and zlib)",low,address range of the runtime and library code,
0x0046de2e,FUN_0046de2e,lib,"Direct3DX 8 static library (texture and image loading; includes libpng 1.0.5, libjpeg and zlib)",low,address range of the runtime and library code,
0x0046dfe5,FUN_0046dfe5,lib,"Direct3DX 8 static library (texture and image loading; includes libpng 1.0.5, libjpeg and zlib)",low,address range of the runtime and library code,
0x0046e02f,FUN_0046e02f,lib,"Direct3DX 8 static library (texture and image loading; includes libpng 1.0.5, libjpeg and zlib)",low,address range of the runtime and library code,
0x0046e253,FUN_0046e253,lib,"Direct3DX 8 static library (texture and image loading; includes libpng 1.0.5, libjpeg and zlib)",low,address range of the runtime and library code,
0x0046e360,FUN_0046e360,lib,"Direct3DX 8 static library (texture and image loading; includes libpng 1.0.5, libjpeg and zlib)",low,address range of the runtime and library code,
0x0046e550,FUN_0046e550,lib,"Direct3DX 8 static library (texture and image loading; includes libpng 1.0.5, libjpeg and zlib)",low,address range of the runtime and library code,
0x0046e640,FUN_0046e640,lib,"Direct3DX 8 static library (texture and image loading; includes libpng 1.0.5, libjpeg and zlib)",low,address range of the runtime and library code,
0x0046e880,FUN_0046e880,lib,"Direct3DX 8 static library (texture and image loading; includes libpng 1.0.5, libjpeg and zlib)",low,address range of the runtime and library code,
0x0046e980,FUN_0046e980,lib,"Direct3DX 8 static library (texture and image loading; includes libpng 1.0.5, libjpeg and zlib)",low,address range of the runtime and library code,
0x0046ef60,FUN_0046ef60,lib,"Direct3DX 8 static library (texture and image loading; includes libpng 1.0.5, libjpeg and zlib)",low,address range of the runtime and library code,
0x0046f060,FUN_0046f060,lib,"Direct3DX 8 static library (texture and image loading; includes libpng 1.0.5, libjpeg and zlib)",low,address range of the runtime and library code,
0x0046f418,FUN_0046f418,lib,"Direct3DX 8 static library (texture and image loading; includes libpng 1.0.5, libjpeg and zlib)",low,address range of the runtime and library code,
0x0046f423,FUN_0046f423,lib,"Direct3DX 8 static library (texture and image loading; includes libpng 1.0.5, libjpeg and zlib)",low,address range of the runtime and library code,
0x0046f42e,FUN_0046f42e,lib,"Direct3DX 8 static library (texture and image loading; includes libpng 1.0.5, libjpeg and zlib)",low,address range of the runtime and library code,
0x0046f433,FUN_0046f433,lib,"Direct3DX 8 static library (texture and image loading; includes libpng 1.0.5, libjpeg and zlib)",low,address range of the runtime and library code,
0x0046f447,FUN_0046f447,lib,"Direct3DX 8 static library (texture and image loading; includes libpng 1.0.5, libjpeg and zlib)",low,address range of the runtime and library code,
0x0046f4ef,FUN_0046f4ef,lib,"Direct3DX 8 static library (texture and image loading; includes libpng 1.0.5, libjpeg and zlib)",low,address range of the runtime and library code,
0x0046f620,FUN_0046f620,lib,"Direct3DX 8 static library (texture and image loading; includes libpng 1.0.5, libjpeg and zlib)",low,address range of the runtime and library code,
0x0046f6f4,FUN_0046f6f4,lib,"Direct3DX 8 static library (texture and image loading; includes libpng 1.0.5, libjpeg and zlib)",low,address range of the runtime and library code,
0x0046f78a,FUN_0046f78a,lib,"Direct3DX 8 static library (texture and image loading; includes libpng 1.0.5, libjpeg and zlib)",low,address range of the runtime and library code,
0x0046f7f2,FUN_0046f7f2,lib,"Direct3DX 8 static library (texture and image loading; includes libpng 1.0.5, libjpeg and zlib)",low,address range of the runtime and library code,
0x0046f985,FUN_0046f985,lib,"Direct3DX 8 static library (texture and image loading; includes libpng 1.0.5, libjpeg and zlib)",low,address range of the runtime and library code,
0x0046fa58,FUN_0046fa58,lib,"Direct3DX 8 static library (texture and image loading; includes libpng 1.0.5, libjpeg and zlib)",low,address range of the runtime and library code,
0x0046faa7,FUN_0046faa7,lib,"Direct3DX 8 static library (texture and image loading; includes libpng 1.0.5, libjpeg and zlib)",low,address range of the runtime and library code,
0x0046fc81,FUN_0046fc81,lib,"Direct3DX 8 static library (texture and image loading; includes libpng 1.0.5, libjpeg and zlib)",low,address range of the runtime and library code,
0x0046fe20,FUN_0046fe20,lib,"Direct3DX 8 static library (texture and image loading; includes libpng 1.0.5, libjpeg and zlib)",low,address range of the runtime and library code,
0x0046ff86,FUN_0046ff86,lib,"Direct3DX 8 static library (texture and image loading; includes libpng 1.0.5, libjpeg and zlib)",low,address range of the runtime and library code,
0x00470586,FUN_00470586,lib,"Direct3DX 8 static library (texture and image loading; includes libpng 1.0.5, libjpeg and zlib)",low,address range of the runtime and library code,
0x004705c1,FUN_004705c1,lib,"Direct3DX 8 static library (texture and image loading; includes libpng 1.0.5, libjpeg and zlib)",low,address range of the runtime and library code,
0x004706b9,FUN_004706b9,lib,"Direct3DX 8 static library (texture and image loading; includes libpng 1.0.5, libjpeg and zlib)",low,address range of the runtime and library code,
0x00470863,FUN_00470863,lib,"Direct3DX 8 static library (texture and image loading; includes libpng 1.0.5, libjpeg and zlib)",low,address range of the runtime and library code,
0x0047094d,FUN_0047094d,lib,"Direct3DX 8 static library (texture and image loading; includes libpng 1.0.5, libjpeg and zlib)",low,address range of the runtime and library code,
0x00470a37,FUN_00470a37,lib,"Direct3DX 8 static library (texture and image loading; includes libpng 1.0.5, libjpeg and zlib)",low,address range of the runtime and library code,
0x00470a95,FUN_00470a95,lib,"Direct3DX 8 static library (texture and image loading; includes libpng 1.0.5, libjpeg and zlib)",low,address range of the runtime and library code,
0x00470e62,FUN_00470e62,lib,"Direct3DX 8 static library (texture and image loading; includes libpng 1.0.5, libjpeg and zlib)",low,address range of the runtime and library code,
0x00470f91,FUN_00470f91,lib,"Direct3DX 8 static library (texture and image loading; includes libpng 1.0.5, libjpeg and zlib)",low,address range of the runtime and library code,
0x00470fcb,FUN_00470fcb,lib,"Direct3DX 8 static library (texture and image loading; includes libpng 1.0.5, libjpeg and zlib)",low,address range of the runtime and library code,
0x00471026,FUN_00471026,lib,"Direct3DX 8 static library (texture and image loading; includes libpng 1.0.5, libjpeg and zlib)",low,address range of the runtime and library code,
0x00471223,FUN_00471223,lib,"Direct3DX 8 static library (texture and image loading; includes libpng 1.0.5, libjpeg and zlib)",low,address range of the runtime and library code,
0x0047144c,FUN_0047144c,lib,"Direct3DX 8 static library (texture and image loading; includes libpng 1.0.5, libjpeg and zlib)",low,address range of the runtime and library code,
0x0047152e,FUN_0047152e,lib,"Direct3DX 8 static library (texture and image loading; includes libpng 1.0.5, libjpeg and zlib)",low,address range of the runtime and library code,
0x0047189c,FUN_0047189c,lib,"Direct3DX 8 static library (texture and image loading; includes libpng 1.0.5, libjpeg and zlib)",low,address range of the runtime and library code,
0x00471b3f,FUN_00471b3f,lib,"Direct3DX 8 static library (texture and image loading; includes libpng 1.0.5, libjpeg and zlib)",low,address range of the runtime and library code,
0x00471ba0,FUN_00471ba0,lib,"Direct3DX 8 static library (texture and image loading; includes libpng 1.0.5, libjpeg and zlib)",low,address range of the runtime and library code,
0x00471d57,FUN_00471d57,lib,"Direct3DX 8 static library (texture and image loading; includes libpng 1.0.5, libjpeg and zlib)",low,address range of the runtime and library code,
0x00471dcb,FUN_00471dcb,lib,"Direct3DX 8 static library (texture and image loading; includes libpng 1.0.5, libjpeg and zlib)",low,address range of the runtime and library code,
0x00471e30,FUN_00471e30,lib,"Direct3DX 8 static library (texture and image loading; includes libpng 1.0.5, libjpeg and zlib)",low,address range of the runtime and library code,
0x00471ec0,FUN_00471ec0,lib,"Direct3DX 8 static library (texture and image loading; includes libpng 1.0.5, libjpeg and zlib)",low,address range of the runtime and library code,
0x00471ff2,FUN_00471ff2,lib,"Direct3DX 8 static library (texture and image loading; includes libpng 1.0.5, libjpeg and zlib)",low,address range of the runtime and library code,
0x0047208f,FUN_0047208f,lib,"Direct3DX 8 static library (texture and image loading; includes libpng 1.0.5, libjpeg and zlib)",low,address range of the runtime and library code,
0x00472168,FUN_00472168,lib,"Direct3DX 8 static library (texture and image loading; includes libpng 1.0.5, libjpeg and zlib)",low,address range of the runtime and library code,
0x00472245,FUN_00472245,lib,"Direct3DX 8 static library (texture and image loading; includes libpng 1.0.5, libjpeg and zlib)",low,address range of the runtime and library code,
0x0047229c,FUN_0047229c,lib,"Direct3DX 8 static library (texture and image loading; includes libpng 1.0.5, libjpeg and zlib)",low,address range of the runtime and library code,
0x00472306,FUN_00472306,lib,"Direct3DX 8 static library (texture and image loading; includes libpng 1.0.5, libjpeg and zlib)",low,address range of the runtime and library code,
0x004723aa,FUN_004723aa,lib,"Direct3DX 8 static library (texture and image loading; includes libpng 1.0.5, libjpeg and zlib)",low,address range of the runtime and library code,
0x004724b1,FUN_004724b1,lib,"Direct3DX 8 static library (texture and image loading; includes libpng 1.0.5, libjpeg and zlib)",low,address range of the runtime and library code,
0x00472672,FUN_00472672,lib,"Direct3DX 8 static library (texture and image loading; includes libpng 1.0.5, libjpeg and zlib)",low,address range of the runtime and library code,
0x00472722,FUN_00472722,lib,"Direct3DX 8 static library (texture and image loading; includes libpng 1.0.5, libjpeg and zlib)",low,address range of the runtime and library code,
0x0047278d,FUN_0047278d,lib,"Direct3DX 8 static library (texture and image loading; includes libpng 1.0.5, libjpeg and zlib)",low,address range of the runtime and library code,
0x004727b0,FUN_004727b0,lib,"Direct3DX 8 static library (texture and image loading; includes libpng 1.0.5, libjpeg and zlib)",low,address range of the runtime and library code,
0x004728e2,FUN_004728e2,lib,"Direct3DX 8 static library (texture and image loading; includes libpng 1.0.5, libjpeg and zlib)",low,address range of the runtime and library code,
0x00472a1e,FUN_00472a1e,lib,"Direct3DX 8 static library (texture and image loading; includes libpng 1.0.5, libjpeg and zlib)",low,address range of the runtime and library code,
0x00472c3c,FUN_00472c3c,lib,"Direct3DX 8 static library (texture and image loading; includes libpng 1.0.5, libjpeg and zlib)",low,address range of the runtime and library code,
0x00472e22,FUN_00472e22,lib,"Direct3DX 8 static library (texture and image loading; includes libpng 1.0.5, libjpeg and zlib)",low,address range of the runtime and library code,
0x00472ec8,FUN_00472ec8,lib,"Direct3DX 8 static library (texture and image loading; includes libpng 1.0.5, libjpeg and zlib)",low,address range of the runtime and library code,
0x00472ef9,FUN_00472ef9,lib,"Direct3DX 8 static library (texture and image loading; includes libpng 1.0.5, libjpeg and zlib)",low,address range of the runtime and library code,
0x0047304f,FUN_0047304f,lib,"Direct3DX 8 static library (texture and image loading; includes libpng 1.0.5, libjpeg and zlib)",low,address range of the runtime and library code,
0x00473235,FUN_00473235,lib,"Direct3DX 8 static library (texture and image loading; includes libpng 1.0.5, libjpeg and zlib)",low,address range of the runtime and library code,
0x004732aa,FUN_004732aa,lib,"Direct3DX 8 static library (texture and image loading; includes libpng 1.0.5, libjpeg and zlib)",low,address range of the runtime and library code,
0x00473316,FUN_00473316,lib,"Direct3DX 8 static library (texture and image loading; includes libpng 1.0.5, libjpeg and zlib)",low,address range of the runtime and library code,
0x0047364e,FUN_0047364e,lib,"Direct3DX 8 static library (texture and image loading; includes libpng 1.0.5, libjpeg and zlib)",low,address range of the runtime and library code,
0x004737a1,FUN_004737a1,lib,"Direct3DX 8 static library (texture and image loading; includes libpng 1.0.5, libjpeg and zlib)",low,address range of the runtime and library code,
0x004738d9,FUN_004738d9,lib,"Direct3DX 8 static library (texture and image loading; includes libpng 1.0.5, libjpeg and zlib)",low,address range of the runtime and library code,
0x00473966,FUN_00473966,lib,"Direct3DX 8 static library (texture and image loading; includes libpng 1.0.5, libjpeg and zlib)",low,address range of the runtime and library code,
0x00473ae6,FUN_00473ae6,lib,"Direct3DX 8 static library (texture and image loading; includes libpng 1.0.5, libjpeg and zlib)",low,address range of the runtime and library code,
0x00473c00,FUN_00473c00,lib,"Direct3DX 8 static library (texture and image loading; includes libpng 1.0.5, libjpeg and zlib)",low,address range of the runtime and library code,
0x00473cd0,FUN_00473cd0,lib,"Direct3DX 8 static library (texture and image loading; includes libpng 1.0.5, libjpeg and zlib)",low,address range of the runtime and library code,
0x00473d79,FUN_00473d79,lib,"Direct3DX 8 static library (texture and image loading; includes libpng 1.0.5, libjpeg and zlib)",low,address range of the runtime and library code,
0x00473fe7,FUN_00473fe7,lib,"Direct3DX 8 static library (texture and image loading; includes libpng 1.0.5, libjpeg and zlib)",low,address range of the runtime and library code,
0x00474099,FUN_00474099,lib,"Direct3DX 8 static library (texture and image loading; includes libpng 1.0.5, libjpeg and zlib)",low,address range of the runtime and library code,
0x004741aa,FUN_004741aa,lib,"Direct3DX 8 static library (texture and image loading; includes libpng 1.0.5, libjpeg and zlib)",low,address range of the runtime and library code,
0x004742bd,FUN_004742bd,lib,"Direct3DX 8 static library (texture and image loading; includes libpng 1.0.5, libjpeg and zlib)",low,address range of the runtime and library code,
0x00474388,FUN_00474388,lib,"Direct3DX 8 static library (texture and image loading; includes libpng 1.0.5, libjpeg and zlib)",low,address range of the runtime and library code,
0x004744b5,FUN_004744b5,lib,"Direct3DX 8 static library (texture and image loading; includes libpng 1.0.5, libjpeg and zlib)",low,address range of the runtime and library code,
0x004745e0,FUN_004745e0,lib,"Direct3DX 8 static library (texture and image loading; includes libpng 1.0.5, libjpeg and zlib)",low,address range of the runtime and library code,
0x004746a5,FUN_004746a5,lib,"Direct3DX 8 static library (texture and image loading; includes libpng 1.0.5, libjpeg and zlib)",low,address range of the runtime and library code,
0x0047472d,FUN_0047472d,lib,"Direct3DX 8 static library (texture and image loading; includes libpng 1.0.5, libjpeg and zlib)",low,address range of the runtime and library code,
0x004747ba,FUN_004747ba,lib,"Direct3DX 8 static library (texture and image loading; includes libpng 1.0.5, libjpeg and zlib)",low,address range of the runtime and library code,
0x004748a5,FUN_004748a5,lib,"Direct3DX 8 static library (texture and image loading; includes libpng 1.0.5, libjpeg and zlib)",low,address range of the runtime and library code,
0x004749a4,FUN_004749a4,lib,"Direct3DX 8 static library (texture and image loading; includes libpng 1.0.5, libjpeg and zlib)",low,address range of the runtime and library code,
0x00474b28,FUN_00474b28,lib,"Direct3DX 8 static library (texture and image loading; includes libpng 1.0.5, libjpeg and zlib)",low,address range of the runtime and library code,
0x00474b5e,FUN_00474b5e,lib,"Direct3DX 8 static library (texture and image loading; includes libpng 1.0.5, libjpeg and zlib)",low,address range of the runtime and library code,
0x00474c3c,FUN_00474c3c,lib,"Direct3DX 8 static library (texture and image loading; includes libpng 1.0.5, libjpeg and zlib)",low,address range of the runtime and library code,
0x00474cc3,FUN_00474cc3,lib,"Direct3DX 8 static library (texture and image loading; includes libpng 1.0.5, libjpeg and zlib)",low,address range of the runtime and library code,
0x00474d2e,FUN_00474d2e,lib,"Direct3DX 8 static library (texture and image loading; includes libpng 1.0.5, libjpeg and zlib)",low,address range of the runtime and library code,
0x00474dbb,FUN_00474dbb,lib,"Direct3DX 8 static library (texture and image loading; includes libpng 1.0.5, libjpeg and zlib)",low,address range of the runtime and library code,
0x00475556,FUN_00475556,lib,"Direct3DX 8 static library (texture and image loading; includes libpng 1.0.5, libjpeg and zlib)",low,address range of the runtime and library code,
0x0047558a,FUN_0047558a,lib,"Direct3DX 8 static library (texture and image loading; includes libpng 1.0.5, libjpeg and zlib)",low,address range of the runtime and library code,
0x004756a3,FUN_004756a3,lib,"Direct3DX 8 static library (texture and image loading; includes libpng 1.0.5, libjpeg and zlib)",low,address range of the runtime and library code,
0x004756b3,FUN_004756b3,lib,"Direct3DX 8 static library (texture and image loading; includes libpng 1.0.5, libjpeg and zlib)",low,address range of the runtime and library code,
0x004759c8,FUN_004759c8,lib,"Direct3DX 8 static library (texture and image loading; includes libpng 1.0.5, libjpeg and zlib)",low,address range of the runtime and library code,
0x00475b86,FUN_00475b86,lib,"Direct3DX 8 static library (texture and image loading; includes libpng 1.0.5, libjpeg and zlib)",low,address range of the runtime and library code,
0x00475bc3,FUN_00475bc3,lib,"Direct3DX 8 static library (texture and image loading; includes libpng 1.0.5, libjpeg and zlib)",low,address range of the runtime and library code,
0x00475c0f,FUN_00475c0f,lib,"Direct3DX 8 static library (texture and image loading; includes libpng 1.0.5, libjpeg and zlib)",low,address range of the runtime and library code,
0x00475c5b,FUN_00475c5b,lib,"Direct3DX 8 static library (texture and image loading; includes libpng 1.0.5, libjpeg and zlib)",low,address range of the runtime and library code,
0x0047603c,FUN_0047603c,lib,"Direct3DX 8 static library (texture and image loading; includes libpng 1.0.5, libjpeg and zlib)",low,address range of the runtime and library code,
0x00476070,FUN_00476070,lib,"Direct3DX 8 static library (texture and image loading; includes libpng 1.0.5, libjpeg and zlib)",low,address range of the runtime and library code,
0x004765d4,FUN_004765d4,lib,"Direct3DX 8 static library (texture and image loading; includes libpng 1.0.5, libjpeg and zlib)",low,address range of the runtime and library code,
0x004765e5,FUN_004765e5,lib,"Direct3DX 8 static library (texture and image loading; includes libpng 1.0.5, libjpeg and zlib)",low,address range of the runtime and library code,
0x0047696a,FUN_0047696a,lib,"Direct3DX 8 static library (texture and image loading; includes libpng 1.0.5, libjpeg and zlib)",low,address range of the runtime and library code,
0x004769e9,FUN_004769e9,lib,"Direct3DX 8 static library (texture and image loading; includes libpng 1.0.5, libjpeg and zlib)",low,address range of the runtime and library code,
0x00476aec,FUN_00476aec,lib,"Direct3DX 8 static library (texture and image loading; includes libpng 1.0.5, libjpeg and zlib)",low,address range of the runtime and library code,
0x00476b1b,FUN_00476b1b,lib,"Direct3DX 8 static library (texture and image loading; includes libpng 1.0.5, libjpeg and zlib)",low,address range of the runtime and library code,
0x00476c30,FUN_00476c30,lib,"Direct3DX 8 static library (texture and image loading; includes libpng 1.0.5, libjpeg and zlib)",low,address range of the runtime and library code,
0x00477092,FUN_00477092,lib,"Direct3DX 8 static library (texture and image loading; includes libpng 1.0.5, libjpeg and zlib)",low,address range of the runtime and library code,
0x0047774a,FUN_0047774a,lib,"Direct3DX 8 static library (texture and image loading; includes libpng 1.0.5, libjpeg and zlib)",low,address range of the runtime and library code,
0x00477aa5,FUN_00477aa5,lib,"Direct3DX 8 static library (texture and image loading; includes libpng 1.0.5, libjpeg and zlib)",low,address range of the runtime and library code,
0x00478878,FUN_00478878,lib,"Direct3DX 8 static library (texture and image loading; includes libpng 1.0.5, libjpeg and zlib)",low,address range of the runtime and library code,
0x00478b2e,RtlUnwind,crt,v1.70 export name (library),high,same library/thunk name 'RtlUnwind' (Ghidra function ID),0x0043f96c
0x00478b34,__putenv_helper,crt,v1.70 export name (library),high,same library/thunk name '__putenv_helper' (Ghidra function ID),0x0043f972
0x00478d43,__putenv,crt,v1.70 export name (library),high,same library/thunk name '__putenv' (Ghidra function ID),0x0043fb81
0x00478d7f,FUN_00478d7f,crt,counterpart of the unnamed v1.70 function FUN_0043fbbd,medium,"identical shape, callee __putenv (score 1.00)",0x0043fbbd
0x00478dd0,acos,crt,arc cosine,medium,"identical shape, callee G_PathSegmentYaw (score 1.00)",0x00440d30
0x00478e28,FUN_00478e28,crt,counterpart of the unnamed v1.70 function FUN_00440d88,high,"identical normalised instruction shape (50 insns, unique in both)",0x00440d88
0x00478ed8,FUN_00478ed8,crt,C runtime (unnamed),low,address range of the runtime and library code,
0x00478ef7,__ArrayUnwind,crt,C runtime / compiler support (name from Ghidra function ID),high,Ghidra function ID name,
0x00478f55,`eh_vector_destructor_iterator',crt,C runtime / compiler support (name from Ghidra function ID),high,Ghidra function ID name,
0x00478fa0,FUN_00478fa0,crt,C runtime (unnamed),low,address range of the runtime and library code,
0x00478fb8,`eh_vector_constructor_iterator',crt,C runtime / compiler support (name from Ghidra function ID),high,Ghidra function ID name,
0x00479005,FUN_00479005,crt,C runtime (unnamed),low,address range of the runtime and library code,
0x00479020,FID_conflict:___longjmp_internal,crt,C runtime / compiler support (name from Ghidra function ID),low,Ghidra function ID name,
0x004790d4,__setjmp3,crt,C runtime / compiler support (name from Ghidra function ID),high,Ghidra function ID name,
0x00479150,__ftol,crt,C runtime / compiler support (name from Ghidra function ID),high,Ghidra function ID name,
0x004791c0,FUN_004791c0,crt,C runtime (unnamed),low,address range of the runtime and library code,
0x0047921d,FUN_0047921d,crt,C runtime (unnamed),low,address range of the runtime and library code,
0x00479410,floor,crt,floor (double),high,"identical normalised instruction shape (157 insns, unique in both)",0x00440e40
0x00479531,_wfindenv,crt,v1.70 export name (library),high,same library/thunk name '_wfindenv' (Ghidra function ID),0x0043fc2e
0x00479582,_copy_environ_479582,crt,v1.70 export name (library),medium,"identical shape, callee ___crtwsetenv (score 1.00)",0x0043fc7f
0x004795df,___crtwsetenv,crt,v1.70 export name (library),high,only caller of import SetEnvironmentVariableW,0x0043fcdc
0x00479940,__CIacos_pentium4,crt,v1.70 export name (library),high,same library/thunk name '__CIacos_pentium4' (Ghidra function ID),0x00442250
0x0047995e,start,crt,v1.70 export name (library),high,"identical normalised instruction shape (294 insns, unique in both)",0x0044226e
0x00479ea0,__trandisp1,crt,v1.70 export name (library),high,same library/thunk name '__trandisp1' (Ghidra function ID),0x004414e0
0x00479f07,__trandisp2,crt,v1.70 export name (library),high,same library/thunk name '__trandisp2' (Ghidra function ID),0x00441547
0x0047a063,FUN_0047a063,crt,C runtime (unnamed),low,address range of the runtime and library code,
0x0047a070,FUN_0047a070,crt,counterpart of the unnamed v1.70 function FUN_00441840,low,"identical shape, global shape search (score 1.00)",0x00441840
0x0047a087,__startOneArgErrorHandling,crt,v1.70 export name (library),high,same library/thunk name '__startOneArgErrorHandling' (Ghidra function ID),0x00441857
0x0047a0e5,FUN_0047a0e5,crt,counterpart of the unnamed v1.70 function FUN_004416c5,medium,"identical shape, callee FUN_00440a6d (score 1.00)",0x004416c5
0x0047a0fc,FUN_0047a0fc,crt,counterpart of the unnamed v1.70 function FUN_004416dc,medium,"identical shape, callee FUN_004409b8 (score 1.00)",0x004416dc
0x0047a115,__fload_withFB,crt,v1.70 export name (library),high,same library/thunk name '__fload_withFB' (Ghidra function ID),0x004416f5
0x0047a158,FUN_0047a158,crt,counterpart of the unnamed v1.70 function FUN_00441738,medium,"identical shape, callee sin (score 1.00)",0x00441738
0x0047a16e,FUN_0047a16e,crt,C runtime (unnamed),low,address range of the runtime and library code,
0x0047a17b,__math_exit,crt,v1.70 export name (library),high,same library/thunk name '__math_exit' (Ghidra function ID),0x0044175b
0x0047a25c,__rt_probe_read4@4,crt,C runtime / compiler support (name from Ghidra function ID),high,Ghidra function ID name,
0x0047a2b0,__CIpow_pentium4,crt,C runtime / compiler support (name from Ghidra function ID),high,Ghidra function ID name,
0x0047a2c9,__pow_pentium4,crt,C runtime / compiler support (name from Ghidra function ID),high,Ghidra function ID name,
0x0047b017,__d_inttype,crt,v1.70 export name (library),high,same library/thunk name '__d_inttype' (Ghidra function ID),0x0044313c
0x0047b07b,FUN_0047b07b,crt,counterpart of the unnamed v1.70 function FUN_004431a0,high,"identical normalised instruction shape (123 insns, unique in both)",0x004431a0
0x0047b28a,__wcsnicoll_l,crt,v1.70 export name (library),high,same library/thunk name '__wcsnicoll_l' (Ghidra function ID),0x0044003d
0x0047b3cb,__wcsnicoll,crt,v1.70 export name (library),high,same library/thunk name '__wcsnicoll' (Ghidra function ID),0x0044017e
0x0047b46d,__wcsdup,crt,v1.70 export name (library),high,same library/thunk name '__wcsdup' (Ghidra function ID),0x00440220
0x0047b4c0,_wcscpy_s,crt,v1.70 export name (library),high,same library/thunk name '_wcscpy_s' (Ghidra function ID),0x00440273
0x0047b52c,___mbtow_environ,crt,v1.70 export name (library),high,same library/thunk name '___mbtow_environ' (Ghidra function ID),0x004402df
0x0047b5b1,__wsetenvp,crt,v1.70 export name (library),high,same library/thunk name '__wsetenvp' (Ghidra function ID),0x00440364
0x0047b68b,___crtGetEnvironmentStringsW,crt,v1.70 export name (library),high,same library/thunk name '___crtGetEnvironmentStringsW' (Ghidra function ID),0x0044043e
0x0047b7ec,_wcschr,crt,v1.70 export name (library),high,same library/thunk name '_wcschr' (Ghidra function ID),0x0044059f
0x0047b80e,__87except,crt,v1.70 export name (library),high,same library/thunk name '__87except' (Ghidra function ID),0x00443040
0x0047c116,FUN_0047c116,crt,C runtime (unnamed),low,address range of the runtime and library code,
0x0047c31c,FUN_0047c31c,crt,C runtime (unnamed),low,address range of the runtime and library code,
0x0047c69b,wcsncnt,crt,v1.70 export name (library),high,same library/thunk name 'wcsncnt' (Ghidra function ID),0x004405c1
0x0047c6b7,__crtCompareStringW_stat,crt,v1.70 export name (library),high,same library/thunk name '__crtCompareStringW_stat' (Ghidra function ID),0x004405dd
0x0047c907,___crtCompareStringW,crt,v1.70 export name (library),high,same library/thunk name '___crtCompareStringW' (Ghidra function ID),0x0044082d
0x0047c990,sin,crt,sin,medium,"identical shape, callee PF_sin (score 1.00)",0x00440960
0x0047c9df,FUN_0047c9df,crt,counterpart of the unnamed v1.70 function FUN_004409af,low,"identical shape, caller of __fload_withFB (score 1.00)",0x004409af
0x0047c9e8,FUN_0047c9e8,crt,counterpart of the unnamed v1.70 function FUN_004409b8,high,"identical normalised instruction shape (40 insns, unique in both)",0x004409b8
0x0047cac0,cos,crt,cos,medium,"identical shape, callee PF_cos (score 1.00)",0x00440b70
0x0047cb0f,FUN_0047cb0f,crt,counterpart of the unnamed v1.70 function FUN_00440bbf,low,"identical shape, caller of __fload_withFB (score 1.00)",0x00440bbf
0x0047cb18,FUN_0047cb18,crt,counterpart of the unnamed v1.70 function FUN_00440bc8,high,"identical normalised instruction shape (40 insns, unique in both)",0x00440bc8
0x0047cbb0,_ftol2,crt,float to int truncation,high,"identical normalised instruction shape (47 insns, unique in both)",0x00440870
0x0047cc6a,FUN_0047cc6a,crt,C runtime (unnamed),low,address range of the runtime and library code,
0x0047cce0,FUN_0047cce0,crt,counterpart of the unnamed v1.70 function FUN_00440fb0,medium,"identical shape, callee PF_atan (score 1.00)",0x00440fb0
0x0047cd38,FUN_0047cd38,crt,counterpart of the unnamed v1.70 function FUN_00441008,high,"identical normalised instruction shape (32 insns, unique in both)",0x00441008
0x0047cdc0,sqrt,crt,square root,medium,"identical shape, callee PF_vec_length (score 1.00)",0x00440a50
0x0047cddd,FUN_0047cddd,crt,counterpart of the unnamed v1.70 function FUN_00440a6d,high,"identical normalised instruction shape (40 insns, unique in both)",0x00440a6d
0x0047ce8a,atan2,crt,atan2 of the two x87 operands,medium,"identical shape, callee PF_vec_toyaw (score 1.00)",0x00440b1a
0x0047cedc,exp,crt,exponential,high,"identical normalised instruction shape (17 insns, unique in both)",0x00440c9c
0x0047cf70,FUN_0047cf70,crt,counterpart of the unnamed v1.70 function FUN_004410d0,medium,"identical shape, callee PF_tan (score 1.00)",0x004410d0
0x0047cfbf,FUN_0047cfbf,crt,counterpart of the unnamed v1.70 function FUN_0044111f,low,"identical shape, caller of __fload_withFB (score 1.00)",0x0044111f
0x0047cfc8,FUN_0047cfc8,crt,counterpart of the unnamed v1.70 function FUN_00441128,high,"identical normalised instruction shape (42 insns, unique in both)",0x00441128
0x0047d0a0,FUN_0047d0a0,crt,counterpart of the unnamed v1.70 function FUN_00441200,medium,"identical shape, caller of __CIlog_pentium4 (score 1.00)",0x00441200
0x0047d0f8,FUN_0047d0f8,crt,counterpart of the unnamed v1.70 function FUN_00441258,medium,caller of __math_exit (score 0.97),0x00441258
0x0047d1b0,__CIsin_pentium4,crt,v1.70 export name (library),high,same library/thunk name '__CIsin_pentium4' (Ghidra function ID),0x00441310
0x0047d1ce,start_47d1ce,crt,v1.70 export name (library),high,"identical normalised instruction shape (95 insns, unique in both)",0x0044132e
0x0047d380,__CIcos_pentium4,crt,v1.70 export name (library),high,same library/thunk name '__CIcos_pentium4' (Ghidra function ID),0x00441bd0
0x0047d39e,start_47d39e,crt,v1.70 export name (library),high,"identical normalised instruction shape (88 insns, unique in both)",0x00441bee
0x0047d530,__cintrindisp2,crt,v1.70 export name (library),high,same library/thunk name '__cintrindisp2' (Ghidra function ID),0x00441950
0x0047d56e,__cintrindisp1,crt,v1.70 export name (library),high,same library/thunk name '__cintrindisp1' (Ghidra function ID),0x0044198e
0x0047d5ab,__ctrandisp2,crt,v1.70 export name (library),high,same library/thunk name '__ctrandisp2' (Ghidra function ID),0x004419cb
0x0047d5f3,FUN_0047d5f3,crt,counterpart of the unnamed v1.70 function FUN_00441a13,medium,"identical shape, callee __ctrandisp2 (score 1.00)",0x00441a13
0x0047d5fa,FUN_0047d5fa,crt,counterpart of the unnamed v1.70 function FUN_00441a1a,high,"identical normalised instruction shape (96 insns, unique in both)",0x00441a1a
0x0047d741,__ctrandisp1,crt,v1.70 export name (library),high,same library/thunk name '__ctrandisp1' (Ghidra function ID),0x00441b61
0x0047d774,__fload,crt,v1.70 export name (library),high,same library/thunk name '__fload' (Ghidra function ID),0x00441b94
0x0047d7b0,__CIatan_pentium4,crt,v1.70 export name (library),high,same library/thunk name '__CIatan_pentium4' (Ghidra function ID),0x00442880
0x0047d7ce,start_47d7ce,crt,v1.70 export name (library),high,"identical normalised instruction shape (150 insns, unique in both)",0x0044289e
0x0047db0c,FUN_0047db0c,crt,C runtime (unnamed),low,address range of the runtime and library code,
0x0047db50,FUN_0047db50,crt,counterpart of the unnamed v1.70 function FUN_00441d80,medium,"identical shape, caller of FUN_00441d9e (score 1.00)",0x00441d80
0x0047db6e,FUN_0047db6e,crt,counterpart of the unnamed v1.70 function FUN_00441d9e,high,"identical normalised instruction shape (153 insns, unique in both)",0x00441d9e
0x0047de10,__CItan_pentium4,crt,v1.70 export name (library),medium,"identical shape, caller of start (score 1.00)",0x00442b70
0x0047de2e,start_47de2e,crt,v1.70 export name (library),high,"identical normalised instruction shape (124 insns, unique in both)",0x00442b8e
0x0047e070,__CIlog_pentium4,crt,v1.70 export name (library),high,same library/thunk name '__CIlog_pentium4' (Ghidra function ID),0x00442dd0
0x0047e08e,start_47e08e,crt,v1.70 export name (library),high,"identical normalised instruction shape (131 insns, unique in both)",0x00442dee
0x0047e2e0,Unwind@0047e2e0,crt,C runtime / compiler support (name from Ghidra function ID),high,Ghidra function ID name,
0x0047e303,Unwind@0047e303,crt,C runtime / compiler support (name from Ghidra function ID),high,Ghidra function ID name,
0x0047e341,Unwind@0047e341,crt,C runtime / compiler support (name from Ghidra function ID),high,Ghidra function ID name,
0x0047e360,Unwind@0047e360,crt,C runtime / compiler support (name from Ghidra function ID),high,Ghidra function ID name,
0x0047e36a,Unwind@0047e36a,crt,C runtime / compiler support (name from Ghidra function ID),high,Ghidra function ID name,
0x0047e374,Unwind@0047e374,crt,C runtime / compiler support (name from Ghidra function ID),high,Ghidra function ID name,
0x0047e388,Unwind@0047e388,crt,C runtime / compiler support (name from Ghidra function ID),high,Ghidra function ID name,
0x0047e39c,Unwind@0047e39c,crt,C runtime / compiler support (name from Ghidra function ID),high,Ghidra function ID name,
0x0047e3a6,Unwind@0047e3a6,crt,C runtime / compiler support (name from Ghidra function ID),high,Ghidra function ID name,
0x0047e3ba,Unwind@0047e3ba,crt,C runtime / compiler support (name from Ghidra function ID),high,Ghidra function ID name,
0x0047e3c4,Unwind@0047e3c4,crt,C runtime / compiler support (name from Ghidra function ID),high,Ghidra function ID name,
0x0047e3d8,Unwind@0047e3d8,crt,C runtime / compiler support (name from Ghidra function ID),high,Ghidra function ID name,
0x0047e3e2,Unwind@0047e3e2,crt,C runtime / compiler support (name from Ghidra function ID),high,Ghidra function ID name,
0x0047e3ec,Unwind@0047e3ec,crt,C runtime / compiler support (name from Ghidra function ID),high,Ghidra function ID name,
0x0047e400,Unwind@0047e400,crt,C runtime / compiler support (name from Ghidra function ID),high,Ghidra function ID name,
0x0047e40a,Unwind@0047e40a,crt,C runtime / compiler support (name from Ghidra function ID),high,Ghidra function ID name,
0x0047e414,Unwind@0047e414,crt,C runtime / compiler support (name from Ghidra function ID),high,Ghidra function ID name,
0x0047e428,Unwind@0047e428,crt,C runtime / compiler support (name from Ghidra function ID),high,Ghidra function ID name,
0x0047e432,Unwind@0047e432,crt,C runtime / compiler support (name from Ghidra function ID),high,Ghidra function ID name,
0x0047e446,Unwind@0047e446,crt,C runtime / compiler support (name from Ghidra function ID),high,Ghidra function ID name,
0x0047e450,Unwind@0047e450,crt,C runtime / compiler support (name from Ghidra function ID),high,Ghidra function ID name,
0x0047e464,Unwind@0047e464,crt,C runtime / compiler support (name from Ghidra function ID),high,Ghidra function ID name,
0x0047e46e,Unwind@0047e46e,crt,C runtime / compiler support (name from Ghidra function ID),high,Ghidra function ID name,
0x0047e478,Unwind@0047e478,crt,C runtime / compiler support (name from Ghidra function ID),high,Ghidra function ID name,
0x0047e48c,Unwind@0047e48c,crt,C runtime / compiler support (name from Ghidra function ID),high,Ghidra function ID name,
0x0047e49e,Unwind@0047e49e,crt,C runtime / compiler support (name from Ghidra function ID),high,Ghidra function ID name,
0x0047e4b2,Unwind@0047e4b2,crt,C runtime / compiler support (name from Ghidra function ID),high,Ghidra function ID name,
0x0047e4c6,Unwind@0047e4c6,crt,C runtime / compiler support (name from Ghidra function ID),high,Ghidra function ID name,
0x0047e4ce,Unwind@0047e4ce,crt,C runtime / compiler support (name from Ghidra function ID),high,Ghidra function ID name,
0x0047e4e2,Unwind@0047e4e2,crt,C runtime / compiler support (name from Ghidra function ID),high,Ghidra function ID name,
0x0047e4f6,Unwind@0047e4f6,crt,C runtime / compiler support (name from Ghidra function ID),high,Ghidra function ID name,
0x0047e508,Unwind@0047e508,crt,C runtime / compiler support (name from Ghidra function ID),high,Ghidra function ID name,
0x0047e512,Unwind@0047e512,crt,C runtime / compiler support (name from Ghidra function ID),high,Ghidra function ID name,
0x0047e51c,Unwind@0047e51c,crt,C runtime / compiler support (name from Ghidra function ID),high,Ghidra function ID name,
0x0047e526,Unwind@0047e526,crt,C runtime / compiler support (name from Ghidra function ID),high,Ghidra function ID name,
0x0047e530,Unwind@0047e530,crt,C runtime / compiler support (name from Ghidra function ID),high,Ghidra function ID name,
0x0047e53a,Unwind@0047e53a,crt,C runtime / compiler support (name from Ghidra function ID),high,Ghidra function ID name,
0x0047e544,Unwind@0047e544,crt,C runtime / compiler support (name from Ghidra function ID),high,Ghidra function ID name,
0x0047e54e,Unwind@0047e54e,crt,C runtime / compiler support (name from Ghidra function ID),high,Ghidra function ID name,
0x0047e558,Unwind@0047e558,crt,C runtime / compiler support (name from Ghidra function ID),high,Ghidra function ID name,
0x0047e562,Unwind@0047e562,crt,C runtime / compiler support (name from Ghidra function ID),high,Ghidra function ID name,
0x0047e56c,Unwind@0047e56c,crt,C runtime / compiler support (name from Ghidra function ID),high,Ghidra function ID name,
0x0047e576,Unwind@0047e576,crt,C runtime / compiler support (name from Ghidra function ID),high,Ghidra function ID name,
0x0047e580,Unwind@0047e580,crt,C runtime / compiler support (name from Ghidra function ID),high,Ghidra function ID name,
0x0047e58a,Unwind@0047e58a,crt,C runtime / compiler support (name from Ghidra function ID),high,Ghidra function ID name,
0x0047e594,Unwind@0047e594,crt,C runtime / compiler support (name from Ghidra function ID),high,Ghidra function ID name,
0x0047e59e,Unwind@0047e59e,crt,C runtime / compiler support (name from Ghidra function ID),high,Ghidra function ID name,
0x0047e5a8,Unwind@0047e5a8,crt,C runtime / compiler support (name from Ghidra function ID),high,Ghidra function ID name,
0x0047e5b2,Unwind@0047e5b2,crt,C runtime / compiler support (name from Ghidra function ID),high,Ghidra function ID name,
0x0047e5bc,Unwind@0047e5bc,crt,C runtime / compiler support (name from Ghidra function ID),high,Ghidra function ID name,
0x0047e5c6,Unwind@0047e5c6,crt,C runtime / compiler support (name from Ghidra function ID),high,Ghidra function ID name,
0x0047e5d0,Unwind@0047e5d0,crt,C runtime / compiler support (name from Ghidra function ID),high,Ghidra function ID name,
0x0047e5da,Unwind@0047e5da,crt,C runtime / compiler support (name from Ghidra function ID),high,Ghidra function ID name,
0x0047e5e4,Unwind@0047e5e4,crt,C runtime / compiler support (name from Ghidra function ID),high,Ghidra function ID name,
0x0047e5ee,Unwind@0047e5ee,crt,C runtime / compiler support (name from Ghidra function ID),high,Ghidra function ID name,
0x0047e5f8,Unwind@0047e5f8,crt,C runtime / compiler support (name from Ghidra function ID),high,Ghidra function ID name,
0x0047e602,Unwind@0047e602,crt,C runtime / compiler support (name from Ghidra function ID),high,Ghidra function ID name,
0x0047e60c,Unwind@0047e60c,crt,C runtime / compiler support (name from Ghidra function ID),high,Ghidra function ID name,
0x0047e616,Unwind@0047e616,crt,C runtime / compiler support (name from Ghidra function ID),high,Ghidra function ID name,
0x0047e620,Unwind@0047e620,crt,C runtime / compiler support (name from Ghidra function ID),high,Ghidra function ID name,
0x0047e62a,Unwind@0047e62a,crt,C runtime / compiler support (name from Ghidra function ID),high,Ghidra function ID name,
0x0047e634,Unwind@0047e634,crt,C runtime / compiler support (name from Ghidra function ID),high,Ghidra function ID name,
0x0047e63e,Unwind@0047e63e,crt,C runtime / compiler support (name from Ghidra function ID),high,Ghidra function ID name,
0x0047e648,Unwind@0047e648,crt,C runtime / compiler support (name from Ghidra function ID),high,Ghidra function ID name,
0x0047e652,Unwind@0047e652,crt,C runtime / compiler support (name from Ghidra function ID),high,Ghidra function ID name,
0x0047e65c,Unwind@0047e65c,crt,C runtime / compiler support (name from Ghidra function ID),high,Ghidra function ID name,
0x0047e666,Unwind@0047e666,crt,C runtime / compiler support (name from Ghidra function ID),high,Ghidra function ID name,
0x0047e670,Unwind@0047e670,crt,C runtime / compiler support (name from Ghidra function ID),high,Ghidra function ID name,
0x0047e690,Unwind@004441a0,crt,v1.70 export name (library),low,"identical shape, global shape search (score 1.00)",0x004441a0
0x0047e6e0,Unwind@0047e6e0,crt,C runtime / compiler support (name from Ghidra function ID),high,Ghidra function ID name,
0x0047e6eb,Unwind@0047e6eb,crt,C runtime / compiler support (name from Ghidra function ID),high,Ghidra function ID name,
0x0047e720,Unwind@00444230,crt,v1.70 export name (library),medium,"identical shape, caller of XML_Free2 (score 1.00)",0x00444230
0x0047e750,Unwind@004442f0,crt,v1.70 export name (library),medium,"identical shape, caller of std_helper1 (score 1.00)",0x004442f0
0x0047e790,Unwind@0047e790,crt,C runtime / compiler support (name from Ghidra function ID),high,Ghidra function ID name,
0x0047e7c0,Unwind@0047e7c0,crt,C runtime / compiler support (name from Ghidra function ID),high,Ghidra function ID name,
0x0047e7f0,Unwind@0047e7f0,crt,C runtime / compiler support (name from Ghidra function ID),high,Ghidra function ID name,
0x0047e7fb,Unwind@0047e7fb,crt,C runtime / compiler support (name from Ghidra function ID),high,Ghidra function ID name,
0x0047e806,Unwind@0047e806,crt,C runtime / compiler support (name from Ghidra function ID),high,Ghidra function ID name,
0x0047e811,Unwind@0047e811,crt,C runtime / compiler support (name from Ghidra function ID),high,Ghidra function ID name,
0x0047e81c,Unwind@0047e81c,crt,C runtime / compiler support (name from Ghidra function ID),high,Ghidra function ID name,
0x0047e827,Unwind@0047e827,crt,C runtime / compiler support (name from Ghidra function ID),high,Ghidra function ID name,
0x0047e835,Unwind@0047e835,crt,C runtime / compiler support (name from Ghidra function ID),high,Ghidra function ID name,
0x0047e843,Unwind@0047e843,crt,C runtime / compiler support (name from Ghidra function ID),high,Ghidra function ID name,
0x0047e851,Unwind@0047e851,crt,C runtime / compiler support (name from Ghidra function ID),high,Ghidra function ID name,
0x0047e85f,Unwind@0047e85f,crt,C runtime / compiler support (name from Ghidra function ID),high,Ghidra function ID name,
0x0047e890,Unwind@0047e890,crt,C runtime / compiler support (name from Ghidra function ID),high,Ghidra function ID name,
0x0047e8c0,Unwind@0047e8c0,crt,C runtime / compiler support (name from Ghidra function ID),high,Ghidra function ID name,
0x0047e920,Unwind@0047e920,crt,C runtime / compiler support (name from Ghidra function ID),high,Ghidra function ID name,
0x0047e950,Unwind@0047e950,crt,C runtime / compiler support (name from Ghidra function ID),high,Ghidra function ID name,
0x0047e980,Unwind@0047e980,crt,C runtime / compiler support (name from Ghidra function ID),high,Ghidra function ID name,
0x0047e9b0,Unwind@0047e9b0,crt,C runtime / compiler support (name from Ghidra function ID),high,Ghidra function ID name,
0x0047e9bb,Unwind@0047e9bb,crt,C runtime / compiler support (name from Ghidra function ID),high,Ghidra function ID name,
0x0047e9c6,Unwind@0047e9c6,crt,C runtime / compiler support (name from Ghidra function ID),high,Ghidra function ID name,
0x0047e9d1,Unwind@0047e9d1,crt,C runtime / compiler support (name from Ghidra function ID),high,Ghidra function ID name,
0x0047e9dc,Unwind@0047e9dc,crt,C runtime / compiler support (name from Ghidra function ID),high,Ghidra function ID name,
0x0047e9e7,Unwind@0047e9e7,crt,C runtime / compiler support (name from Ghidra function ID),high,Ghidra function ID name,
0x0047e9f5,Unwind@0047e9f5,crt,C runtime / compiler support (name from Ghidra function ID),high,Ghidra function ID name,
0x0047ea03,Unwind@0047ea03,crt,C runtime / compiler support (name from Ghidra function ID),high,Ghidra function ID name,
0x0047ea11,Unwind@0047ea11,crt,C runtime / compiler support (name from Ghidra function ID),high,Ghidra function ID name,
0x0047ea1f,Unwind@0047ea1f,crt,C runtime / compiler support (name from Ghidra function ID),high,Ghidra function ID name,
0x0047ea2d,Unwind@0047ea2d,crt,C runtime / compiler support (name from Ghidra function ID),high,Ghidra function ID name,
0x0047ea60,Unwind@0047ea60,crt,C runtime / compiler support (name from Ghidra function ID),high,Ghidra function ID name,
0x0047ea90,Unwind@0047ea90,crt,C runtime / compiler support (name from Ghidra function ID),high,Ghidra function ID name,
0x0047eae0,Unwind@0047eae0,crt,C runtime / compiler support (name from Ghidra function ID),high,Ghidra function ID name,
0x0047eb10,Unwind@0047eb10,crt,C runtime / compiler support (name from Ghidra function ID),high,Ghidra function ID name,
0x0047eb40,Unwind@00444420,crt,v1.70 export name (library),medium,"identical shape, caller of XML_FreeString (score 1.00)",0x00444420
0x0047eb70,Unwind@0047eb70,crt,C runtime / compiler support (name from Ghidra function ID),high,Ghidra function ID name,
0x0047eb90,Unwind@0047eb90,crt,C runtime / compiler support (name from Ghidra function ID),high,Ghidra function ID name,
0x0047ebb0,Unwind@0047ebb0,crt,C runtime / compiler support (name from Ghidra function ID),high,Ghidra function ID name,
0x0047ebe0,Unwind@0047ebe0,crt,C runtime / compiler support (name from Ghidra function ID),high,Ghidra function ID name,
0x0047ec10,Unwind@0047ec10,crt,C runtime / compiler support (name from Ghidra function ID),high,Ghidra function ID name,
0x0047ec1b,Unwind@0047ec1b,crt,C runtime / compiler support (name from Ghidra function ID),high,Ghidra function ID name,
0x0047ed20,FUN_0047ed20,crt,C runtime (unnamed),low,address range of the runtime and library code,
0x0047ed70,thunk_FUN_00410450,crt,C runtime / compiler support (name from Ghidra function ID),high,Ghidra function ID name,
0x0047ed80,thunk_FUN_0041dcb0,crt,C runtime / compiler support (name from Ghidra function ID),high,Ghidra function ID name,
0x0047ed90,FUN_0047ed90,crt,C runtime (unnamed),low,address range of the runtime and library code,
0x0047edc0,FUN_0047edc0,crt,C runtime (unnamed),low,address range of the runtime and library code,
0x0047ee00,FUN_0047ee00,crt,C runtime (unnamed),low,address range of the runtime and library code,
0x0047ee40,FUN_0047ee40,crt,C runtime (unnamed),low,address range of the runtime and library code,
0x0047ee80,FUN_0047ee80,crt,C runtime (unnamed),low,address range of the runtime and library code,
