address,name,subsystem,description,confidence,evidence,as2_address,vs_as2,v170_address
0x00401010,IntroPage_dtor,intro,destructor,high,"identical normalised instruction shape (12 insns, unique in both)",0x00401010,same,0x004078b0
0x00401040,std_logic_error_ctor,crt,exception ctor,high,"identical normalised instruction shape (33 insns, unique in both)",0x00401050,same,0x00407970
0x004010b0,IntroPage_dtor2,intro,destructor,high,"identical normalised instruction shape (16 insns, unique in both)",0x004010c0,same,0x004079f0
0x004010f0,Intro_nop,intro,stub,medium,"same position between matched neighbours, identical shape (6 insns)",0x00401100,same,0x004079e0
0x00401100,IntroPage_dtor3,intro,destructor,high,"identical normalised instruction shape (23 insns, unique in both)",0x00401110,same,0x00407a30
0x00401150,std_exception_copy,crt,exception helper,high,"identical normalised instruction shape (37 insns, unique in both)",0x00401160,same,0x00407a80
0x004011d0,CFG_SnapRefreshRate,config,keeps RefreshRate if listed; else 85; else the rate below the first above 85,high,"identical normalised instruction shape (82 insns, unique in both)",0x004011e0,same,
0x004012a0,VID_SelectDisplayMode,window,enumerates the display modes and picks the one to use; logs the list and falls back or quits when none fits,high,unique string 'Forcing video mode: %ix%i - %iHz' (7 shared),0x004012b0,same,
0x00401b80,CFG_Read,config,read config.ini,high,unique string 'ShowLogo' (25 shared),0x00401b90,same,0x0041cef0
0x00402500,CFG_Write,config,write config.ini,high,unique string '%1.4f' (2 shared),0x00402510,same,0x0041d810
0x00402aa0,CFG_Init,config,locate/read config; setup dialog,high,unique string '--- Enumerating display modes ---' (2 shared),0x00402ab0,same,0x0041dd60
0x00402d50,Setup_InitDialog,config,fill setup dialog controls,high,unique string 'Bilinear' (4 shared),0x00402d60,same,0x0041de40
0x00402fc0,Setup_ReadDialog,config,read setup dialog,high,"identical normalised instruction shape (89 insns, unique in both)",0x00402fd0,same,0x0041df40
0x00403150,std_string_assign,crt,std helper,high,"identical normalised instruction shape (23 insns, unique in both)",0x00403160,same,0x00408460
0x00403190,std_string_dtor,crt,std helper,high,"identical normalised instruction shape (14 insns, unique in both)",0x004031a0,same,0x004084a0
0x004031c0,FUN_004031d0,crt,subsystem guessed from the neighbouring functions (crt / crt),high,"identical normalised instruction shape (13 insns, unique in both)",0x004031d0,same,
0x004031f0,FUN_00403200,crt,subsystem guessed from the neighbouring functions (crt / crt),high,"identical normalised instruction shape (20 insns, unique in both)",0x00403200,same,
0x00403230,FUN_00403240,crt,subsystem guessed from the neighbouring functions (crt / crt),high,"identical normalised instruction shape (30 insns, unique in both)",0x00403240,same,
0x00403290,FUN_004032a0,crt,subsystem guessed from the neighbouring functions (crt / crt),high,"identical normalised instruction shape (10 insns, unique in both)",0x004032a0,same,
0x004032c0,FUN_004032d0,crt,subsystem guessed from the neighbouring functions (crt / crt),high,"identical normalised instruction shape (13 insns, unique in both)",0x004032d0,same,
0x004032e0,FUN_004032f0,crt,subsystem guessed from the neighbouring functions (crt / crt),high,"identical normalised instruction shape (64 insns, unique in both)",0x004032f0,same,
0x00403380,std_string_assign_sub,crt,std helper,high,"identical normalised instruction shape (97 insns, unique in both)",0x00403390,same,0x00408590
0x00403460,FUN_00403470,crt,subsystem guessed from the neighbouring functions (crt / crt),high,"identical normalised instruction shape (54 insns, unique in both)",0x00403470,same,
0x004034f0,FUN_00403500,crt,subsystem guessed from the neighbouring functions (crt / crt),high,"identical normalised instruction shape (13 insns, unique in both)",0x00403500,same,
0x00403520,FUN_00403530,crt,subsystem guessed from the neighbouring functions (crt / crt),high,"identical normalised instruction shape (15 insns, unique in both)",0x00403530,same,
0x00403550,FUN_00403560,crt,subsystem guessed from the neighbouring functions (crt / crt),high,"identical normalised instruction shape (123 insns, unique in both)",0x00403560,same,
0x004036c0,FUN_004036d0,crt,subsystem guessed from the neighbouring functions (crt / crt),high,"identical normalised instruction shape (43 insns, unique in both)",0x004036d0,same,
0x00403740,FUN_00403750,crt,subsystem guessed from the neighbouring functions (crt / crt),high,"identical normalised instruction shape (67 insns, unique in both)",0x00403750,same,
0x004037f0,std_string_assign_n,crt,std helper,high,"identical normalised instruction shape (88 insns, unique in both)",0x00403800,same,0x00408670
0x004038c0,std_string_append,crt,std helper,high,"identical normalised instruction shape (55 insns, unique in both)",0x004038d0,same,0x00408740
0x00403950,FUN_00403960,crt,C++ standard library template instance,high,"identical normalised instruction shape (193 insns, unique in both)",0x00403960,same,
0x00403b50,FUN_00403b60,crt,C++ standard library template instance,medium,"identical shape, callee FUN_00403960 (score 1.00)",0x00403b60,same,
0x00403bd0,FUN_00403be0,crt,C++ standard library template instance,high,"identical normalised instruction shape (26 insns, unique in both)",0x00403be0,same,
0x00403c30,FUN_00403c40,crt,subsystem guessed from the neighbouring functions (crt / crt),medium,"identical shape, callee Catch_All@00403e5a (score 1.00)",0x00403c40,same,
0x00403c50,FUN_00403c60,crt,subsystem guessed from the neighbouring functions (crt / crt),high,"identical normalised instruction shape (179 insns, unique in both)",0x00403c60,same,
0x00403e4a,Catch_All@00403e5a,crt,C runtime / compiler support (name from Ghidra function ID),high,"identical normalised instruction shape (57 insns, unique in both)",0x00403e5a,same,
0x00403ef3,Catch_All@00403f03,crt,C runtime / compiler support (name from Ghidra function ID),high,"identical normalised instruction shape (57 insns, unique in both)",0x00403f03,same,
0x00403f90,FUN_00403fa0,crt,C++ standard library template instance,medium,"identical shape, callee FUN_00403c60 (score 1.00)",0x00403fa0,same,
0x00404010,FUN_00404020,crt,C++ standard library template instance,high,"identical normalised instruction shape (29 insns, unique in both)",0x00404020,same,
0x00404070,FUN_00404080,crt,subsystem guessed from the neighbouring functions (crt / crt),high,"identical normalised instruction shape (167 insns, unique in both)",0x00404080,same,
0x00404230,Catch_All@00404240,crt,C runtime / compiler support (name from Ghidra function ID),medium,"same position between matched neighbours, identical shape (4 insns)",0x00404240,same,
0x0040423c,Catch_All@0040424c,crt,C runtime / compiler support (name from Ghidra function ID),high,"identical normalised instruction shape (75 insns, unique in both)",0x0040424c,same,
0x00404310,FUN_00404320,crt,C++ standard library template instance,medium,"identical shape, callee FUN_00404080 (score 1.00)",0x00404320,same,
0x00404390,FUN_004043a0,crt,C++ standard library template instance,high,"identical normalised instruction shape (28 insns, unique in both)",0x004043a0,same,
0x00404410,std_list_helper,crt,std helper,high,"identical normalised instruction shape (45 insns, unique in both)",0x00404420,same,0x00408890
0x0040448a,Catch_All_list,crt,EH catch funclet,high,"identical normalised instruction shape (11 insns, unique in both)",0x0040449a,same,0x0040890a
0x004044b2,std_list_copy,crt,std helper,high,"identical normalised instruction shape (41 insns, unique in both)",0x004044c2,same,0x00408932
0x0040451b,Catch_All_list2,crt,EH catch funclet,high,"identical normalised instruction shape (14 insns, unique in both)",0x0040452b,same,0x0040899b
0x00404550,FUN_00404560,crt,C++ standard library template instance,high,"identical normalised instruction shape (52 insns, unique in both)",0x00404560,same,
0x004045e0,std_alloc_throw,crt,std helper,high,"identical normalised instruction shape (26 insns, unique in both)",0x004045f0,same,0x004089d0
0x00404640,FUN_00404650,crt,subsystem guessed from the neighbouring functions (crt / crt),high,"identical normalised instruction shape (14 insns, unique in both)",0x00404650,same,
0x00404670,FUN_00404680,crt,subsystem guessed from the neighbouring functions (crt / crt),high,"identical normalised instruction shape (22 insns, unique in both)",0x00404680,same,
0x004046a0,FUN_004046b0,crt,subsystem guessed from the neighbouring functions (crt / crt),medium,"identical shape, callee Catch_All@0040424c (score 1.00)",0x004046b0,same,
0x004046d0,FUN_004046e0,crt,subsystem guessed from the neighbouring functions (crt / crt),high,"identical normalised instruction shape (14 insns, unique in both)",0x004046e0,same,
0x00404710,FUN_00404720,crt,subsystem guessed from the neighbouring functions (crt / crt),high,"identical normalised instruction shape (128 insns, unique in both)",0x00404720,same,
0x00404850,FUN_00404860,crt,subsystem guessed from the neighbouring functions (crt / crt),high,"identical normalised instruction shape (38 insns, unique in both)",0x00404860,same,
0x004048b0,FUN_004048c0,crt,subsystem guessed from the neighbouring functions (crt / crt),high,"identical normalised instruction shape (17 insns, unique in both)",0x004048c0,same,
0x004048e0,FUN_004048f0,crt,subsystem guessed from the neighbouring functions (crt / crt),high,"identical normalised instruction shape (28 insns, unique in both)",0x004048f0,same,
0x00404920,FUN_00404930,crt,subsystem guessed from the neighbouring functions (crt / crt),high,"identical normalised instruction shape (37 insns, unique in both)",0x00404930,same,
0x0040498e,Catch_All@0040499e,crt,C runtime / compiler support (name from Ghidra function ID),high,"identical normalised instruction shape (20 insns, unique in both)",0x0040499e,same,
0x004049c0,FUN_004049d0,crt,C++ standard library template instance,high,"identical normalised instruction shape (150 insns, unique in both)",0x004049d0,same,
0x00404b30,FUN_00404b40,crt,subsystem guessed from the neighbouring functions (crt / crt),high,"identical normalised instruction shape (10 insns, unique in both)",0x00404b40,same,
0x00404b60,FUN_00404bd0,crt,subsystem guessed from the neighbouring functions (crt / crt),high,"identical normalised instruction shape (301 insns, unique in both)",0x00404bd0,same,
0x00404ea0,FUN_00404f10,crt,subsystem guessed from the neighbouring functions (crt / crt),high,"identical normalised instruction shape (68 insns, unique in both)",0x00404f10,same,
0x00404f40,FUN_00404fb0,crt,subsystem guessed from the neighbouring functions (crt / crt),high,"identical normalised instruction shape (44 insns, unique in both)",0x00404fb0,same,
0x00404fb0,FUN_00405020,crt,subsystem guessed from the neighbouring functions (crt / crt),high,"identical normalised instruction shape (32 insns, unique in both)",0x00405020,same,
0x00405000,FUN_00405070,crt,C++ standard library template instance,high,"identical normalised instruction shape (16 insns, unique in both)",0x00405070,same,
0x00405030,FUN_004050d0,crt,subsystem guessed from the neighbouring functions (crt / crt),high,"identical normalised instruction shape (68 insns, unique in both)",0x004050d0,same,
0x004050e0,FUN_00405180,crt,subsystem guessed from the neighbouring functions (crt / crt),high,"identical normalised instruction shape (46 insns, unique in both)",0x00405180,same,
0x00405150,FUN_004051f0,crt,subsystem guessed from the neighbouring functions (crt / crt),high,"identical normalised instruction shape (54 insns, unique in both)",0x004051f0,same,
0x004051e0,FUN_00405280,crt,subsystem guessed from the neighbouring functions (crt / crt),high,"identical normalised instruction shape (85 insns, unique in both)",0x00405280,same,
0x004052b0,FUN_00405350,crt,subsystem guessed from the neighbouring functions (crt / crt),high,"identical normalised instruction shape (71 insns, unique in both)",0x00405350,same,
0x00405370,FUN_00405410,crt,subsystem guessed from the neighbouring functions (crt / crt),high,"identical normalised instruction shape (39 insns, unique in both)",0x00405410,same,
0x004053e2,Catch_All@00405482,crt,C runtime / compiler support (name from Ghidra function ID),high,"identical normalised instruction shape (22 insns, unique in both)",0x00405482,same,
0x00405420,FUN_004054c0,crt,subsystem guessed from the neighbouring functions (crt / save),high,"identical normalised instruction shape (17 insns, unique in both)",0x004054c0,same,
0x00405450,FUN_004054f0,crt,subsystem guessed from the neighbouring functions (crt / save),high,"identical normalised instruction shape (51 insns, unique in both)",0x004054f0,same,
0x004054d0,FUN_00405570,crt,subsystem guessed from the neighbouring functions (crt / save),high,"identical normalised instruction shape (101 insns, unique in both)",0x00405570,same,
0x004055e0,Sys_Crc16,save,CRC helper for G_LoadBin,high,"identical normalised instruction shape (22 insns, unique in both)",0x00405680,same,0x0041e070
0x00405620,Intro_IsDivoGames,intro,compare name with DivoGames,high,"identical normalised instruction shape (56 insns, unique in both)",0x004056c0,same,0x004078e0
0x004056b0,Sys_Error,sys,fatal error: message box and shutdown,high,"identical normalised instruction shape (39 insns, unique in both)",0x00405750,same,0x004204f0
0x00405760,Sys_CheckParm,sys,look up a command-line argument,high,"identical normalised instruction shape (34 insns, unique in both)",0x00405800,same,0x004205a0
0x004057c0,Sys_ShellExecute,sys,ShellExecuteA of the string in EAX (purchase command) (v1.70 alias: Sys_OpenURL),medium,"identical shape, callee M_MainMenuAction (score 1.00)",0x00405860,same,0x00420600
0x004057e0,Sys_WriteRegistryKey,sys,writes a value under a CLSID key of the registry at start-up,high,only caller of import RegCreateKeyExA,0x00405880,same-shape-other-constants,
0x00405890,Sys_CheckDrive,sys,checks the type of the drive the game runs from and shows a message box before quitting,high,only caller of import GetDriveTypeA,0x00405930,same,
0x004059e0,Sys_Init,sys,subsystem initialisation,high,unique string '-notex' (1 shared),0x00405a80,same,0x00420620
0x00405b50,Sys_Quit,sys,shutdown; save config; exit,high,"identical normalised instruction shape (31 insns, unique in both)",0x00405bf0,same,0x00420750
0x00405be0,Sys_PostClose,sys,SendMessage WM_CLOSE,high,only caller of import SendMessageA,0x00405c80,same,0x004207d0
0x00405c00,WinMain,sys,entry and main loop,high,unique string 'Can not load game settings.' (1 shared),0x00405ca0,same,0x004207f0
0x00405e50,F_Decrypt,fs,XOR with 1024-byte key,high,"identical normalised instruction shape (20 insns, unique in both)",0x00405ef0,same,0x00420a20
0x00405e90,F_LoadPackFile,fs,load pak directory,high,unique string 'F_LoadPackFile: Too many paks.' (1 shared),0x00405f30,same,0x00420a60
0x00405fb0,F_Init,fs,file system init,high,unique string '---- Initializing file system ----' (6 shared),0x00406050,same,0x00420b80
0x00406160,F_Shutdown,fs,close paks,high,"identical normalised instruction shape (20 insns, unique in both)",0x00406200,same,0x00420d30
0x004061a0,F_OpenFile,fs,open from pak or data\,high,unique string 'File '%s' not found.' (1 shared),0x00406240,same,0x00420d70
0x004063a0,F_GetFileLocation,fs,locate file for BASS,high,"identical normalised instruction shape (134 insns, unique in both)",0x00406440,same,0x00420f60
0x00406560,F_Read,fs,read,high,"identical normalised instruction shape (59 insns, unique in both)",0x00406600,same,0x00421120
0x004065f0,F_FileLength,fs,file length,high,"identical normalised instruction shape (37 insns, unique in both)",0x00406690,same,0x004211b0
0x00406650,F_Seek,fs,seek,high,"identical normalised instruction shape (52 insns, unique in both)",0x004066f0,same,0x00421210
0x004066e0,F_FindFirst,fs,find first file,high,unique string 'data\%s\*.%s' (1 shared),0x00406780,same,0x004212a0
0x00406840,F_FindNext,fs,find next file,high,only caller of import FindNextFileA,0x004068e0,same,0x00421400
0x00406940,G_LoadBin,save,load game.bin,high,unique string 'G_LoadBin: Illegal '%s' version.' (2 shared),0x004069e0,changed,0x00401050
0x00406bd0,G_SaveBin,save,write game.bin (random key; CRC-16/CCITT),medium,callee Sys_Error (score 1.00),0x00406c70,changed,0x004011b0
0x00406ee0,HUD_DrawMessage,hud,3 s fading centre message (cheats),high,"identical normalised instruction shape (117 insns, unique in both)",0x00406f80,same,0x00401330
0x00407070,G_CheatInput,cheat,rolling 32-char buffer cheat matcher,high,unique string 'invulnerability' (14 shared),0x00407110,same,0x004014c0
0x00407710,CL_LoadHudAssets,2d,register cursors and HUD textures as pics (v1.70 alias: HUD_LoadMedia),high,unique string 'menu\cursor_1.tga' (6 shared),0x004077b0,same,0x00401aa0
0x004077b0,R_AddMenuModelTree,frame,adds a menu preview model and its attached children to the scene (recursive),high,"identical normalised instruction shape (86 insns, unique in both)",0x00407850,same,
0x00407920,R_RenderMenuModel,frame,noworld view of one object record (menu preview) (v1.70 alias: M_DrawBanner3D),high,"identical normalised instruction shape (58 insns, unique in both)",0x004079c0,same,0x00401b30
0x00407a10,HUD_DrawLevelName,hud,typewriter level name at level start,high,"identical normalised instruction shape (180 insns, unique in both)",0x00407ab0,same,0x00401c60
0x00407c80,HUD_Draw1P,hud,one-player HUD,high,"identical normalised instruction shape (886 insns, unique in both)",0x00407d20,same,0x00401ed0
0x00408a60,HUD_Draw2P,hud,two-player HUD,high,"identical normalised instruction shape (2045 insns, unique in both)",0x00408b00,same,0x00402a90
0x0040a940,R_UpdateFrameRate,hud,frame-rate counter for the statistics overlay,high,"identical normalised instruction shape (18 insns, unique in both)",0x0040a9e0,same,
0x0040a9a0,R_DrawStats,hud,debug statistics text in the 2D layer,high,unique string 'FPS: %3i' (7 shared),0x0040aa40,same,
0x0040abe0,HUD_Frame,hud,HUD dispatcher (name/HUD/message/mouse cursor),high,"identical normalised instruction shape (16 insns, unique in both)",0x0040ac80,same,0x004041b0
0x0040ac20,SCR_SelectLoadingComic,hud,picks the comic panel shown on the loading screen,high,unique string 'gfx\ui\comix\loading1_1_1' (2 shared),0x0040acc0,changed,
0x0040acb0,SCR_DrawLoading,hud,loading screen with progress bar,high,unique string 'Loading' (1 shared),0x0040adf0,changed,0x00404230
0x0040b150,R_DrawScreenFade,2d,full-screen alpha rectangle with fade value (v1.70 alias: SCR_DrawFade),high,"identical normalised instruction shape (46 insns, unique in both)",0x0040b1c0,same,0x00404370
0x0040b1f0,G_RootAddRef,game,CORRECTS FUN_0040b260 (subsystem 2d guessed): walks to the root entity and increments its reference count; only caller Shoot (v1.70 alias: G_AddRootRef),high,"identical normalised instruction shape (10 insns, unique in both)",0x0040b260,same,
0x0040b210,G_RemoveEntity,game,mark entity and children removed (deferred); stop emitter; drop attach refcount,high,"identical normalised instruction shape (38 insns, unique in both)",0x0040b280,same,0x00404410
0x0040b290,G_FreeEntity,game,unlink and return entity to pool; free thread/path/children,high,"identical normalised instruction shape (133 insns, unique in both)",0x0040b300,same,0x00404590
0x0040b440,G_AllocEntity,game,pop pool free list; zero; link as newest,high,"identical normalised instruction shape (27 insns, unique in both)",0x0040b4b0,same,0x00404530
0x0040b4a0,G_FreeAllEntities,game,frees every entity at level end,high,"identical normalised instruction shape (27 insns, unique in both)",0x0040b510,same,
0x0040b4f0,G_GetOrigin,game,copy entity origin to vector,medium,"identical shape, callee S_StartSound (score 1.00)",0x0040b560,same,0x00404680
0x0040b510,G_GetMuzzle,game,muzzle position from tag and last-think transform (v1.70 alias: G_GetTagWorldPos),high,"identical normalised instruction shape (127 insns, unique in both)",0x0040b580,same,0x004046a0
0x0040b6c0,G_AttachToTag,game,compute child base origin/axis from parent tag,high,"identical normalised instruction shape (137 insns, unique in both)",0x0040b730,same,0x00404850
0x0040b8d0,G_ActivateEntity,game,set script-active bit 4 recursively; enable emitter,high,"identical normalised instruction shape (25 insns, unique in both)",0x0040b940,same,0x00404a40
0x0040b920,G_DeactivateEntity,game,clear bit 4 recursively; disable emitter,high,"identical normalised instruction shape (23 insns, unique in both)",0x0040b990,same,0x00404a90
0x0040b970,G_Damage,game,apply damage; run damage handler; death/kill/drop/score,high,"identical normalised instruction shape (126 insns, unique in both)",0x0040b9e0,same,0x00404ae0
0x0040bb50,G_ParticleDamage,game,damage players or first enemy under a projected particle,high,"identical normalised instruction shape (141 insns, unique in both)",0x0040bbc0,same,0x00404cb0
0x0040bd00,G_DrawHealthBar,game,adds the hbar_empty and hbar_full sprites when maximum health > 150,high,unique string 'hbar_full' (2 shared),0x0040bd70,same,0x00404e30
0x0040be70,G_RunInitHandler,game,run init entry on entity and children (propagates +0x77),high,"identical normalised instruction shape (73 insns, unique in both)",0x0040bee0,same,0x00404fa0
0x0040bf90,G_InActivationArea,game,sphere vs activation band map_pos+16..+800; x 0..1280; z>=hmin,high,"identical normalised instruction shape (39 insns, unique in both)",0x0040c000,same,0x004050b0
0x0040c020,G_InVisibleTerrainBox,game,sphere vs bbox of visible terrain,high,"identical normalised instruction shape (39 insns, unique in both)",0x0040c090,same,0x00405140
0x0040c0b0,G_TouchEntity,game,screen-space touch tests vs players/enemies and touch dispatch,high,"identical normalised instruction shape (264 insns, unique in both)",0x0040c120,same,0x004051d0
0x0040c6e0,G_SyncRenderRecord,game,"root transform: terrain / water snapping (FL_ONWATER uses G_WaterHeight unless bit 0x200), axis from terrain, water (bit 0x8) or angles; colour clamped to [0,1] into the render record (v1.70 alias: G_SetupTransform G_SyncRenderRecord)",high,"identical normalised instruction shape (185 insns, unique in both)",0x0040c750,same,0x004057c0
0x0040c990,G_ComputeScreenBounds,game,project bbox/point to screen rect and set collidable bit 8,high,"identical normalised instruction shape (92 insns, unique in both)",0x0040ca00,same,0x00405930
0x0040cac0,G_ThinkEntity,game,per-entity update: timers; script main; transforms; render submit; children,high,"identical normalised instruction shape (175 insns, unique in both)",0x0040cb30,same,0x00405a60
0x0040cd00,G_SetStateRecursive,game,set +0x1a state on entity and children,high,"identical normalised instruction shape (26 insns, unique in both)",0x0040cd70,same,0x00405c70
0x0040cd50,G_RunEntities,game,free removed; state machine; think all; collisions,high,"identical normalised instruction shape (224 insns, unique in both)",0x0040cdc0,same,0x00405cc0
0x0040ce80,G_FloorHelper,game,small rounding helper of the water-height lookup,high,"identical normalised instruction shape (14 insns, unique in both)",0x0040cef0,same,
0x0040ceb0,G_EvalPath,game,Bezier path position/yaw at arc parameter,high,"identical normalised instruction shape (199 insns, unique in both)",0x0040cf20,same,0x00405dd0
0x0040d0c0,G_MoveAlongPath,game,advance along waypoint path (MoveToNextWP),high,"identical normalised instruction shape (93 insns, unique in both)",0x0040d130,same,0x00405fe0
0x0040d1f0,G_RotateToPath,game,turn yaw toward path direction (RotateToNextWP),high,"identical normalised instruction shape (135 insns, unique in both)",0x0040d260,same,0x00406110
0x0040d3a0,G_FindLevel,game,find level record by id,high,unique string 'ERROR: Unknown level identifier '%s'.' (1 shared),0x0040d410,same,0x004062c0
0x0040d420,G_ParseLevel,level,parse one levels.txt block,high,unique string 'Too many levels in level-list file.' (6 shared),0x0040d490,same,0x00406340
0x0040d980,G_LoadLevelList,level,load maps\levels.txt,high,unique string 'maps\levels.txt' (2 shared),0x0040d9f0,same,0x00406880
0x0040da10,G_PathSegmentYaw,level,yaw between two path points (deg),high,"identical normalised instruction shape (43 insns, unique in both)",0x0040da80,same,0x00406910
0x0040daa0,G_BuildPath,level,sample bezier waypoint path every 8 units,high,"identical normalised instruction shape (440 insns, unique in both)",0x0040db10,same,0x004069a0
0x0040e060,P_LoadParticleFiles,particles,parse particles/*.ps with progress,high,unique string 'particles' (1 shared),0x0040e0d0,same,0x00406f60
0x0040e170,G_StartLevel,level,load level assets; reset pools; spawn players; music (v1.70 alias: G_BeginLevel),high,"identical normalised instruction shape (275 insns, unique in both)",0x0040e1e0,same,0x00407080
0x0040e5f0,G_FreeLevel,level,free entities/models/textures/sounds,high,"identical normalised instruction shape (58 insns, unique in both)",0x0040e660,same,0x004074b0
0x0040e6c0,PF_EndLevel,script-builtin,EndLevel: freeze world and run mission complete; builtin 'EndLevel'; builtin 'EndLevel',high,builtin table entry 'EndLevel',0x0040e730,same,0x00407570
0x0040e770,G_ActivateMapObjects,level,activate placed objects entering the activation window,high,"identical normalised instruction shape (223 insns, unique in both)",0x0040e7e0,same,0x00407590
0x0040ea90,IntroList_free,intro,helper,high,"identical normalised instruction shape (21 insns, unique in both)",0x00410810,same,0x00408220
0x0040ead0,IntroImage_Begin,intro,load image; t=-0.5,high,"identical normalised instruction shape (17 insns, unique in both)",0x0040eb00,same,0x00407b00
0x0040eb00,IntroImage_Done,intro,true when t>=6,medium,"same position between matched neighbours, identical shape (9 insns)",0x0040eb30,same,0x00407b30
0x0040eb20,IntroImage_Draw,intro,centred image with 1 s fades,high,"identical normalised instruction shape (130 insns, unique in both)",0x0040eb50,same,0x00407b50
0x0040ece0,IntroDivo_Begin,intro,load gfx\logo.tga,high,unique string 'gfx\logo.tga' (1 shared),0x0040ed10,same,0x00407cb0
0x0040ed10,IntroDivo_Done,intro,true when t>=8,medium,"same position between matched neighbours, identical shape (9 insns)",0x0040ed40,same,0x00407ce0
0x0040ed30,IntroDivo_Draw,intro,animated DivoGames logo,high,"identical normalised instruction shape (181 insns, unique in both)",0x0040ed60,same,0x00407d00
0x0040efd0,Intro_Shutdown,intro,free page list,high,"identical normalised instruction shape (22 insns, unique in both)",0x00410450,same,0x00407f90
0x0040f030,Intro_ClearPages,intro,delete intro pages,high,"identical normalised instruction shape (42 insns, unique in both)",0x004104b0,same,0x00407ff0
0x0040f0b0,G_StartIntros,intro,build intro pages from Settings.xml,medium,callee G_Init (score 0.88),0x00410530,changed,0x00408070
0x0040f260,G_IntroFrame,intro,advance/draw intro pages then start the attract level,high,"identical normalised instruction shape (138 insns, unique in both)",0x00410850,same,0x00408260
0x0040f490,std_helper1,crt,std helper,medium,"identical shape, caller of std_helper2 (score 1.00)",0x00410a80,same,0x00408530
0x0040f4b0,std_helper2,crt,std helper,medium,"identical shape, callee Intro_Shutdown (score 1.00)",0x00410aa0,same,0x00408550
0x0040f4f0,std_list_new,crt,std helper,high,"identical normalised instruction shape (11 insns, unique in both)",0x0042bbf0,same,0x0041f720
0x0040f510,std_list_check,crt,list too long check,medium,"identical shape, callee G_StartIntros (score 1.00)",0x00410ae0,same,0x004087d0
0x0040f5b0,Intro_NameIsDivo,intro,compare,high,unique string 'DivoGames' (1 shared),0x00410b80,same,0x004084d0
0x0040f620,G_InitActionBits,input,assign p_action bits to the binding slots,high,"identical normalised instruction shape (24 insns, unique in both)",0x00410bf0,same,0x00408a50
0x0040f6e0,G_SetPause,game,set pause flag; clear actions on resume,medium,"identical shape, callee MW_WndProc (score 1.00)",0x00410cb0,same,0x00408b10
0x0040f700,G_BeginLevel,game,apply difficulty factors; reset per-level player state; load level,high,"identical normalised instruction shape (61 insns, unique in both)",0x00410cd0,same,0x00408b30
0x0040f7f0,G_NewGame,game,starts a new game from the player-selection menu,high,"identical normalised instruction shape (36 insns, unique in both)",0x00410dc0,same,
0x0040f8a0,G_GameOver,game,game-over state and menu; builtin 'GameOver'; builtin 'GameOver',high,builtin table entry 'GameOver',0x00410e70,same,0x00408c80
0x0040f8e0,G_Init,game,boot game: data; menus; attract level; intros,high,unique string 'intro2' (3 shared),0x00410eb0,same,0x00408cc0
0x0040f9e0,G_SaveIfReady,save,if the game is ready: free level and save game.bin; only caller the dormant purchase action (v1.70 alias: G_Shutdown),medium,"identical shape, callee M_MainMenuAction (score 1.00)",0x00410fb0,same,0x00408dd0
0x0040fa00,G_RunFrame,game,frame: camera; spawner; player input; entity pass (v1.70 alias: G_Frame),high,"identical normalised instruction shape (53 insns, unique in both)",0x00410fd0,same,0x00408df0
0x0040fad0,G_CharEvent,input,WM_CHAR to edit field or cheats,high,"identical normalised instruction shape (26 insns, unique in both)",0x004110a0,same,0x00408ec0
0x0040fb20,G_KeyEvent,input,key press/release: hotkeys; menus; action bits,high,"identical normalised instruction shape (149 insns, unique in both)",0x004110f0,same,0x00408f10
0x0040fdc0,IN_MouseMove,input,window to virtual mouse position,high,"identical normalised instruction shape (14 insns, unique in both)",0x00411390,same,0x004091c0
0x0040fdf0,G_LoadMap,level,load map (HMAP) and place objects,high,unique string 'Map file '%s' not found.' (5 shared),0x004113c0,same,0x004091f0
0x00410420,G_WriteObjectsTxt,level,writes an objects.txt file with a generated header,high,unique string 'objects.txt' (2 shared),0x004119f0,same,
0x004105d0,G_FindObjectDef,game,first object definition with this name (v1.70 alias: G_FindObject),high,unique string 'ERROR: Unknown object '%s'.' (1 shared),0x00411ba0,same,0x00409860
0x00410640,G_PrecacheObject,game,register model/skin/envmap/script/attaches of a definition,high,"identical normalised instruction shape (62 insns, unique in both)",0x00411c10,same,0x004098d0
0x00410710,G_SetupTempRenderEntity,game,fill a temporary render record from a definition by name,high,"identical normalised instruction shape (119 insns, unique in both)",0x00411ce0,same,0x004099f0
0x004108c0,G_InitObject,game,create entity from definition incl. attach children,high,unique string 'ERROR: G_InitObject(%s): Unknown attach ' (1 shared),0x00411e90,same,0x00409ba0
0x00410ef0,G_SpawnObject,game,G_InitObject(pooled) + ground/water snap (v1.70 alias: G_SpawnDecal),high,"identical normalised instruction shape (66 insns, unique in both)",0x004124c0,same,0x0040a080
0x00410fd0,ParseObject,game,parse one object definition block,high,unique string 'ParseObject: Too many objects in object ' (53 shared),0x004125a0,same,0x0040a160
0x00411fa0,G_LoadObjects,game,load all objects/*.obj,high,unique string 'objects' (4 shared),0x00413570,same,0x0040afc0
0x004120b0,G_SelectNextPowerUp,game,next power-up kind with a count; skips 6 7 9 (v1.70 alias: G_NextPowerUp),high,"identical normalised instruction shape (51 insns, unique in both)",0x00413680,same,0x0040b0d0
0x00412140,G_UsePowerUpRecord,game,consume one selected power-up (v1.70 alias: G_UsePowerUpSlot),high,"identical normalised instruction shape (34 insns, unique in both)",0x00413710,same,0x0040b150
0x004121b0,G_SelectNextMissile,game,next missile type with a count (mod 5) (v1.70 alias: G_NextMissile),high,"identical normalised instruction shape (45 insns, unique in both)",0x00413780,same,0x0040b1b0
0x00412230,G_UseMissileRecord,game,consume one selected missile (v1.70 alias: G_UseMissileSlot),high,"identical normalised instruction shape (34 insns, unique in both)",0x00413800,same,0x0040b220
0x004122a0,G_NextWeapon,player,cycle to next owned weapon,high,"identical normalised instruction shape (46 insns, unique in both)",0x00413870,same,0x0040b280
0x00412320,G_SetMissionLoadout,player,CORRECTS re/symbols_as2.csv G_ResetPlayers: sets the 9 weapon upgrade slots and p_weapon of both players from the mission loadout table 0x0048b3a8 (row = mission index clamped to 0..17) (v1.70 alias: G_ResetPlayers),medium,callee G_NewGame (score 0.90),0x004138f0,same-opcodes,
0x00412550,G_SpawnPlayer,player,spawn player helicopter (RespawnPlayer),high,"identical normalised instruction shape (73 insns, unique in both)",0x00413b20,same,0x0040b2f0
0x00412680,G_PlayerFrame,player,"confirmed match: edges 0x200/0x100/0x400, game-over test, returns while paused, then the acceleration vector (record +0x14c) from the direction bits and the relative mouse control (length 2.0) (v1.70 alias: G_PlayerInput G_PlayerFrame)",high,only caller of import GetCursorPos,0x00413c50,same,0x0040b440
0x00412940,G_BuildScoreString,net,score posting payload,high,only caller of import lstrlenA,0x00413f10,same,0x0040b6e0
0x00412ab0,G_PostScore,net,HTTP score post (auto-named CryptText),high,unique string 'bad allocation' (10 shared),0x00414080,same,0x0040b850
0x00412d80,G_AwardScore,game,add score and spawn floating digits,high,"identical normalised instruction shape (124 insns, unique in both)",0x00414350,same,0x0040bb20
0x00412f70,G_BankScore,game,bank score; update rank; lives checkpoint,high,"identical normalised instruction shape (38 insns, unique in both)",0x00414540,same,0x0040bd10
0x00413000,G_RankIndex,game,rank value to 0..6,high,"identical normalised instruction shape (17 insns, unique in both)",0x004145d0,same,0x0040bda0
0x00413040,G_CheckHighScore,game,open name entry if qualifying,high,"identical normalised instruction shape (46 insns, unique in both)",0x00414610,same,0x0040bde0
0x004130f0,G_InsertHighScore,game,insert name/score/rank into table,high,unique string 'Dennis' (2 shared),0x004146c0,changed,0x0040be90
0x00413230,G_FreeAllSkidTrails,game,CORRECTS re/symbols_as2.csv G_LevelEndHelper: returns every live skid trail to the free list (v1.70 alias: G_FreeSkidMarks G_LevelEndHelper),high,"identical normalised instruction shape (30 insns, unique in both)",0x00414800,same,
0x00413280,G_UpdateSkidTrails,game,"CORRECTS re/symbols_as2.csv G_UpdatePlayers: per-frame update of the skid-mark trails (node ages, 5/12 s node interval, 23 nodes, 10 s life, points at terrain height + 2; fills the trail draw list); runs after G_RunEntities also while paused (v1.70 alias: G_UpdateSkidMarks G_UpdatePlayers)",high,"identical normalised instruction shape (317 insns, unique in both)",0x00414850,same,
0x00413680,G_LockTarget,game,nearest enemy ahead of its player (LockTarget) (v1.70 alias: G_FindLockTarget),high,"identical normalised instruction shape (82 insns, unique in both)",0x00414c50,same,0x0040c020
0x004137b0,CL_CameraQuake,camera,quake perturbation of view angles and fov (v1.70 alias: V_UpdateQuake),high,"identical normalised instruction shape (69 insns, unique in both)",0x00414d80,same,0x0040c150
0x004138c0,V_UpdateCamera,camera,scroll g_map_pos; follow player +-48 deadzone; clamp x 578..702; fill refdef,high,"identical normalised instruction shape (234 insns, unique in both)",0x00414e90,same,0x0040c260
0x00413cc0,V_ResetCamera,camera,confirmed match; same reset values plus the -campos option (v1.70 alias: V_SetCameraMode V_ResetCamera),high,unique string '-campos' (1 shared),0x00415290,same,0x0040c660
0x00413e40,G_ParseWeapon,weapons,parse .wpn block,high,unique string 'Too many weapons.' (3 shared),0x00415410,same,0x0040c770
0x00413fa0,G_LoadWeapons,weapons,load weapons/*.wpn,high,unique string 'weapons' (1 shared),0x00415570,same,0x0040c8d0
0x00414060,G_FindWeapon,weapons,weapon by name,high,unique string 'ERROR: Unknown weapon '%s'.' (1 shared),0x00415630,same,0x0040c990
0x004140e0,Com_Printf,sys,log to game.log,high,"identical normalised instruction shape (34 insns, unique in both)",0x004156b0,same,0x0041e0b0
0x00414170,MW_CenterWindow,window,center window,high,"identical normalised instruction shape (44 insns, unique in both)",0x00415740,same,0x00421980
0x004141e0,MW_CreateWindow,window,register class and create window,high,unique string '... registering window class - failed.' (5 shared),0x004157b0,same-shape-other-constants,0x004219f0
0x004144b0,MW_Init,window,window and GL context init,high,unique string '---- Initializing main window ----' (7 shared),0x00415a80,same,0x00421bd0
0x004145d0,MW_Shutdown,window,destroy window and context,high,only caller of import DestroyWindow,0x00415ba0,same,0x00421d70
0x00414650,MW_PumpMessages,window,Peek/Get/Dispatch message loop,high,only caller of import WaitMessage,0x00415c20,same,0x00421df0
0x004146d0,MW_DisableSysKeys,window,hotkeys and screensaver off,high,"identical normalised instruction shape (26 insns, unique in both)",0x00415ca0,same,0x00421e60
0x00414710,MW_EnableSysKeys,window,restore system keys,high,"identical normalised instruction shape (22 insns, unique in both)",0x00415ce0,same,0x00421ea0
0x00414750,MW_WndProc,window,window procedure (code without Ghidra function; address stored by MW_CreateWindow),high,unique string 'Window changed: %i %i' (1 shared),0x00415d20,same,0x00421ee0
0x00414b77,UI_ListClick_case4,ui,switch case fragment of the list widget,high,same library/thunk name 'caseD_5' (Ghidra function ID),0x00416147,same,0x00422292
0x00414f70,Joy_Init,input,joystick init,high,unique string 'Joy_Init: Joystick disabled by user.' (5 shared),0x00416540,same,0x00422670
0x00415130,Joy_POV,input,hat to key events,high,"identical normalised instruction shape (104 insns, unique in both)",0x00416700,same,0x00422830
0x004154b0,Joy_Frame,input,poll joystick buttons each frame,high,only caller of import joyGetPosEx,0x00416a80,same,0x00422bd0
0x00415680,PerpendicularVector,math,Quake-style perpendicular vector,high,"identical normalised instruction shape (86 insns, unique in both)",0x00416c50,same,0x0041e130
0x00415770,VectorNormalize,math,normalise in place and return length,high,"identical normalised instruction shape (46 insns, unique in both)",0x00416d40,same,0x0041e220
0x004157f0,VectorSetLength,math,scale vector to length,high,"identical normalised instruction shape (48 insns, unique in both)",0x00416dc0,same,0x0041e2a0
0x00415870,AngleMod360,math,wrap angle,high,"identical normalised instruction shape (40 insns, unique in both)",0x00416e40,same,0x0041e320
0x004158e0,AnglesToAxis,math,axis rows from three angles (rows of Rx*Ry*Rz(-a2)),high,"identical normalised instruction shape (99 insns, unique in both)",0x00416eb0,same,0x0041e390
0x00415a40,VectorToAngles,math,direction to angles,high,"identical normalised instruction shape (84 insns, unique in both)",0x00417010,same,0x0041e4f0
0x00415b50,VectorRotateByAxis,math,d.x*a0 + d.y*a1 + d.z*a2 (v1.70 alias: Matrix3_TransformVector),high,"identical normalised instruction shape (28 insns, unique in both)",0x00417120,same,0x0041e600
0x00415ba0,Matrix3_Multiply,math,3x3 multiply,high,"identical normalised instruction shape (82 insns, unique in both)",0x00417170,same,0x0041e650
0x00415c80,MatrixInverse3,math,3x3 inverse with the element-7 defect (D8) (v1.70 alias: Matrix3_Inverse),high,"identical normalised instruction shape (86 insns, unique in both)",0x00417250,same,0x0041e730
0x00415d60,InitSinTable,math,450-entry integer-degree sine table (cos = +90 entries) (v1.70 alias: Sys_InitSineTable),high,"identical normalised instruction shape (16 insns, unique in both)",0x00417330,same,0x0041e810
0x00415da0,COM_ParseError,parse,fatal parse error,high,unique string ''%s' Error (line %i): %s' (1 shared),0x00417370,same,0x0041e850
0x00415dd0,COM_ParseToken,parse,next token,high,unique string 'Line is incomplete' (4 shared),0x004173a0,same,0x0041e880
0x00415fa0,COM_OpenTextFile,parse,open text file for the tokenizer,high,"identical normalised instruction shape (67 insns, unique in both)",0x00417570,same,0x0041ea50
0x00416080,G_SegmentHitsRect,cull,clip a 2D segment against a rectangle (collision),high,"identical normalised instruction shape (273 insns, unique in both)",0x00417650,same,0x0040ca10
0x00416340,ColorUnpackABGR,2d,unpack 0xAABBGGRR to float RGBA (v1.70 alias: R_UnpackColor),high,"identical normalised instruction shape (31 insns, unique in both)",0x00417910,same,0x0040ccd0
0x004163a0,R_Set2DColor,2d,set the current 2D colour (optionally force alpha 1) (v1.70 alias: R_SetDrawColor),high,"identical normalised instruction shape (35 insns, unique in both)",0x00417970,same,0x0040cd30
0x00416420,R_Add2DQuad,2d,append a 2D quad with the current colour (max 4096) (v1.70 alias: R_DrawStretchPic),high,"identical normalised instruction shape (39 insns, unique in both)",0x004179f0,same,0x0040cdb0
0x004164c0,R_Add2DGradient,2d,2D helper of the menu header drawer,high,"identical normalised instruction shape (49 insns, unique in both)",0x00417a90,same,
0x00416590,R_Add2DFrame,2d,2D helper of list and button drawing,high,"identical normalised instruction shape (75 insns, unique in both)",0x00417b60,same,
0x00416690,R_Add2DPic,2d,append a picture at texel size with full texture (v1.70 alias: R_DrawPic),high,"identical normalised instruction shape (67 insns, unique in both)",0x00417c60,same,0x0040ce50
0x00416780,R_Add2DFill,2d,append an untextured filled rectangle (v1.70 alias: R_DrawFill),high,"identical normalised instruction shape (31 insns, unique in both)",0x00417d50,same,0x0040d1c0
0x004167f0,R_Add2DOutline,2d,append a rectangle outline (v1.70 alias: R_DrawOutline),high,"identical normalised instruction shape (32 insns, unique in both)",0x00417dc0,same,0x0040d230
0x00416860,R_Shutdown,render,frees every renderer resource and the Direct3D buffers,high,"identical normalised instruction shape (23 insns, unique in both)",0x00417e30,same,
0x004168c0,R_FreeLevelResources,render,frees the per-level renderer resources,high,"identical normalised instruction shape (17 insns, unique in both)",0x00417e90,same,
0x00416920,R_GetTag,model,tag lookup by name ('origin' special),high,unique string 'origin' (2 shared),0x00417ef0,same,0x00410380
0x00416ab0,R_ModelDefaultSkin,model,texture index embedded with the model,medium,"identical shape, callee G_InitObject (score 1.00)",0x00418080,same,0x00410510
0x00416ad0,R_BuildNormalWeights,model,slot indices and acos weights per normal; folds normals to absolute values (v1.70 alias: R_BuildModelNormals),high,"identical normalised instruction shape (125 insns, unique in both)",0x004180a0,same,0x00411520
0x00416ca0,R_LoadModel,model,load MDL file (versions 2 and 3),high,unique string 'R_LoadModel: Couldn't open model file '%' (7 shared),0x00418270,same,0x004116f0
0x00417360,R_ModelRadius,model,max corner distance of bbox (v1.70 alias: R_ModelRadius),high,"identical normalised instruction shape (60 insns, unique in both)",0x00418930,same,0x00411d70
0x00417410,R_ModelBounds,model,return model bbox min/max,high,"identical normalised instruction shape (18 insns, unique in both)",0x004189e0,same,0x00411e20
0x00417460,R_FindModel,model,case-sensitive model name lookup,high,"identical normalised instruction shape (34 insns, unique in both)",0x00418a30,same,0x004114c0
0x004174c0,R_RegisterModel,model,allocate and load a model slot (max 1024),high,"identical normalised instruction shape (31 insns, unique in both)",0x00418a90,same,0x00411e70
0x00417520,R_FreeModels,model,free all model arrays,high,"identical normalised instruction shape (66 insns, unique in both)",0x00418af0,same,0x00411ed0
0x00417610,PS_FindDescriptor,particle,name lookup of particle descriptors (v1.70 alias: P_FindSystem),high,"identical normalised instruction shape (41 insns, unique in both)",0x00418be0,same,0x00412d10
0x00417680,PS_ParseDescriptor,particle,parse one particles\*.ps block into a 0x138-byte descriptor (v1.70 alias: P_ParseSystem),high,unique string 'Too many particle system descriptors.' (34 shared),0x00418c50,same,0x00412d80
0x004180d0,PS_ClearInstances,particle,reset the 256-instance pool (v1.70 alias: P_ClearEmitters),high,"identical normalised instruction shape (16 insns, unique in both)",0x004196a0,same,0x00413780
0x00418120,PS_AllocInstance,particle,take an instance from the free list and append it (v1.70 alias: P_AllocEmitter),high,"identical normalised instruction shape (26 insns, unique in both)",0x004196f0,same,0x004137d0
0x00418170,PS_CreateInstance,particle,allocate instance and particle pool; EMIT_ONCE burst (v1.70 alias: P_SpawnEmitter),high,"identical normalised instruction shape (149 insns, unique in both)",0x00419740,same,0x00413820
0x00418320,PS_SetOrigin,particle,copy attachment origin and axis into the instance (v1.70 alias: P_SetEmitterOrigin),high,"identical normalised instruction shape (38 insns, unique in both)",0x004198f0,same,0x004139e0
0x00418390,PS_SpawnParticle,particle,initial position/velocity/colour/angle/size/frame (v1.70 alias: P_InitParticle),high,"identical normalised instruction shape (212 insns, unique in both)",0x00419960,same,0x00414290
0x00418700,PS_Update,particle,emission ring; integration; linear fade; linear anim; auto free (v1.70 alias: P_UpdateEmitter),high,"identical normalised instruction shape (263 insns, unique in both)",0x00419cd0,same,0x00414600
0x00418ac0,PS_FreeAllInstances,particle,unlink all instances and free their particles (v1.70 alias: P_FreeEmitters),high,"identical normalised instruction shape (31 insns, unique in both)",0x0041a090,same,0x00414a10
0x00418b20,R_RegisterShadow,shadow,cache shadow texture per model/skin/rotation,high,unique string 'R_RegisterShadow: Too many shadowmaps.' (1 shared),0x0041a0f0,same,0x00415640
0x00418bd0,R_FreeShadows,shadow,free all shadow records,high,"identical normalised instruction shape (22 insns, unique in both)",0x0041a1a0,same,0x004156f0
0x00418c10,G_TerrainHeight,terrain,bilinear height of the vertex grid (0 outside) (v1.70 alias: R_TerrainHeight),high,"identical normalised instruction shape (130 insns, unique in both)",0x0041a1e0,same,0x00416470
0x00418d90,G_AlignToTerrain,terrain,orient entity to terrain normal,medium,"identical shape, callee G_SyncRenderRecord (score 1.00)",0x0041a360,same,0x004165f0
0x00418f90,G_FindMorphMap,terrain,"find or load a morph stamp by name (64 per level, 8 bpp only; name gets .tga) (v1.70 alias: R_LoadMorphMap)",high,"identical normalised instruction shape (98 insns, unique in both)",0x0041a560,same,
0x004190a0,G_TerraMorph,terrain,apply an 8-bit stamp additively to terrain vertex heights (128 neutral; (hmax-hmin)/255 per level; skips underwater and off-grid vertices) (v1.70 alias: R_TerrainMorph),high,"identical normalised instruction shape (105 insns, unique in both)",0x0041a670,same,
0x00419200,R_LightTerrainChunk,render,per visible chunk: static vertex colours plus dynamic lights using load-time normals (v1.70 alias: R_TerrainVertexLight),high,"identical normalised instruction shape (266 insns, unique in both)",0x0041a7d0,same,
0x00419560,R_BuildTerrainTextures,terrain,mapTexture%i generation,high,unique string '%s\texture%i.tga' (2 shared),0x0041ab30,same,0x004167f0
0x00419930,R_BuildTerrainQuadtree,terrain,recursive node build,high,"identical normalised instruction shape (77 insns, unique in both)",0x0041af00,same,0x00416ba0
0x00419a50,R_TileCoords,terrain,tile rectangle in the atlas with a half-texel inset; rotation 3/6/9 (v1.70 alias: R_LoadTerrainTiles),high,unique string 'tiles\tiles%i.tga' (1 shared),0x0041b020,same,0x00416d00
0x00419d10,R_BuildTerrainNormals,terrain,vertex normals from central differences (v1.70 alias: R_LoadTerrain_Heights),high,"identical normalised instruction shape (220 insns, unique in both)",0x0041b2e0,same,
0x00419fb0,R_BuildTerrainColors,terrain,static vertex colours: clamp(N.L; 0; 1) x sun + ambient; underwater factor (v1.70 alias: R_LoadTerrain_Colors),high,"identical normalised instruction shape (152 insns, unique in both)",0x0041b580,same,
0x0041a1b0,R_BuildTerrainStripsAndTiles,terrain,terrain strips (flat underwater runs skipped) and tile overlay lists sorted by atlas (v1.70 alias: R_LoadTerrain_Tiles),high,"identical normalised instruction shape (231 insns, unique in both)",0x0041b780,same,
0x0041a4a0,R_LoadTerrain_Textures,terrain,terrain loading step that registers textures,high,"identical normalised instruction shape (59 insns, unique in both)",0x0041ba70,same,
0x0041a590,R_BuildWaterStrips,terrain,CORRECTION of symbols_as2.csv (R_LoadTerrain_Copy): water depth weights clamp((level - z)/16) and per-chunk strips of wet cells (v1.70 alias: R_LoadTerrain_Copy),high,"identical normalised instruction shape (162 insns, unique in both)",0x0041bb60,same,
0x0041a7c0,G_LoadTerrain,terrain,build terrain vertex grid and derived data for a level; resets the morph stamp table (v1.70 alias: R_LoadTerrain),high,unique string '%s\detail.tga' (1 shared),0x0041bd90,same,0x00416fd0
0x0041abf0,R_FreeTerrainNode,terrain,frees a terrain quadtree node recursively,high,"identical normalised instruction shape (20 insns, unique in both)",0x0041c1c0,same,
0x0041ac30,R_FreeTerrain,terrain,free terrain arrays,high,"identical normalised instruction shape (142 insns, unique in both)",0x0041c200,same,0x00416f70
0x0041ae00,Img_LoadTGARaw,image,"read an uncompressed TGA (types 1,2,3) into a record: width +0x80, height +0x84, bpp +0x88, pixels +0x90 (v1.70 alias: LoadTGA)",high,unique string 'Illegal image format in '%s'.' (1 shared),0x0041c3d0,same,0x004187e0
0x0041b000,R_ResampleBilinear8,texture,bilinear resample of an 8-bit image (terrain loader) (v1.70 alias: R_ResampleImage),high,"identical normalised instruction shape (169 insns, unique in both)",0x0041c5d0,same,0x004185b0
0x0041b230,MatrixMultiply4d,math,4x4 double matrix product (v1.70 alias: Matrix4x4Multiply),high,"identical normalised instruction shape (193 insns, unique in both)",0x0041c800,same,0x00418e30
0x0041b440,R_SetFrustum,cull,read back modelview/projection/viewport; store P*V and six planes (v1.70 alias: R_SetupFrustum),high,"identical normalised instruction shape (287 insns, unique in both)",0x0041ca10,same,0x00419040
0x0041b910,R_ProjectToScreen,render,project a point with previous frame's Direct3D matrices (v1.70 alias: R_WorldToScreen),high,"identical normalised instruction shape (63 insns, unique in both)",0x0041cee0,same,0x00419540
0x0041ba00,R_ProjectEntityBounds,cull,project 8 bbox corners (scaled by bbox_scale about the origin) to a window rectangle,high,"identical normalised instruction shape (195 insns, unique in both)",0x0041cfd0,same,0x00419630
0x0041bca0,R_PointOnScreen,cull,point strictly inside the video size (v1.70 alias: R_PointOnScreenInclusive),high,"identical normalised instruction shape (26 insns, unique in both)",0x0041d270,same,0x004198d0
0x0041bcf0,R_RectOnScreen,cull,rectangle inside the video size (v1.70 alias: R_RectTouchesScreen),high,"identical normalised instruction shape (26 insns, unique in both)",0x0041d2c0,same,0x00419920
0x0041bd40,R_CullSphere,cull,sphere against the six frustum planes,high,"identical normalised instruction shape (28 insns, unique in both)",0x0041d310,same,0x00419970
0x0041bd90,R_CullBox,render,terrain node cull,high,"identical normalised instruction shape (123 insns, unique in both)",0x0041d360,same,0x004199c0
0x0041bee0,V_ClampToFrustumX,camera,clamp x inside side planes with margin,high,"identical normalised instruction shape (44 insns, unique in both)",0x0041d4b0,same,0x00419b10
0x0041bf60,G_WaterHeight,terrain,height of the water surface at a point,high,"identical normalised instruction shape (135 insns, unique in both)",0x0041d530,same,
0x0041c100,G_AlignToWater,terrain,axis from the water plane through three samples; yaw kept,medium,"identical shape, callee G_SyncRenderRecord (score 1.00)",0x0041d6d0,same,
0x0041c300,R_UpdateWaterChunk,render,per visible chunk: water surface heights and normals (waves) from terrain and water weights (v1.70 alias: R_WaterWaveVertices),high,"identical normalised instruction shape (201 insns, unique in both)",0x0041d8d0,same,
0x0041c5d0,Settings_Init,settings,init settings strings,high,"identical normalised instruction shape (57 insns, unique in both)",0x0041dba0,same,0x0041eb30
0x0041c6e0,Settings_Free,settings,free settings,high,"identical normalised instruction shape (112 insns, unique in both)",0x0041dcb0,same,0x0041ec10
0x0041c8c0,Settings_FreeLists,settings,free settings lists,high,"identical normalised instruction shape (111 insns, unique in both)",0x0041de90,same,0x0041ed70
0x0041ca30,Settings_Load,settings,load Settings.xml,high,unique string 'Settings.xml' (1 shared),0x0041e000,same,0x0041eee0
0x0041cb60,Settings_Parse,settings,parse XML tags,high,unique string 'Settings' (24 shared),0x0041e130,same,0x0041f010
0x0041d150,std_string_from_cstr,crt,std helper,high,"identical normalised instruction shape (14 insns, unique in both)",0x0041e720,same,0x0041f550
0x0041d170,std_string_helper,crt,std helper,high,"identical normalised instruction shape (67 insns, unique in both)",0x0041e740,same,0x0041f570
0x0041d210,thunk_std_list_free,crt,thunk to 0x41f740,medium,"identical shape, caller of std_list_free (score 1.00)",0x0041e7e0,same,0x0041f610
0x0041d220,std_string_find,crt,std helper,high,"identical normalised instruction shape (100 insns, unique in both)",0x0041e7f0,same,0x0041f620
0x0041d320,std_list_free,crt,std helper,high,"identical normalised instruction shape (24 insns, unique in both)",0x0041e8f0,same,0x0041f740
0x0041d370,UI_ListNewNode,ui,list node alloc,high,"identical normalised instruction shape (19 insns, unique in both)",0x0041e940,same,0x00420410
0x0041d3b0,std_list_check2,crt,list too long check,medium,"identical shape, callee Settings_Parse (score 1.00)",0x0041e980,same,0x0041f790
0x0041d450,FUN_0041ea20,crt,C++ standard library template instance,medium,"identical shape, callee Settings_Parse (score 1.00)",0x0041ea20,same,
0x0041d4f0,SL_Error,script,fatal script error,high,"identical normalised instruction shape (17 insns, unique in both)",0x0041eac0,same,0x00419b90
0x0041d540,SL_Execute,script,interpreter,high,unique string 'Script '%s': Thread stack overflow.' (3 shared),0x0041eb10,same,0x00419be0
0x0041db60,SL_RunEvent,script,resume main or run event handler,high,"identical normalised instruction shape (101 insns, unique in both)",0x0041f130,same,0x0041a200
0x0041dcc0,PF_debug,script-builtin,debug (no-op); builtin 'debug'; builtin 'debug',high,builtin table entry 'debug',0x00401040,same,0x0041a350
0x0041dcd0,PF_random,script-builtin,random in [0;1]; builtin 'random'; builtin 'random',high,builtin table entry 'random',0x0041f290,same,0x0041a360
0x0041dcf0,PF_crandom,script-builtin,random in [-1;1]; builtin 'crandom'; builtin 'crandom',high,builtin table entry 'crandom',0x0041f2b0,same,0x0041a380
0x0041dd20,PF_sin,script-builtin,sin of degrees; builtin 'sin'; builtin 'sin',high,builtin table entry 'sin',0x0041f2e0,same,0x0041a3b0
0x0041dd40,PF_cos,script-builtin,cos of degrees; builtin 'cos'; builtin 'cos',high,builtin table entry 'cos',0x0041f300,same,0x0041a3d0
0x0041dd60,PF_tan,script-builtin,tan of degrees; builtin 'tan'; builtin 'tan',high,builtin table entry 'tan',0x0041f320,same,0x0041a3f0
0x0041dd80,PF_atan,script-builtin,atan (input converted from degrees; returns radians); builtin 'atan'; builtin 'atan',high,builtin table entry 'atan',0x0041f340,same,0x0041a410
0x0041ddb0,PF_atan2,script-builtin,builtin 'atan2' (new in as2); builtin 'atan2',high,builtin table entry 'atan2',0x0041f370,same,
0x0041ddf0,PF_abs,script-builtin,abs; builtin 'abs'; builtin 'abs',high,builtin table entry 'abs',0x0041f3b0,same,0x0041a430
0x0041de20,PF_min,script-builtin,min; builtin 'min'; builtin 'min',high,builtin table entry 'min',0x0041f3e0,same,0x0041a460
0x0041de60,PF_max,script-builtin,max; builtin 'max'; builtin 'max',high,builtin table entry 'max',0x0041f420,same,0x0041a4a0
0x0041dea0,PF_lerp,script-builtin,lerp(t;a;b)=a+(b-a)t; builtin 'lerp'; builtin 'lerp',high,builtin table entry 'lerp',0x0041f460,same,0x0041a4e0
0x0041dec0,PF_copysign,script-builtin,builtin 'copysign' (new in as2); builtin 'copysign',high,builtin table entry 'copysign',0x0041f480,same,
0x0041def0,PF_floor,script-builtin,builtin 'floor' (new in as2); builtin 'floor',high,builtin table entry 'floor',0x0041f4b0,same,
0x0041df20,PF_floor2,script-builtin,builtin 'floor2' (new in as2); builtin 'floor2',high,builtin table entry 'floor2',0x0041f4e0,same,
0x0041df50,PF_fmod,script-builtin,builtin 'fmod' (new in as2); builtin 'fmod',high,builtin table entry 'fmod',0x0041f510,same,
0x0041df70,PF_vec_copy,script-builtin,vec_copy(src;dst); builtin 'vec_copy'; builtin 'vec_copy',high,builtin table entry 'vec_copy',0x0041f530,same,0x0041a500
0x0041df90,PF_vec_add,script-builtin,vec_add(a;b;out); builtin 'vec_add'; builtin 'vec_add',high,builtin table entry 'vec_add',0x0041f550,same,0x0041a520
0x0041dfc0,PF_vec_sub,script-builtin,vec_sub(a;b;out)=a-b; builtin 'vec_sub'; builtin 'vec_sub',high,builtin table entry 'vec_sub',0x0041f580,same,0x0041a550
0x0041dff0,PF_vec_ma,script-builtin,vec_ma(a;s;b;out)=a+s*b; builtin 'vec_ma'; builtin 'vec_ma',high,builtin table entry 'vec_ma',0x0041f5b0,same,0x0041a580
0x0041e050,PF_vec_length,script-builtin,vector length; builtin 'vec_length'; builtin 'vec_length',high,builtin table entry 'vec_length',0x0041f610,same,0x0041a5e0
0x0041e0a0,PF_vec_norm,script-builtin,normalize in place; returns length; builtin 'vec_norm'; builtin 'vec_norm',high,builtin table entry 'vec_norm',0x0041f660,same,0x0041a630
0x0041e0c0,PF_vec_scale,script-builtin,scale in place; builtin 'vec_scale'; builtin 'vec_scale',high,builtin table entry 'vec_scale',0x0041f680,same,0x0041a650
0x0041e0f0,PF_vec_setlen,script-builtin,set vector length; builtin 'vec_setlen'; builtin 'vec_setlen',high,builtin table entry 'vec_setlen',0x0041f6b0,same,0x0041a680
0x0041e110,PF_vec_toyaw,script-builtin,direction to yaw degrees minus 90; builtin 'vec_toyaw'; builtin 'vec_toyaw',high,builtin table entry 'vec_toyaw',0x0041f6d0,same,0x0041a6a0
0x0041e1a0,PF_vec_toangles,script-builtin,direction to angles; builtin 'vec_toangles'; builtin 'vec_toangles',high,builtin table entry 'vec_toangles',0x0041f760,same,0x0041a730
0x0041e1c0,PF_ClearAxis,script-builtin,reset axis to identity; builtin 'ClearAxis'; builtin 'ClearAxis',high,builtin table entry 'ClearAxis',0x0041f780,same,0x0041a750
0x0041e1f0,PF_AnglesToAxis,script-builtin,axis from angles; builtin 'AnglesToAxis'; builtin 'AnglesToAxis',high,builtin table entry 'AnglesToAxis',0x0041f7b0,same,0x0041a780
0x0041e210,PF_create,script-builtin,create(name;pos*): spawn object; copy angles and player index; init; one think; builtin 'create'; builtin 'create',high,builtin table entry 'create',0x0041f7d0,same,0x0041a7a0
0x0041e400,PF_remove,script-builtin,remove entity (deferred); builtin 'remove'; builtin 'remove',high,builtin table entry 'remove',0x0041f9c0,same,0x0041a980
0x0041e420,PF_activate,script-builtin,activate entity; builtin 'activate'; builtin 'activate',high,builtin table entry 'activate',0x0041f9e0,same,0x0041a9a0
0x0041e440,PF_deactivate,script-builtin,deactivate entity; builtin 'deactivate'; builtin 'deactivate',high,builtin table entry 'deactivate',0x0041fa00,same,0x0041a9c0
0x0041e460,PF_getentity,script-builtin,raw entity pointer to handle (+0x7B); builtin 'getentity'; builtin 'getentity',high,builtin table entry 'getentity',0x0041fa20,same,0x0041a9e0
0x0041e480,PF_setskin,script-builtin,set entity skin; builtin 'setskin'; builtin 'setskin',high,builtin table entry 'setskin',0x0041fa40,same,0x0041aa00
0x0041e4b0,PF_AttachEntity,script-builtin,attach entity to parent tag; builtin 'AttachEntity'; builtin 'AttachEntity',high,builtin table entry 'AttachEntity',0x0041fa70,same,0x0041aa30
0x0041e520,PF_DetachEntity,script-builtin,builtin 'DetachEntity' (new in as2); builtin 'DetachEntity',high,builtin table entry 'DetachEntity',0x0041fae0,same,
0x0041e590,PF_AttachActivate,script-builtin,activate direct child by id; builtin 'AttachActivate'; builtin 'AttachActivate',high,builtin table entry 'AttachActivate',0x0041fb50,same,0x0041aa90
0x0041e650,PF_AttachDeactivate,script-builtin,deactivate direct child by id; builtin 'AttachDeactivate'; builtin 'AttachDeactivate',high,builtin table entry 'AttachDeactivate',0x0041fc10,same,0x0041ab50
0x0041e710,PF_AttachCallback,script-builtin,run callback on child by id; builtin 'AttachCallback'; builtin 'AttachCallback',high,builtin table entry 'AttachCallback',0x0041fcd0,same,0x0041ac10
0x0041e8a0,PF_ParentCallback,script-builtin,run callback on parent; builtin 'ParentCallback'; builtin 'ParentCallback',high,builtin table entry 'ParentCallback',0x0041fe60,same,0x0041ada0
0x0041e980,PF_callback,script-builtin,run callback on entity; builtin 'callback'; builtin 'callback',high,builtin table entry 'callback',0x0041ff40,same,0x0041ae80
0x0041ea60,PF_move,script-builtin,origin += v*frametime; builtin 'move'; builtin 'move',high,builtin table entry 'move',0x00420020,same,0x0041af60
0x0041eab0,PF_movex,script-builtin,origin.x += v*frametime; builtin 'movex'; builtin 'movex',high,builtin table entry 'movex',0x00420070,same,0x0041afb0
0x0041ead0,PF_movey,script-builtin,origin.y += v*frametime; builtin 'movey'; builtin 'movey',high,builtin table entry 'movey',0x00420090,same,0x0041afd0
0x0041eaf0,PF_movez,script-builtin,origin.z += v*frametime; builtin 'movez'; builtin 'movez',high,builtin table entry 'movez',0x004200b0,same,0x0041aff0
0x0041eb10,PF_rotate,script-builtin,angles += v*frametime; builtin 'rotate'; builtin 'rotate',high,builtin table entry 'rotate',0x004200d0,same,0x0041b010
0x0041eb60,PF_rotatex,script-builtin,angle x += v*frametime; builtin 'rotatex'; builtin 'rotatex',high,builtin table entry 'rotatex',0x00420120,same,0x0041b060
0x0041eb80,PF_rotatey,script-builtin,angle y += v*frametime; builtin 'rotatey'; builtin 'rotatey',high,builtin table entry 'rotatey',0x00420140,same,0x0041b080
0x0041eba0,PF_rotatez,script-builtin,angle z += v*frametime; builtin 'rotatez'; builtin 'rotatez',high,builtin table entry 'rotatez',0x00420160,same,0x0041b0a0
0x0041ebc0,PF_sleep,script-builtin,latent wait (ends by timeout); builtin 'sleep'; builtin 'sleep',high,builtin table entry 'sleep',0x00420180,same,0x0041b0c0
0x0041ebd0,PF_Shoot,script-builtin,Shoot(weapon;tag;dir*): spawn projectile and flash; builtin 'Shoot'; builtin 'Shoot',high,builtin table entry 'Shoot',0x00420190,same,0x0041b0d0
0x0041f070,PF_Damage,script-builtin,Damage(h;amount*g_damage_factor); builtin 'Damage'; builtin 'Damage',high,builtin table entry 'Damage',0x00420630,same,0x0041b550
0x0041f0f0,PF_RadialDamage,script-builtin,per-frame radial damage to enemies (grows with distance); builtin 'RadialDamage'; builtin 'RadialDamage',high,builtin table entry 'RadialDamage',0x004206b0,same,0x0041b5d0
0x0041f280,PF_RadialDamagePlayer,script-builtin,builtin 'RadialDamagePlayer' (new in as2); builtin 'RadialDamagePlayer',high,builtin table entry 'RadialDamagePlayer',0x00420840,same,
0x0041f3f0,PF_RotateTo,script-builtin,"turn yaw/pitch toward a point (latent); builtins 'RotateTo', 'lRotateTo'; builtins 'RotateTo', 'lRotateTo'",high,builtin table entry 'RotateTo',0x004209b0,same,0x0041b750
0x0041f660,PF_RotateToClamp,script-builtin,"RotateTo with clamp; builtins 'RotateToClamp', 'lRotateToClamp'; builtins 'RotateToClamp', 'lRotateToClamp'",high,builtin table entry 'RotateToClamp',0x00420c20,same,0x0041b9c0
0x0041f700,PF_MoveToNextWP,script-builtin,"latent path move; builtins 'MoveToNextWP', 'lMoveToNextWP'; builtins 'MoveToNextWP', 'lMoveToNextWP'",high,builtin table entry 'MoveToNextWP',0x00420cc0,same,0x0041ba60
0x0041f730,PF_RotateToNextWP,script-builtin,"latent path rotate; builtins 'RotateToNextWP', 'lRotateToNextWP'; builtins 'RotateToNextWP', 'lRotateToNextWP'",high,builtin table entry 'RotateToNextWP',0x00420cf0,same,0x0041ba90
0x0041f750,PF_GetWaypointDelay,script-builtin,delay of waypoint i mod n; builtin 'GetWaypointDelay'; builtin 'GetWaypointDelay',high,builtin table entry 'GetWaypointDelay',0x00420d10,same,0x0041bab0
0x0041f790,PF_TerrainHeight,script-builtin,terrain height at x;y; builtin 'TerrainHeight'; builtin 'TerrainHeight',high,builtin table entry 'TerrainHeight',0x00420d50,same,0x0041baf0
0x0041f7c0,PF_WaterHeight,script-builtin,builtin 'WaterHeight' (new in as2); builtin 'WaterHeight',high,builtin table entry 'WaterHeight',0x00420d80,same,
0x0041f7f0,PF_PlaceLight,script-builtin,add dynamic light for this frame; builtin 'PlaceLight'; builtin 'PlaceLight',high,builtin table entry 'PlaceLight',0x00420db0,same,0x0041bb20
0x0041f810,PF_LockTarget,script-builtin,lock nearest enemy ahead; builtin 'LockTarget'; builtin 'LockTarget',high,builtin table entry 'LockTarget',0x00420dd0,same,0x0041bb40
0x0041f830,PF_IsValidTarget,script-builtin,entity alive test; builtin 'IsValidTarget'; builtin 'IsValidTarget',high,builtin table entry 'IsValidTarget',0x00420df0,same,0x0041bb60
0x0041f860,PF_CameraQuake,script-builtin,start camera quake for 3 s; builtin 'CameraQuake'; builtin 'CameraQuake',high,builtin table entry 'CameraQuake',0x00420e20,same,0x0041bb90
0x0041f890,SL_FindCachedSound,script,CASH kind-3 lookup,high,"identical normalised instruction shape (59 insns, unique in both)",0x00420e50,same,0x0041bbc0
0x0041f920,PF_StartSound,script-builtin,play sound on self; builtin 'StartSound'; builtin 'StartSound',high,builtin table entry 'StartSound',0x00420ee0,same,0x0041bc50
0x0041f970,PF_StopLoopingSound,script-builtin,stop self looping channel; builtin 'StopLoopingSound'; builtin 'StopLoopingSound',high,builtin table entry 'StopLoopingSound',0x00420f30,same,0x0041bca0
0x0041f9a0,PF_StartLoopingSound,script-builtin,start looping sound on self; builtin 'StartLoopingSound'; builtin 'StartLoopingSound',high,builtin table entry 'StartLoopingSound',0x00420f60,same,0x0041bcd0
0x0041fa10,PF_TraceLine,script-builtin,screen-space segment trace returning first hit; builtin 'TraceLine'; builtin 'TraceLine',high,builtin table entry 'TraceLine',0x00420fd0,same,0x0041bd40
0x0041fbc0,PF_TraceLineDamage,script-builtin,screen-space segment damage; builtin 'TraceLineDamage'; builtin 'TraceLineDamage',high,builtin table entry 'TraceLineDamage',0x00421180,same,0x0041bea0
0x0041fd50,PF_Lightning,script-builtin,beam damage to enemies within 500; builtin 'Lightning'; builtin 'Lightning',high,builtin table entry 'Lightning',0x00421310,same,0x0041c000
0x0041fee0,PF_PushPlayer,script-builtin,push player velocity away from self; builtin 'PushPlayer'; builtin 'PushPlayer',high,builtin table entry 'PushPlayer',0x004214a0,same,0x0041c170
0x0041ff90,PF_G_AddPowerUp,script-builtin,add power-ups (max 99); builtin 'G_AddPowerUp'; builtin 'G_AddPowerUp',high,builtin table entry 'G_AddPowerUp',0x00421550,same,0x0041c210
0x00420040,PF_G_GetPowerUp,script-builtin,current power-up or -1; builtin 'G_GetPowerUp'; builtin 'G_GetPowerUp',high,builtin table entry 'G_GetPowerUp',0x00421600,same,0x0041c2b0
0x00420060,PF_G_UsePowerUp,script-builtin,consume current power-up; builtin 'G_UsePowerUp'; builtin 'G_UsePowerUp',high,builtin table entry 'G_UsePowerUp',0x00421620,same,0x0041c2d0
0x00420090,PF_G_SetPowerUpCount,script-builtin,builtin 'G_SetPowerUpCount' (new in as2); builtin 'G_SetPowerUpCount',high,builtin table entry 'G_SetPowerUpCount',0x00421650,same,
0x00420100,PF_G_AddMissiles,script-builtin,add missiles (max 99); builtin 'G_AddMissiles'; builtin 'G_AddMissiles',high,builtin table entry 'G_AddMissiles',0x004216c0,same,0x0041c2f0
0x004201b0,PF_G_GetMissiles,script-builtin,current missile type or -1; builtin 'G_GetMissiles'; builtin 'G_GetMissiles',high,builtin table entry 'G_GetMissiles',0x00421770,same,0x0041c390
0x004201d0,PF_G_UseMissile,script-builtin,consume current missile; builtin 'G_UseMissile'; builtin 'G_UseMissile',high,builtin table entry 'G_UseMissile',0x00421790,same,0x0041c3b0
0x00420200,PF_G_GetUpgrade,script-builtin,weapon upgrade level (i<20); builtin 'G_GetUpgrade'; builtin 'G_GetUpgrade',high,builtin table entry 'G_GetUpgrade',0x004217c0,same,0x0041c3d0
0x00420270,PF_G_SetUpgrade,script-builtin,set weapon upgrade level (i<20); builtin 'G_SetUpgrade'; builtin 'G_SetUpgrade',high,builtin table entry 'G_SetUpgrade',0x00421830,same,0x0041c440
0x004202f0,PF_ShowTutorialHint,script-builtin,message box with STRG text (thunk to 0x42c000); builtin 'ShowTutorialHint'; builtin 'ShowTutorialHint',high,builtin table entry 'ShowTutorialHint',0x004218b0,same,0x0041c4c0
0x00420310,PF_PlayerFreezeHealth,script-builtin,nesting invulnerability counter per player; builtin 'PlayerFreezeHealth'; builtin 'PlayerFreezeHealth',high,builtin table entry 'PlayerFreezeHealth',0x004218d0,same,0x0041c4e0
0x00420370,PF_FreezeHealth,script-builtin,set/clear entity runtime bit 0x10; builtin 'FreezeHealth'; builtin 'FreezeHealth',high,builtin table entry 'FreezeHealth',0x00421930,same,0x0041c530
0x004203a0,PF_PlayerDisableAction,script-builtin,disable player input and clear p_action; builtin 'PlayerDisableAction'; builtin 'PlayerDisableAction',high,builtin table entry 'PlayerDisableAction',0x00421960,same,0x0041c560
0x00420400,PF_SetFlag,script-builtin,returns a|b; builtin 'SetFlag'; builtin 'SetFlag',high,builtin table entry 'SetFlag',0x004219c0,same,0x0041c5b0
0x00420430,PF_ClearFlag,script-builtin,returns a&~b; builtin 'ClearFlag'; builtin 'ClearFlag',high,builtin table entry 'ClearFlag',0x004219f0,same,0x0041c5e0
0x00420460,PF_SetModel,script-builtin,change entity model; builtin 'SetModel'; builtin 'SetModel',high,builtin table entry 'SetModel',0x00421a20,same,0x0041c610
0x00420490,PF_RespawnPlayer,script-builtin,respawn player helicopter; builtin 'RespawnPlayer'; builtin 'RespawnPlayer',high,builtin table entry 'RespawnPlayer',0x00421a50,same,0x0041c640
0x004204d0,PF_TerraMorph,script-builtin,builtin 'TerraMorph' (new in as2); builtin 'TerraMorph',high,builtin table entry 'TerraMorph',0x00421a90,same,
0x004204f0,PF_IsMultiplayer,script-builtin,builtin 'IsMultiplayer' (new in as2); builtin 'IsMultiplayer',high,builtin table entry 'IsMultiplayer',0x00421ab0,same,
0x00420520,PF_IsPlayerInGame,script-builtin,builtin 'IsPlayerInGame' (new in as2); builtin 'IsPlayerInGame',high,builtin table entry 'IsPlayerInGame',0x00421ae0,same,
0x00420560,PF_GetMapPosOfs,script-builtin,builtin 'GetMapPosOfs' (new in as2); builtin 'GetMapPosOfs',high,builtin table entry 'GetMapPosOfs',0x00421b20,same,
0x00420580,PF_GetPlayerAccel,script-builtin,builtin 'GetPlayerAccel' (new in as2); builtin 'GetPlayerAccel',high,builtin table entry 'GetPlayerAccel',0x00421b40,same,
0x004205e0,PF_GetPlayersDistance,script-builtin,builtin 'GetPlayersDistance' (new in as2); builtin 'GetPlayersDistance',high,builtin table entry 'GetPlayersDistance',0x00421ba0,same,
0x00420670,SL_GetExternFunc,script,builtin table lookup,high,unique string 'RespawnPlayer' (2 shared),0x00421c30,same,0x0041c680
0x004206d0,SL_FindGlobal,script,globals table lookup,high,unique string 'other' (1 shared),0x00421c90,same,0x0041c6e0
0x00420720,SL_FreeScripts,script,free loaded scripts,high,"identical normalised instruction shape (61 insns, unique in both)",0x00421ce0,same,0x0041c730
0x004207f0,SL_CreateThread,script,thread and frame allocation,high,"identical normalised instruction shape (82 insns, unique in both)",0x00421db0,same,0x0041c7d0
0x00420910,SL_PrecacheScript,script,resolve CASH entries,high,"identical normalised instruction shape (46 insns, unique in both)",0x00421ed0,same,0x0041c8f0
0x004209a0,SL_LoadScript,script,RCSL loader,high,"identical normalised instruction shape (322 insns, unique in both)",0x00421f60,same,0x0041c980
0x00420df0,S_PlayMusic,sound,start module at order,high,"identical normalised instruction shape (26 insns, unique in both)",0x004223b0,same,0x0041f880
0x00420e40,S_PlayChannel2D,sound,play sample 2D,high,"identical normalised instruction shape (41 insns, unique in both)",0x00422400,same,0x0041f8d0
0x00420eb0,S_PlayChannel3D,sound,play sample 3D,high,"identical normalised instruction shape (47 insns, unique in both)",0x00422470,same,0x0041f940
0x00420f30,S_SetVolumes,sound,sample/stream/music volume,high,"identical normalised instruction shape (60 insns, unique in both)",0x004224f0,same,0x0041f9c0
0x00420fe0,S_Init,sound,BASS initialisation (22050 Hz; 3D factors),high,unique string '-nosound' (6 shared),0x004225a0,same,0x0041fa60
0x00421110,S_FreeAll,sound,free samples and music,high,only caller of import BASS_SampleFree,0x004226d0,same,0x0041fb90
0x004211a0,S_StopAll,sound,BASS_Stop and clear channels,medium,"identical shape, callee M_MainMenuAction (score 1.00)",0x00422760,same,0x0041fc00
0x004211d0,S_Update,sound,listener + channel positions each frame,high,only caller of import BASS_Set3DPosition,0x00422790,same,0x0041fc30
0x004212c0,S_GameOverMusic,sound,stop current module and load another (game over) (v1.70 alias: S_ChangeMusic),high,"identical normalised instruction shape (59 insns, unique in both)",0x00422880,same,0x0041fd20
0x00421390,S_StartSound,sound,play sample attached to entity,high,"identical normalised instruction shape (86 insns, unique in both)",0x00422950,same,0x0041fdf0
0x00421490,S_StartLocalSound,sound,play UI sample 2D,high,"identical normalised instruction shape (22 insns, unique in both)",0x00422a50,same,0x0041fef0
0x004214d0,S_FindSound,sound,find registered sample,high,"identical normalised instruction shape (41 insns, unique in both)",0x00422a90,same,0x0041ff30
0x00421530,S_RegisterSound,sound,register sample (max 511),high,unique string 'S_RegisterSound: Too many registered sam' (1 shared),0x00422af0,same,0x0041ff90
0x004216a0,COM_StripExtension,util,strip extension,high,"identical normalised instruction shape (27 insns, unique in both)",0x00422c60,same,0x0041f830
0x004216f0,UI_LoadSkinImages,ui,load image list from Settings.xml,high,"identical normalised instruction shape (117 insns, unique in both)",0x00422cb0,same,0x00420100
0x00421870,UI_FreeSkinImages,ui,free list,high,"identical normalised instruction shape (38 insns, unique in both)",0x00422e30,same,0x004202c0
0x004218f0,UI_DrawSkinImages,ui,draw list as 2D pics,high,"identical normalised instruction shape (55 insns, unique in both)",0x00422eb0,same,0x00420340
0x004219b0,FUN_00422f70,ui,subsystem guessed from the neighbouring functions (ui / ui),medium,"identical shape, callee FUN_0047ed90 (score 1.00)",0x00422f70,same,
0x004219f0,UI_ListInsert,ui,list insert,medium,"identical shape, callee UI_LoadSkinImages (score 1.00)",0x00422fb0,same,0x00420450
0x00421ef0,M_ShowPortraitDialog,menu,"(mission, isEnd): pushes the dialogue from table 0x49d530, or for an end without dialogue calls G_MissionComplete (v1.70 alias: UI_LevelEndSequence M_ShowPortraitDialog)",high,unique string 'gfx\ui\portraits2.tga' (1 shared),0x004234b0,same,
0x00421fa0,In_KeyName,input,key code to name,high,unique string 'BACKSPACE' (3 shared),0x00423560,same,0x00422da0
0x00422110,M_DrawKeyBinding,menu,binding row text,high,unique string 'or %s' (1 shared),0x004236d0,same-shape-other-constants,0x00422f10
0x00422440,M_DrawControls,menu,controls menu draw,high,unique string 'Configure Controls' (1 shared),0x00423a00,changed,0x00423230
0x00422500,M_ControlsMenu,menu,key configuration menu,high,unique string 'Primary Attack' (5 shared),0x00423ac0,same-shape-other-constants,0x00423520
0x004226e0,M_DrawCredits,menu,CORRECTS name M_PageCredits: draw callback of the credits screen (title logo; 21 centred lines from y 120) (v1.70 alias: M_PageCredits),high,unique string 'PROJECT LEADER' (15 shared),0x00423ca0,changed,0x004288e0
0x004227f0,M_CreditsMenu,menu,menu with a Back button opened from the main menu,high,"identical normalised instruction shape (15 insns, unique in both)",0x00423d90,same-shape-other-constants,
0x00422860,UI_DrawTextItem,ui,draw text item,high,"identical normalised instruction shape (19 insns, unique in both)",0x00423e00,same-shape-other-constants,0x00423740
0x004228a0,UI_LayoutTextButton,ui,"CORRECTS name UI_LayoutItem: sizes a text button: caption width without braces, at least the minimum width at item +0x5C, plus 46; height 30; sets flag 0x20000 (v1.70 alias: UI_LayoutItem)",medium,callee UI_AddItem (score 0.89),0x00423e40,changed,
0x00422950,UI_DrawTextButton,ui,"draws a text button from interface.tga (caps, body, rivets) with a 0.25 s slide-in from the bottom edge; caption green/orange/grey (v1.70 alias: UI_DrawButton)",medium,callee UI_DrawMenu (score 0.81),0x00423f00,changed,
0x00422be0,UI_InitSlider,ui,CORRECTS name UI_InitKeyItem: slider init (same code as v1.70) (v1.70 alias: UI_InitKeyItem),high,"identical normalised instruction shape (34 insns, unique in both)",0x00424300,same,0x00423780
0x00422c50,UI_SliderInput,ui,"CORRECTS name UI_KeyItemCapture: slider keys, clicks and drag (same code as v1.70) (v1.70 alias: UI_KeyItemCapture)",high,"identical normalised instruction shape (102 insns, unique in both)",0x00424370,same,0x004237f0
0x00422e80,UI_DrawSlider,ui,CORRECTS name UI_DrawKeyItem: slider bar and knob from interface.tga in the label colour (v1.70 alias: UI_DrawKeyItem),medium,callee UI_DrawMenu (score 0.86),0x004245a0,changed,0x00423a20
0x00423080,UI_InitListItem,ui,init list item,high,"identical normalised instruction shape (40 insns, unique in both)",0x00424800,same,0x00423c90
0x004230f0,UI_ListHelper,ui,list helper,high,"identical normalised instruction shape (10 insns, unique in both)",0x00424870,same,0x00423d00
0x00423120,UI_ListClick,ui,list click,high,"identical normalised instruction shape (176 insns, unique in both)",0x004248a0,same,0x00423d30
0x00423430,UI_DrawList,ui,draw list item,medium,callee UI_DrawMenu (score 0.97),0x00424bb0,changed,0x00424030
0x00423880,UI_InitSpinner,ui,init spinner item,high,"identical normalised instruction shape (84 insns, unique in both)",0x00425020,same,0x004244d0
0x00423ab0,UI_DrawSpinner,ui,draw spinner item,high,"identical normalised instruction shape (45 insns, unique in both)",0x00425250,same-shape-other-constants,0x004246e0
0x00423b30,UI_InitHeliGrid,ui,init helicopter grid,low,global shape search (score 0.92),0x004252d0,changed,0x004247c0
0x00423bd0,UI_HeliGridClick,ui,helicopter grid click,high,"identical normalised instruction shape (87 insns, unique in both)",0x004253c0,same,0x00424900
0x00423cc0,UI_DrawHeliGrid,ui,draw helicopter grid,high,"identical normalised instruction shape (621 insns, unique in both)",0x004254b0,same,0x004249f0
0x00424510,UI_EditHelper,ui,edit field helper,high,"identical normalised instruction shape (28 insns, unique in both)",0x00425d00,same,0x00425240
0x00424560,UI_DrawString,2d,font glyph quads (additive) with width table 0x456598,high,"identical normalised instruction shape (387 insns, unique in both)",0x00425d50,same,0x00425290
0x00424a40,UI_DrawStringAlpha,2d,CORRECTS name UI_DrawStringCentered: the alpha-font routine (v1.70 alias: UI_DrawStringCentered),high,"identical normalised instruction shape (135 insns, unique in both)",0x00426230,same,0x00425750
0x00424bf0,HUD_DrawNumber,hud,8x16 grid digit font,high,"identical normalised instruction shape (86 insns, unique in both)",0x004263e0,same,0x004258f0
0x00424d20,UI_DrawHeliGridCell,ui,draws one cell of the helicopter grid,high,"identical normalised instruction shape (22 insns, unique in both)",0x00426510,same,
0x00424d80,UI_DrawMenu,ui,draw items and tooltip,high,"identical normalised instruction shape (394 insns, unique in both)",0x00426570,same-shape-other-constants,0x00425a10
0x004252f0,UI_DrawPanel,ui,draws the decorated background panel of a menu screen,medium,callee M_DrawControls (score 0.71),0x00426ae0,changed,
0x00425e80,UI_EditChar,ui,edit field character input,high,"identical normalised instruction shape (73 insns, unique in both)",0x00427860,same,0x004260b0
0x00425f60,UI_DrawEdit,ui,draw edit field,high,"identical normalised instruction shape (77 insns, unique in both)",0x00427940,same,0x00426190
0x00426040,M_MissionCompleteAction,menu,mission complete buttons (Quit/Restart/Continue),medium,callback pointer taken by M_MissionCompleteMenu (score 1.00),0x00427a20,same-opcodes,0x00426270
0x00426180,M_DrawMissionComplete,menu,stats and rank,high,unique string 'Enemies destroyed:' (6 shared),0x00427b60,changed,0x00426360
0x004263d0,M_MissionCompleteMenu,menu,build mission complete menu,high,"identical normalised instruction shape (59 insns, unique in both)",0x00427db0,same-shape-other-constants,0x004267a0
0x00426560,G_MissionComplete,game,unlock helicopter/mission and choose screen,medium,callee M_ShowPortraitDialog (score 0.98),0x00427f40,same-opcodes,0x004269b0
0x00426620,M_DrawExitConfirm,menu,exit confirmation draw,high,unique string 'Are you sure you want to quit?' (2 shared),0x00428000,changed,0x00426a70
0x004266c0,M_ExitConfirmMenu,menu,exit yes/no menu,high,"identical normalised instruction shape (25 insns, unique in both)",0x00428090,same,0x00426c90
0x00426770,M_GameCompleteAction,menu,game complete button,high,"identical normalised instruction shape (24 insns, unique in both)",0x00428140,same,0x00426df0
0x004267c0,M_GameCompleteKey,menu,game complete key,medium,"identical shape, callback pointer taken by M_GameCompleteMenu (score 1.00)",0x00428190,same,0x00426e40
0x00426ff0,M_GameCompleteMenu,menu,build game complete menu,high,unique string 'gfx\ui\comix\gamedone_1_1' (6 shared),0x004289c0,same-shape-other-constants,0x004274f0
0x004270f0,M_GameOverAction,menu,game over buttons (Restart/Quit),high,"identical normalised instruction shape (43 insns, unique in both)",0x00428ac0,same,0x004275e0
0x00427190,M_GameOverKey,menu,game over key (swallows Esc/right click),medium,"identical shape, callback pointer taken by UI_BuildGameOverMenu (score 1.00)",0x00428b60,same,0x00427640
0x004273e0,UI_BuildGameOverMenu,ui,build the game-over menu (Restart ...) (v1.70 alias: M_GameOverMenu),high,unique string 'gfx\ui\comix\gameover_1_1.tga' (7 shared),0x00428db0,same-shape-other-constants,0x004278a0
0x00427540,M_SpawnPreviewHeli,menu,spawns the 'player_1' object for the helicopter preview,high,"identical normalised instruction shape (46 insns, unique in both)",0x00428f10,same,
0x004275e0,M_HeliSelectAction,menu,action callback of the helicopter-selection menu (starts 'mission1'),medium,callback pointer taken by M_HeliSelectMenu (score 1.00),0x00428fb0,same-opcodes,
0x004276f0,M_DrawHeliGridBackdrop,menu,CORRECTS name M_DrawHeliStats: tiles grid.tga over (210 190 381 231) ADD green; the bars are drawn by 0x4291f0 (v1.70 alias: M_DrawHeliStats),high,"identical normalised instruction shape (82 insns, unique in both)",0x004290c0,same,
0x00427820,M_DrawHeliSelect,menu,draw callback of the helicopter-selection menu,high,unique string 'gfx\ui\helicna.tga' (5 shared),0x004291f0,changed,
0x00427b70,M_HeliSelectMenu,menu,builds the helicopter/player selection menu,high,unique string 'Player:' (1 shared),0x00429530,same-shape-other-constants,
0x00427e10,M_ShowHeliSelect,menu,opens the helicopter-selection menu,high,"identical normalised instruction shape (13 insns, unique in both)",0x004297d0,same,
0x00427ed0,M_PageOverview,menu,info page,high,unique string 'You will pilot a heavy battle helicopter' (10 shared),0x00429890,same-shape-other-constants,0x00427c20
0x00427f90,M_PageWeapons1,menu,info page,high,unique string '{Machine Gun}' (13 shared),0x00429950,same-shape-other-constants,0x00427ce0
0x00428210,M_PageWeapons2,menu,info page,high,unique string '{Big Laser}' (11 shared),0x00429bd0,same-shape-other-constants,0x00427f40
0x00428430,M_PageMissiles1,menu,info page,high,unique string '{Small Missiles}' (14 shared),0x00429f60,same-shape-other-constants,0x00428320
0x004286b0,M_PageMissiles2,menu,info page,high,unique string '{M.A.D. Missiles}' (4 shared),0x0042a1e0,same-shape-other-constants,0x00428580
0x004287b0,M_PageItems,menu,info page,high,unique string '{Annihilator}' (12 shared),0x0042a2e0,same-shape-other-constants,0x00428680
0x00428a20,M_PageItems2,menu,second page of the items help (Satellite Strike; Air Support),high,unique string '{Satellite Strike}' (7 shared),0x0042a550,same-shape-other-constants,
0x00428bb0,M_DrawInfoMenu,menu,"information draw callback: the current page (7 pages: overview, weapons 1 and 2, missiles 1 and 2, items 1 and 2) and the PgUp/PgDown hints; counterpart of the as2 code address 0x0042a6e0 (inside another as2 export function)",high,"strings 'PgUp - Previous Page', 'PgDown - Next Page'; its only caller is M_InfoPage gulf@0x428c90; calls the seven page drawers",,new,
0x00428c90,M_InfoMenuBuild,menu,information menu items: Page spinner (8 pages) and Back (v1.70 alias: M_InfoPage),high,unique string 'Page:' (1 shared),0x0042a7b0,same-opcodes,0x00428c00
0x00428d60,M_InfoMenu,menu,information menu,high,"identical normalised instruction shape (15 insns, unique in both)",0x0042a880,same,0x00428d00
0x00428da0,M_InGameMenuAction,menu,in-game menu buttons (Resume/Options/Quit),high,"identical normalised instruction shape (53 insns, unique in both)",0x0042a8c0,same,0x00428d40
0x00428ec0,M_DrawInGameMenu,menu,in-game menu draw (letterbox),medium,caller of UI_DrawMenu (score 0.95),0x0042a9e0,changed,0x00428e10
0x00428f00,M_InGameMenu,menu,Esc menu,medium,callee G_KeyEvent (score 0.81),0x0042aa20,same-opcodes,0x00428fa0
0x00429070,UI_KeyEvent,ui,key to current menu,high,"identical normalised instruction shape (37 insns, unique in both)",0x0042ab90,same,0x00429190
0x004290e0,UI_UpdateHover,ui,hover update,high,"identical normalised instruction shape (72 insns, unique in both)",0x0042ac00,same,0x00429200
0x004291d0,UI_ItemAtCursor,ui,hit test,high,"identical normalised instruction shape (34 insns, unique in both)",0x0042acf0,same,0x004293d0
0x00429220,UI_InitItemRect,ui,item rectangle,high,"identical normalised instruction shape (41 insns, unique in both)",0x0042ad40,same,0x00429420
0x00429290,UI_AddItem,ui,add item to menu,high,"identical normalised instruction shape (69 insns, unique in both)",0x0042adb0,same,0x00429490
0x00429370,UI_SelectNext,ui,next selectable item,high,"identical normalised instruction shape (47 insns, unique in both)",0x0042ae90,same,0x00429560
0x004293f0,UI_EnablePost,ui,post button enable,high,"identical normalised instruction shape (30 insns, unique in both)",0x0042af10,same,0x004295e0
0x00429440,UI_MenuKey,ui,menu keyboard navigation,high,"identical normalised instruction shape (244 insns, unique in both)",0x0042af60,same,0x00429630
0x004296d0,UI_LoadAssets,2d,register font; menu textures and UI sounds (v1.70 alias: UI_LoadMedia),high,unique string 'gfx\ui\font.tga' (8 shared),0x0042b1f0,changed,0x004298c0
0x004297b0,UI_PushMenu,ui,push menu,high,unique string 'UI_PushMenu: Menu stack overflowm' (1 shared),0x0042b2c0,same,0x004292f0
0x00429830,UI_PopMenu,ui,pop menu,high,unique string 'UI_PopMenu: Menu stack underflow.' (1 shared),0x0042b340,same,0x00429360
0x004298b0,UI_Frame,2d,menus; mouse cursor pics; then flush the 2D list,high,"identical normalised instruction shape (167 insns, unique in both)",0x0042b3c0,same,0x004299f0
0x00429b00,UI_DrawMenuHeader,ui,draws the animated title bar of a menu screen,low,callee M_DrawControls (score 0.53),0x0042b610,changed,
0x0042a060,M_MainMenuAction,menu,main menu buttons,high,"identical normalised instruction shape (48 insns, unique in both)",0x0042b7c0,same,0x00429b20
0x0042a130,M_MainMenuKey,menu,main menu key,medium,"identical shape, callback pointer taken by M_BuildMainMenu (score 1.00)",0x0042b890,same,0x00429bf0
0x0042a160,M_DrawMainMenu,menu,draw main menu,medium,caller of UI_DrawSkinImages (score 0.98),0x0042b8c0,changed,0x00429c20
0x0042a200,M_BuildMainMenu,menu,build main menu,medium,callee G_Init (score 0.79),0x0042b950,same-opcodes,0x00429f60
0x0042a470,M_ShowMainMenu,menu,pop all and push main,high,"identical normalised instruction shape (14 insns, unique in both)",0x0042bbc0,same,0x0042a260
0x0042a560,M_NameEntryMenu,menu,high score name entry,high,"identical normalised instruction shape (27 insns, unique in both)",0x0042bcd0,same-shape-other-constants,0x0042a580
0x0042a630,M_BuildResolutionList,menu,fills the resolution list of the options menu,high,"identical normalised instruction shape (161 insns, unique in both)",0x0042bda0,same,
0x0042a830,M_FillResolutions,menu,resolution list,high,unique string 'default' (2 shared),0x0042bfa0,same,0x0042a680
0x0042ab00,M_RefreshRateToIndex,menu,refresh rate to spinner index (0 = default),high,"identical normalised instruction shape (80 insns, unique in both)",0x0042c270,same,
0x0042abe0,M_RefreshIndexToRate,menu,spinner index to Hz,high,"identical normalised instruction shape (43 insns, unique in both)",0x0042c350,same,
0x0042ac60,M_OptionsHelper,menu,options helper,high,"identical normalised instruction shape (41 insns, unique in both)",0x0042c3d0,same,0x0042a710
0x0042adf0,M_OptionsUpdate,menu,CORRECTS name M_OptionsApply: per-frame Options update (Apply shown only when a pending video or 3D-sound value differs; refresh list rebuilt; depth disabled when windowed) (v1.70 alias: M_OptionsApply),high,"identical normalised instruction shape (77 insns, unique in both)",0x0042c560,same,0x0042a8e0
0x0042af20,M_SetBinding,menu,"CORRECTS FUN_0042c690 (resolves the undecided v1.70 M_SetBinding): Mouse Control rebinding, same rule and quirk as v1.70",high,"identical normalised instruction shape (46 insns, unique in both)",0x0042c690,same,
0x0042b0f0,M_DrawOptions,menu,options draw (runs options state update),medium,callback pointer taken by M_OptionsMenu (score 0.92),0x0042c860,changed,0x0042abb0
0x0042b160,M_OptionsMenu,menu,options menu,high,unique string 'Resolution:' (10 shared),0x0042c8d0,same-shape-other-constants,0x0042aea0
0x0042b5c0,M_ShowOptions,menu,opens the options menu,high,"identical normalised instruction shape (14 insns, unique in both)",0x0042cd30,same,
0x0042b5f0,FUN_0042cd60,menu,subsystem guessed from the neighbouring functions (menu / crt),high,"identical normalised instruction shape (111 insns, unique in both)",0x0042cd60,same,
0x0042b720,FUN_0042ce90,menu,subsystem guessed from the neighbouring functions (menu / crt),high,"identical normalised instruction shape (13 insns, unique in both)",0x0042ce90,same,
0x0042b740,FUN_0042ceb0,menu,subsystem guessed from the neighbouring functions (menu / crt),high,"identical normalised instruction shape (90 insns, unique in both)",0x0042ceb0,same,
0x0042b810,FUN_0042cf80,menu,subsystem guessed from the neighbouring functions (menu / crt),high,"identical normalised instruction shape (34 insns, unique in both)",0x0042cf80,same,
0x0042b870,FUN_0042cfe0,menu,subsystem guessed from the neighbouring functions (menu / crt),high,"identical normalised instruction shape (168 insns, unique in both)",0x0042cfe0,same,
0x0042ba3c,Catch_All@0042d1ac,crt,C runtime / compiler support (name from Ghidra function ID),medium,"same position between matched neighbours, identical shape (4 insns)",0x0042d1ac,same,
0x0042ba48,Catch_All@0042d1b8,crt,C runtime / compiler support (name from Ghidra function ID),high,"identical normalised instruction shape (88 insns, unique in both)",0x0042d1b8,same,
0x0042bb40,FUN_0042d2b0,crt,C++ standard library template instance,medium,"identical shape, callee FUN_0042cfe0 (score 1.00)",0x0042d2b0,same,
0x0042bbc0,FUN_0042d330,crt,C++ standard library template instance,high,"identical normalised instruction shape (28 insns, unique in both)",0x0042d330,same,
0x0042bc20,FUN_00404b70,crt,C++ standard library template instance,high,"identical normalised instruction shape (36 insns, unique in both)",0x00404b70,same,
0x0042bc80,FUN_0042d390,crt,C++ standard library template instance,high,"identical normalised instruction shape (208 insns, unique in both)",0x0042d390,same,
0x0042be90,FUN_0042d5a0,crt,C++ standard library template instance,medium,"identical shape, callee FUN_0042d390 (score 1.00)",0x0042d5a0,same,
0x0042bf10,FUN_0042d620,crt,subsystem guessed from the neighbouring functions (crt / menu),medium,"identical shape, callee Catch_All@0042d1b8 (score 1.00)",0x0042d620,same,
0x0042bf40,FUN_0042d650,crt,subsystem guessed from the neighbouring functions (crt / menu),high,"identical normalised instruction shape (18 insns, unique in both)",0x0042d650,same,
0x0042bf70,FUN_004050a0,crt,C++ standard library template instance,high,"identical normalised instruction shape (15 insns, unique in both)",0x004050a0,same,
0x0042bfa0,FUN_0042d680,crt,subsystem guessed from the neighbouring functions (crt / menu),high,"identical normalised instruction shape (31 insns, unique in both)",0x0042d680,same,
0x0042bff0,FUN_0042d6d0,crt,subsystem guessed from the neighbouring functions (crt / menu),high,"identical normalised instruction shape (21 insns, unique in both)",0x0042d6d0,same,
0x0042c030,FUN_0042d710,crt,subsystem guessed from the neighbouring functions (crt / menu),high,"identical normalised instruction shape (36 insns, unique in both)",0x0042d710,same,
0x0042c090,FUN_0042d770,crt,subsystem guessed from the neighbouring functions (crt / menu),high,"identical normalised instruction shape (21 insns, unique in both)",0x0042d770,same,
0x0042c160,M_DrawStartGame,menu,Start Game draw (letterbox; starth header),medium,callback pointer taken by M_StartGameMenu (score 1.00),0x0042d840,changed,0x0042b470
0x0042c1d0,M_StartGameMenu,menu,start game menu (difficulty/mission/heli),high,unique string 'Difficulty:' (2 shared),0x0042d8b0,same-opcodes,0x0042b710
0x0042c530,M_MessageBoxBuild,menu,message box build,high,"identical normalised instruction shape (51 insns, unique in both)",0x0042dc10,same-shape-other-constants,0x0042beb0
0x0042c640,UI_MessageBox,ui,ShowTutorialHint/credits box,high,"identical normalised instruction shape (111 insns, unique in both)",0x0042dd20,same,0x0042c000
0x0042c7d0,M_DrawTopScores,menu,draw top scores,high,unique string 'Score' (1 shared),0x0042deb0,changed,0x0042c1d0
0x0042c9f0,M_TopScoresMenu,menu,top scores menu,high,"identical normalised instruction shape (28 insns, unique in both)",0x0042e0d0,same-shape-other-constants,0x0042c660
0x0042cae0,R_Draw2DQuad,2d,2D item: -0.5 pixel shift; optional rotation; optional second texture and combine mode,high,"identical normalised instruction shape (971 insns, unique in both)",0x0042e1c0,same,0x0040cee0
0x0042d7f0,D3D_CreateBuffers,render,creates the vertex and index buffers and the shadow render target,high,unique string 'Could not create index buffer.' (4 shared),0x0042eed0,same,
0x0042d900,D3D_ReleaseBuffers,render,releases the Direct3D buffers,high,"identical normalised instruction shape (43 insns, unique in both)",0x0042efe0,same,
0x0042d990,R_LockVertexBuffer,render,reserves room in the dynamic vertex buffer (32-byte vertices; discard when full),high,"identical normalised instruction shape (36 insns, unique in both)",0x0042f070,same,
0x0042da10,R_FlushVertices,render,draws the vertices written since the last lock,high,"identical normalised instruction shape (71 insns, unique in both)",0x0042f0f0,same,
0x0042db20,R_LockParticleVertices,render,vertex reservation used by the particle drawer,high,"identical normalised instruction shape (41 insns, unique in both)",0x0042f200,same,
0x0042dbb0,R_DrawIndexed,render,draws indexed triangles from the dynamic buffers,high,"identical normalised instruction shape (86 insns, unique in both)",0x0042f290,same,
0x0042dcf0,D3D_FindTextureFormat,render,checks which texture format the device supports,high,"identical normalised instruction shape (63 insns, unique in both)",0x0042f3d0,same,
0x0042ddd0,D3D_FindAdapterFormat,render,checks which back-buffer format the adapter supports for the chosen mode,high,"identical normalised instruction shape (64 insns, unique in both)",0x0042f4b0,same,
0x0042de90,D3D_FindDepthFormat,render,picks a depth-buffer format compatible with the display format,high,"identical normalised instruction shape (58 insns, unique in both)",0x0042f570,same,
0x0042df40,D3D_SetDefaultStates,render,lighting off; solid fill; cull clockwise; linear min/mag; mip point or linear by TextureFilter; fog when the level has fog,high,"identical normalised instruction shape (99 insns, unique in both)",0x0042f620,same,
0x0042e070,D3D_ResetDevice,render,resets the Direct3D device (lost device) and recreates the buffers,high,unique string 'error: Could not reset D3D device.' (1 shared),0x0042f750,same,
0x0042e0e0,D3D_ApplyMode,render,applies a window/fullscreen mode change,high,"identical normalised instruction shape (158 insns, unique in both)",0x0042f7c0,same,
0x0042e2f0,GL_Init,gl,baseline GL state (depth LEQUAL; CCW front; cull back; flat; REPEAT; MODULATE),high,unique string '------ Direct3D Initializing ------' (10 shared),0x0042f9d0,same,0x00412220
0x0042e470,GL_SetBlendMode,gl,blend state cache: 0 off; 1 alpha; 2 add (fog black); 3 filter (fog white); 4 dest-colour/src-colour,high,"identical normalised instruction shape (146 insns, unique in both)",0x0042fb50,same,0x00412be0
0x0042e650,R_SetupFog,frame,linear table fog; colour also used as clear colour,high,"identical normalised instruction shape (94 insns, unique in both)",0x0042fd30,same,0x0040d2a0
0x0042e7a0,R_DrawSprites,sprite,sprite pass with culling off; billboard axes from the view matrix,high,"identical normalised instruction shape (57 insns, unique in both)",0x0042fe80,same,0x0040d7a0
0x0042e890,R_DrawDecals,render,decal (TYPE_MARK) pass of R_RenderView; counterpart of v1.70 R_DrawMarks (the symbol map calls it R_DrawGroundPass and pairs v1.70 R_DrawMarks with 0x00430280) (v1.70 alias: R_DrawMarks R_DrawGroundPass),high,"identical normalised instruction shape (107 insns, unique in both)",0x0042ff70,same,
0x0042ea00,R_DrawSkidTrail,render,CORRECTS re/symbols_as2.csv R_DrawMark: draws one skid trail as a strip; alpha 1 up to 5 s then fading to 0 at 10 s; v = length / width (v1.70 alias: R_DrawSkidMarkStrip R_DrawMark),high,"identical normalised instruction shape (129 insns, unique in both)",0x004300e0,same,
0x0042eba0,R_DrawSkidTrails,render,CORRECTS re/symbols_as2.csv R_DrawMarks: draws the skid-trail draw list (count 0x02113074) with depth writes off; new in as2 (v1.70 alias: R_DrawSkidMarks R_DrawMarks),high,"identical normalised instruction shape (60 insns, unique in both)",0x00430280,same,0x0040d860
0x0042ec60,R_DrawBlobShadow,shadow,type 4 flat quad at terrain height (unreachable from data) (v1.70 alias: R_DrawPlanarShadow),high,"identical normalised instruction shape (65 insns, unique in both)",0x00430340,same,0x0040d920
0x0042ed60,R_DrawShadows,shadow,shadow pass: FILTER blend; white vertex colour; depth bias 4; write off,high,"identical normalised instruction shape (126 insns, unique in both)",0x00430440,same,0x0040db20
0x0042ef10,R_AddPointLight,light,add dynamic point light (max 32 per frame) (v1.70 alias: R_AddDynamicLight),high,"identical normalised instruction shape (30 insns, unique in both)",0x004305f0,same,0x0040dd00
0x0042ef90,R_AddSpotLight,light,add spot light with cos(0.5*angle) outer and cos(0.4*angle) inner,high,"identical normalised instruction shape (49 insns, unique in both)",0x00430670,same,0x0040dd80
0x0042f060,R_AddEntityToScene,frame,copy render record into opaque/trans/effect/sprite/mark list (v1.70 alias: R_AddEntity),high,"identical normalised instruction shape (86 insns, unique in both)",0x00430740,same,0x0040de50
0x0042f1a0,R_Set2DMode,2d,ortho 0..800 x 600..0; depth test off; default alpha blend,high,"identical normalised instruction shape (89 insns, unique in both)",0x00430880,same,0x0040df90
0x0042f2d0,R_Draw2DList,2d,no-view path: 2D mode then draw the 2D queue (v1.70 alias: R_Render2DOnly),high,"identical normalised instruction shape (36 insns, unique in both)",0x004309b0,same,0x0040e070
0x0042f340,R_RenderView,frame,scene render: terrain; frustum; marks; skid marks; shadows; opaque; water; trans; effect; particles; sprites; 2D,high,"identical normalised instruction shape (272 insns, unique in both)",0x00430a20,same,0x0040e0d0
0x0042f720,R_ClearScreen,render,clears the back buffer,high,"identical normalised instruction shape (23 insns, unique in both)",0x00430e00,same,
0x0042f770,R_BeginFrame,frame,swap interval from WaitVSync then clear depth and colour,high,"identical normalised instruction shape (31 insns, unique in both)",0x00430e50,same,0x0040e690
0x0042f7d0,R_DrawBrightness,frame,CORRECTION of symbols_as2.csv (R_DrawFadeOverlay): brightness quad dest-colour/src-colour over 800x600 (v1.70 alias: R_DrawFadeOverlay),high,"identical normalised instruction shape (165 insns, unique in both)",0x00430eb0,same,
0x0042fa30,R_EndFrame,frame,brightness quad (DST_COLOR/SRC_COLOR) then SwapBuffers,high,"identical normalised instruction shape (25 insns, unique in both)",0x00431110,same,0x0040e6f0
0x0042fa90,R_GetViewMatrices,cull,reads back the view/projection transforms and the viewport,high,"identical normalised instruction shape (32 insns, unique in both)",0x00431170,same,
0x0042fb00,R_AllocDecal,decal,allocates a decal record,high,"identical normalised instruction shape (20 insns, unique in both)",0x004311e0,same,
0x0042fb60,R_ClipTriangleToRect,decal,clip one terrain triangle to a rectangle and emit it with s/t (v1.70 alias: R_ClipShadowToTerrain),high,"identical normalised instruction shape (983 insns, unique in both)",0x00431240,same,0x0040e840
0x00430810,R_BuildDecal,render,terrain triangles under a rectangle for a mark decal (reads vertex array once) (v1.70 alias: R_BuildDecalList),high,"identical normalised instruction shape (169 insns, unique in both)",0x00431ef0,same,0x0040f070
0x00430a40,R_BakeEntityShadow,render,bake a projected shadow on the terrain at spawn (v1.70 alias: R_BuildProjectedShadowList),high,"identical normalised instruction shape (28 insns, unique in both)",0x00432120,same,0x0040f2a0
0x00430aa0,R_ClipTriangleToRotatedRect,shadow,Sutherland-Hodgman against four edge lines with texcoords (v1.70 alias: R_ProjectShadowTris),high,"identical normalised instruction shape (764 insns, unique in both)",0x00432180,same,0x0040f300
0x004314a0,R_DrapeRotatedRect,shadow,clip terrain cells against a rotated rectangle and emit decal triangles (v1.70 alias: R_DrawProjectedShadowDyn),high,"identical normalised instruction shape (454 insns, unique in both)",0x00432b80,same,0x0040f8c0
0x00431aa0,R_DrawPlanarShadow,shadow,type 7 bind shadow texture and drape rotated rectangle (v1.70 alias: R_DrawDynamicShadow),high,"identical normalised instruction shape (32 insns, unique in both)",0x00433180,same,0x0040fde0
0x00431b10,R_DrawTriangleList,render,copies a prepared triangle list into the vertex buffer and draws it,high,"identical normalised instruction shape (39 insns, unique in both)",0x004331f0,same,
0x00431b80,R_DrawLightning,effect,two crossed additive quads with gfx\lightning2.tga,high,"identical normalised instruction shape (332 insns, unique in both)",0x00433260,same,0x0040fe60
0x00432010,R_DrawDebugLine,effect,additive white GL_LINES for render flag 0x4000 (no setter found) (v1.70 alias: R_DrawBeam),high,"identical normalised instruction shape (81 insns, unique in both)",0x004336f0,same,0x00410270
0x00432120,R_LightModel,light,six-slot ambient cube from sun plus dynamic lights; per-normal weights (v1.70 alias: R_LightEntity),high,"identical normalised instruction shape (493 insns, unique in both)",0x00433800,same,0x00410530
0x00432780,R_ComputeEnvCoords,material,CORRECTION of symbols_as2.csv (R_SetupModelLight): environment coordinates 0.5 + 0.5 * normal in view space (v1.70 alias: R_SetupModelLight),high,"identical normalised instruction shape (65 insns, unique in both)",0x00433e60,same,
0x00432860,R_DrawModel,model,draw TYPE_MODEL record with rflag state; lighting; env map (v1.70 alias: R_DrawEntityModel),high,"identical normalised instruction shape (1112 insns, unique in both)",0x00433f40,same,0x00410ac0
0x00433990,R_DrawParticleSystem,particle,particle quads with the view-matrix axes; frame div rows quirk kept; FILTER adds texture and colour,high,"identical normalised instruction shape (711 insns, unique in both)",0x00435070,same,0x00413a50
0x00434290,R_DrawParticles,particle,depth mask off and draw every live instance (v1.70 alias: P_DrawEmitters),high,"identical normalised instruction shape (31 insns, unique in both)",0x00435970,same,0x004149c0
0x004342f0,GL_Bind,gl,SetTexture; index 0 unsets the texture; -notex disables binds,high,"identical normalised instruction shape (30 insns, unique in both)",0x004359d0,same,0x004184b0
0x00434350,GL_DisableEnvMap,material,disable texgen and unit 1 and reset texture matrices (v1.70 alias: GL_ResetTexGen),high,"identical normalised instruction shape (52 insns, unique in both)",0x00435a30,same,0x00412b70
0x004343f0,R_SetTextureStage,render,stage 0 texture x diffuse (colour and alpha); stage 1 off,high,"identical normalised instruction shape (95 insns, unique in both)",0x00435ad0,same,
0x00434510,R_Setup2DStages,2d,second 2D texture combine: 1 blend by its alpha; 2 add; 3 modulate; else replace,high,"identical normalised instruction shape (216 insns, unique in both)",0x00435bf0,same,
0x00434790,GL_SetupEnvMap,material,environment stages: GLITTER add; CHROME blend by skin alpha; QUAD modulate with a rotating texture matrix,high,"identical normalised instruction shape (371 insns, unique in both)",0x00435e70,same,0x004127e0
0x00434bc0,R_SetupTerrainStages,terrain,terrain stages: map texture x diffuse; detail add-signed (else modulate 2x; else modulate),high,"identical normalised instruction shape (137 insns, unique in both)",0x004362a0,same,
0x00434d60,R_SetupWaterStages,terrain,water stages: base texture; shine blended by its alpha; alpha from the vertex; two scrolled texture matrices (x2; x1.5),high,"identical normalised instruction shape (217 insns, unique in both)",0x00436440,same,
0x00435010,R_GenerateShadowMap,shadow,silhouette into a 512x512 target; 0.6 grey add; no ground-erase quad; linear 2:1 copy into a single-level texture; max 256x256,high,unique string '%s_shadow%i' (1 shared),0x004366f0,same,0x00414a70
0x00435b00,R_DrawSprite,sprite,one sprite quad; v = 1 - t,high,"identical normalised instruction shape (444 insns, unique in both)",0x004371e0,same,0x0040d370
0x004360f0,R_DrawTerrainPatch,terrain,tile overlays of a chunk: alpha blend; write off; depth bias 1,high,"identical normalised instruction shape (331 insns, unique in both)",0x004377d0,same,
0x00436580,R_DrawTerrainNode,render,recursive terrain tree draw; copies vertex positions from 0x2102e5c every frame (v1.70 alias: R_DrawTerrain),high,"identical normalised instruction shape (214 insns, unique in both)",0x00437c60,same,0x00415730
0x004368a0,R_DrawTerrainPass,terrain,terrain pass wrapper (boundary: hmap.md) (v1.70 alias: R_DrawTerrain),high,"identical normalised instruction shape (65 insns, unique in both)",0x00437f80,same,0x00416020
0x00436990,R_FindTexture,texture,case-sensitive name lookup in the texture registry,high,"identical normalised instruction shape (41 insns, unique in both)",0x00438070,same,0x00418c80
0x00436a00,R_LoadTextureFile,texture,loads data\<name> (else .tga; else .jpg) with the Direct3DX file loader; full mip chain or one level,high,"identical normalised instruction shape (118 insns, unique in both)",0x004380e0,same,0x004189d0
0x00436b80,R_RegisterShadowTexture,shadow,CORRECTION of symbols_as2.csv (R_ShadowMapHelper): registers the generated shadow texture in the texture registry (v1.70 alias: R_ShadowMapHelper),high,"identical normalised instruction shape (44 insns, unique in both)",0x00438260,same,
0x00436c30,R_CreateTexture,texture,creates a Direct3D texture from a generated image with mip levels,high,"identical normalised instruction shape (124 insns, unique in both)",0x00438310,same,
0x00436dd0,R_RegisterTexture,texture,find or load a mipmapped texture (v1.70 alias: R_RegisterPic),high,"identical normalised instruction shape (48 insns, unique in both)",0x004384b0,same,0x00418cf0
0x00436e70,R_RegisterPic,texture,find or load a texture without mipmaps (GL_LINEAR) (v1.70 alias: R_RegisterPicUI),high,"identical normalised instruction shape (48 insns, unique in both)",0x00438550,same,0x00418d60
0x00436f10,R_FreeTextures,texture,delete all GL textures and clear the registry,high,"identical normalised instruction shape (26 insns, unique in both)",0x004385f0,same,0x00418dd0
0x00436f70,R_DrawWaterSurface,terrain,draws the water geometry,high,"identical normalised instruction shape (139 insns, unique in both)",0x00438650,same,
0x00437180,R_DrawWater,terrain,water pass: alpha blend; t += dt x pi x 0.1; Gouraud,high,"identical normalised instruction shape (38 insns, unique in both)",0x00438860,same,0x004160d0
0x00437210,XML_FreeString,settings,XML helper,medium,"same position between matched neighbours, identical shape (7 insns)",0x004388f0,same,0x0042c7f0
0x00437220,XML_Parse,settings,XML parse,high,"identical normalised instruction shape (87 insns, unique in both)",0x00438900,same,0x0042c800
0x00437320,XML_FreeTree,settings,XML helper,medium,"identical shape, callee XML_ParseNode (score 1.00)",0x00438a00,same,0x0042c900
0x00437340,XML_ParseNode,settings,XML node,high,"identical normalised instruction shape (285 insns, unique in both)",0x00438a20,same,0x0042c920
0x004376d0,XML_FreeNode,settings,XML helper,high,"identical normalised instruction shape (12 insns, unique in both)",0x00438db0,same,0x0042cc70
0x00437700,XML_NewNode,settings,XML helper,high,"identical normalised instruction shape (35 insns, unique in both)",0x00438de0,same,0x0042cc90
0x00437760,XML_Stub1,settings,4-byte stub,low,manual: one of three identical 2-instruction XML stubs; paired in address order (the stubs are interchangeable),0x00438f00,same,0x0042cda0
0x00437770,FUN_00438e40,settings,subsystem guessed from the neighbouring functions (settings / settings),low,manual: XML helper of 5 instructions between the same matched XML functions; the only unmatched one of that length,0x00438e40,same,
0x00437780,XML_FreeChildren,settings,recursive XML free,high,"identical normalised instruction shape (58 insns, unique in both)",0x00438e50,same,0x0042ccf0
0x00437830,XML_Stub2,settings,4-byte stub,low,manual: one of three identical 2-instruction XML stubs; paired in address order,0x00438f10,same,0x0042cdb0
0x00437840,XML_Stub3,settings,4-byte stub,low,manual: one of three identical 2-instruction XML stubs; paired in address order,0x00438f20,same,0x0042cdc0
0x00437850,XML_Helper,settings,XML helper,high,"identical normalised instruction shape (43 insns, unique in both)",0x00438f30,same,0x0042cdd0
0x004378b0,XML_GetAttribute,settings,attribute lookup,high,"identical normalised instruction shape (14 insns, unique in both)",0x00438f90,same,0x0042cee0
0x004378e0,XML_GetAttributeInt,settings,attribute as int,high,"identical normalised instruction shape (17 insns, unique in both)",0x00438fc0,same,0x0042cf10
0x00437910,XML_GetAttributeFloat,settings,attribute as float,high,"identical normalised instruction shape (21 insns, unique in both)",0x00438ff0,same,0x0042cf40
0x00437950,XML_FindAttribute,settings,attribute search,high,"identical normalised instruction shape (40 insns, unique in both)",0x00439030,same,0x0042d0e0
0x004379b0,XML_NewString,settings,XML helper,high,"identical normalised instruction shape (24 insns, unique in both)",0x00439090,same,0x0042d190
0x00437a00,XML_Free1,settings,XML helper,low,only unmatched function with the same matched callers (Unwind@004441a0) (score 1.00),0x004390e0,same,0x0042d1e0
0x00437a10,XML_Free2,settings,XML helper,medium,"same position between matched neighbours, identical shape (7 insns)",0x004390f0,same,0x0042d1f0
0x00437a20,XML_Tokenize,settings,XML tokenizer,high,"identical normalised instruction shape (160 insns, unique in both)",0x00439100,same,0x0042d200
0x00437bb0,XML_Helper2,settings,XML helper,medium,"identical shape, callee XML_ParseNode (score 1.00)",0x00439290,same,0x0042d3f0
0x00437bc0,XML_CopyString,settings,XML helper,high,"identical normalised instruction shape (31 insns, unique in both)",0x004392a0,same,0x0042d400
0x00437c12,BASS_Start,sound,import thunk (BASS.DLL),high,same library/thunk name 'BASS_Start' (Ghidra function ID),0x004392f2,same,0x0042d45e
0x00437c18,BASS_SampleLoad,sound,import thunk (BASS.DLL),high,same library/thunk name 'BASS_SampleLoad' (Ghidra function ID),0x004392f8,same,0x0042d464
0x00437c1e,BASS_MusicFree,sound,import thunk (BASS.DLL),high,same library/thunk name 'BASS_MusicFree' (Ghidra function ID),0x004392fe,same,0x0042d46a
0x00437c24,BASS_SampleGetChannel,sound,import thunk (BASS.DLL),high,same library/thunk name 'BASS_SampleGetChannel' (Ghidra function ID),0x00439304,same,0x0042d470
0x00437c2a,BASS_SampleSetInfo,sound,import thunk (BASS.DLL),high,same library/thunk name 'BASS_SampleSetInfo' (Ghidra function ID),0x0043930a,same,0x0042d476
0x00437c30,BASS_SetEAXParameters,sound,import thunk (BASS.DLL),high,same library/thunk name 'BASS_SetEAXParameters' (Ghidra function ID),0x00439310,same,0x0042d47c
0x00437c36,BASS_Apply3D,sound,import thunk (BASS.DLL),high,same library/thunk name 'BASS_Apply3D' (Ghidra function ID),0x00439316,same,0x0042d482
0x00437c3c,BASS_Update,sound,import thunk (BASS.DLL),high,same library/thunk name 'BASS_Update' (Ghidra function ID),0x0043931c,same,0x0042d488
0x00437c42,BASS_Pause,sound,import thunk (BASS.DLL),high,same library/thunk name 'BASS_Pause' (Ghidra function ID),0x00439322,same,0x0042d48e
0x00437c48,BASS_ChannelSetPosition,sound,import thunk (BASS.DLL),high,same library/thunk name 'BASS_ChannelSetPosition' (Ghidra function ID),0x00439328,same,0x0042d494
0x00437c4e,BASS_MusicGetLength,sound,import thunk (BASS.DLL),high,same library/thunk name 'BASS_MusicGetLength' (Ghidra function ID),0x0043932e,same,0x0042d49a
0x00437c54,BASS_Stop,sound,import thunk (BASS.DLL),high,same library/thunk name 'BASS_Stop' (Ghidra function ID),0x00439334,same,0x0042d4a0
0x00437c5a,BASS_ChannelStop,sound,import thunk (BASS.DLL),high,same library/thunk name 'BASS_ChannelStop' (Ghidra function ID),0x0043933a,same,0x0042d4a6
0x00437c60,BASS_MusicLoad,sound,import thunk (BASS.DLL),high,same library/thunk name 'BASS_MusicLoad' (Ghidra function ID),0x00439340,same,0x0042d4ac
0x00437c66,BASS_Free,sound,import thunk (BASS.DLL),high,same library/thunk name 'BASS_Free' (Ghidra function ID),0x00439346,same,0x0042d4b2
0x00437c6c,BASS_GetVersion,sound,import thunk (BASS.DLL),high,same library/thunk name 'BASS_GetVersion' (Ghidra function ID),0x0043934c,same,0x0042d4b8
0x00437c72,BASS_SampleGetInfo,sound,import thunk (BASS.DLL),high,same library/thunk name 'BASS_SampleGetInfo' (Ghidra function ID),0x00439352,same,0x0042d4be
0x00437c78,BASS_ChannelGetInfo,sound,import thunk (BASS.DLL),high,same library/thunk name 'BASS_ChannelGetInfo' (Ghidra function ID),0x00439358,same,0x0042d4c4
0x00437c7e,BASS_ChannelSetAttributes,sound,import thunk (BASS.DLL),high,same library/thunk name 'BASS_ChannelSetAttributes' (Ghidra function ID),0x0043935e,same,0x0042d4ca
0x00437c84,BASS_SetConfig,sound,import thunk (BASS.DLL),high,same library/thunk name 'BASS_SetConfig' (Ghidra function ID),0x00439364,same,0x0042d4d0
0x00437c8a,BASS_ChannelSetFlags,sound,import thunk (BASS.DLL),high,same library/thunk name 'BASS_ChannelSetFlags' (Ghidra function ID),0x0043936a,same,0x0042d4d6
0x00437c90,BASS_SampleFree,sound,import thunk (BASS.DLL),high,same library/thunk name 'BASS_SampleFree' (Ghidra function ID),0x00439370,same,0x0042d4dc
0x00437c96,BASS_ChannelPlay,sound,import thunk (BASS.DLL),high,same library/thunk name 'BASS_ChannelPlay' (Ghidra function ID),0x00439376,same,0x0042d4e2
0x00437c9c,BASS_Init,sound,import thunk (BASS.DLL),high,same library/thunk name 'BASS_Init' (Ghidra function ID),0x0043937c,same,0x0042d4e8
0x00437ca2,BASS_ChannelSet3DPosition,sound,import thunk (BASS.DLL),high,same library/thunk name 'BASS_ChannelSet3DPosition' (Ghidra function ID),0x00439382,same,0x0042d4ee
0x00437ca8,BASS_Set3DFactors,sound,import thunk (BASS.DLL),high,same library/thunk name 'BASS_Set3DFactors' (Ghidra function ID),0x00439388,same,0x0042d4f4
0x00437cae,BASS_Set3DPosition,sound,import thunk (BASS.DLL),high,same library/thunk name 'BASS_Set3DPosition' (Ghidra function ID),0x0043938e,same,0x0042d4fa
0x00437cb4,BASS_ChannelIsActive,sound,import thunk (BASS.DLL),high,same library/thunk name 'BASS_ChannelIsActive' (Ghidra function ID),0x00439394,same,0x0042d500
0x00437cc5,FUN_004393a5,crt,counterpart of the unnamed as2 function FUN_004393a5,medium,"identical shape, caller of IntroPage_dtor2 (score 1.00)",0x004393a5,same,0x0042d511
0x00437ce7,FUN_004393c7,crt,counterpart of the unnamed as2 function FUN_004393c7,high,unique string 'string too long' (1 shared),0x004393c7,same,0x0042d533
0x00437d26,FUN_00439406,crt,counterpart of the unnamed as2 function FUN_00439406,high,unique string 'invalid string position' (1 shared),0x00439406,same,0x0042d572
0x00437d7d,operator_new,crt,v1.70 export name (library),medium,"identical shape, callee Settings_Load (score 1.00)",0x0043945d,same,0x0042d5c9
0x00437d82,@__security_check_cookie@4,crt,v1.70 export name (library),medium,"identical shape, callee VID_SelectDisplayMode (score 1.00)",0x00439462,same,0x0042d5ce
0x00437d91,_memmove_s,crt,v1.70 export name (library),high,same library/thunk name '_memmove_s' (Ghidra function ID),0x00439471,same,0x0042e46e
0x00437dec,_sprintf,crt,v1.70 export name (library),high,same library/thunk name '_sprintf' (Ghidra function ID),0x004394cc,same,0x0042e186
0x00437e67,FUN_00439547,crt,counterpart of the unnamed as2 function FUN_00439547,medium,"identical shape, callee std_logic_error_ctor (score 1.00)",0x00439547,same,0x0042e4c9
0x00437e78,exception,crt,v1.70 export name (library),high,"identical normalised instruction shape (33 insns, unique in both)",0x00439558,same,0x0042e4da
0x00437ec6,exception_4395a6,crt,v1.70 export name (library),medium,"identical shape, callee bad_alloc (score 1.00)",0x004395a6,same,0x0042e528
0x00437ede,exception_4395be,crt,v1.70 export name (library),high,"identical normalised instruction shape (38 insns, unique in both)",0x004395be,same,0x0042e540
0x00437f36,~exception,crt,v1.70 export name (library),high,same library/thunk name '~exception' (Ghidra function ID),0x00439616,same,0x0042e598
0x00437f4c,FUN_0043962c,crt,counterpart of the unnamed as2 function FUN_0043962c,high,unique string 'Unknown exception' (1 shared),0x0043962c,same,0x0042e5ae
0x00437f59,FUN_00439639,crt,C runtime (unnamed),medium,"same position between matched neighbours, identical shape (11 insns)",0x00439639,same,
0x00437f75,_vscan_fn,crt,v1.70 export name (library),high,same library/thunk name '_vscan_fn' (Ghidra function ID),0x00439655,same,0x0042efd4
0x00437fdd,FID_conflict:_sscanf,crt,v1.70 export name,high,"identical normalised instruction shape (11 insns, unique in both)",0x004396bd,same,0x0042f03c
0x00437ffc,_atol,crt,v1.70 export name (library),medium,"identical shape, callee ___ansicp (score 1.00)",0x004396dc,same,0x0042e3a1
0x0043800d,_atol_4396ed,crt,v1.70 export name (library),medium,"identical shape, callee CFG_Read (score 1.00)",0x004396ed,same,0x0042e3b2
0x00438012,__onexit_nolock,crt,v1.70 export name (library),high,same library/thunk name '__onexit_nolock' (Ghidra function ID),0x004396f2,same,0x0042e5d7
0x004380ee,__onexit,crt,v1.70 export name (library),high,same library/thunk name '__onexit' (Ghidra function ID),0x004397ce,same,0x0042e6b3
0x00438124,FUN_00439804,crt,counterpart of the unnamed as2 function FUN_00439804,medium,"identical shape, callee __onexit (score 1.00)",0x00439804,same,0x0042e6e9
0x0043812a,_atexit,crt,v1.70 export name (library),high,same library/thunk name '_atexit' (Ghidra function ID),0x0043980a,same,0x0042e6ef
0x0043813c,FUN_0043981c,crt,counterpart of the unnamed as2 function FUN_0043981c,medium,"identical shape, callee __init_pointers (score 1.00)",0x0043981c,same,0x0042e701
0x00438146,__invoke_watson,crt,v1.70 export name (library),high,same library/thunk name '__invoke_watson' (Ghidra function ID),0x00439826,same,0x0042e70b
0x00438242,__invalid_parameter,crt,v1.70 export name (library),high,same library/thunk name '__invalid_parameter' (Ghidra function ID),0x00439922,same,0x0042e807
0x00438266,FUN_00439946,crt,counterpart of the unnamed as2 function FUN_00439946,medium,"identical shape, callee VID_SelectDisplayMode (score 1.00)",0x00439946,same,0x0042e82b
0x00438276,_free,crt,v1.70 export name (library),medium,"identical shape, callee VID_SelectDisplayMode (score 1.00)",0x00439956,same,0x0042e865
0x0043827b,_memcpy_s,crt,v1.70 export name (library),high,same library/thunk name '_memcpy_s' (Ghidra function ID),0x0043995b,same,0x0042e86a
0x004382f6,_LocaleUpdate,crt,v1.70 export name (library),high,same library/thunk name '_LocaleUpdate' (Ghidra function ID),0x004399d6,same,0x0042dfc6
0x00438378,__atof_l,crt,v1.70 export name (library),high,same library/thunk name '__atof_l' (Ghidra function ID),0x00439a58,same,0x0042e3b7
0x00438421,_atof,crt,v1.70 export name (library),high,same library/thunk name '_atof' (Ghidra function ID),0x00439b01,same,0x0042e460
0x0043842f,~type_info,crt,v1.70 export name (library),high,same library/thunk name '~type_info' (Ghidra function ID),0x00439b0f,same,0x0042e8e5
0x0043843d,`scalar_deleting_destructor',crt,v1.70 export name,medium,"identical shape, caller of ~type_info (score 1.00)",0x00439b1d,same,0x0042e8f3
0x00438459,operator==,crt,v1.70 export name (library),high,same library/thunk name 'operator==' (Ghidra function ID),0x00439b39,same,0x0042e90f
0x00438474,__amsg_exit,crt,v1.70 export name (library),high,same library/thunk name '__amsg_exit' (Ghidra function ID),0x00439b54,same,0x0042eccc
0x00438498,FUN_00439b78,crt,counterpart of the unnamed as2 function FUN_00439b78,high,unique string 'CorExitProcess' (2 shared),0x00439b78,same,0x0042ecf0
0x004384be,___crtExitProcess,crt,v1.70 export name (library),high,only caller of import ExitProcess,0x00439b9e,same,0x0042ed16
0x004384d3,FUN_00439bb3,crt,counterpart of the unnamed as2 function FUN_00439bb3,medium,"identical shape, callee __onexit (score 1.00)",0x00439bb3,same,0x0042ed2b
0x004384dc,FUN_00439bbc,crt,counterpart of the unnamed as2 function FUN_00439bbc,medium,"identical shape, callee FUN_00439804 (score 1.00)",0x00439bbc,same,0x0042ed34
0x004384e5,__initterm,crt,v1.70 export name (library),high,same library/thunk name '__initterm' (Ghidra function ID),0x00439bc5,same,0x0042ed3d
0x004384fd,__initterm_e,crt,v1.70 export name (library),high,same library/thunk name '__initterm_e' (Ghidra function ID),0x00439bdd,same,0x0042ed55
0x0043851d,__get_osplatform,crt,v1.70 export name (library),high,same library/thunk name '__get_osplatform' (Ghidra function ID),0x00439bfd,same,0x0042ed75
0x00438554,__get_winmajor,crt,v1.70 export name (library),high,same library/thunk name '__get_winmajor' (Ghidra function ID),0x00439c34,same,0x0042edac
0x00438590,__cinit,crt,v1.70 export name (library),high,same library/thunk name '__cinit' (Ghidra function ID),0x00439c70,same,0x0042ede8
0x00438622,_doexit,crt,v1.70 export name (library),high,same library/thunk name '_doexit' (Ghidra function ID),0x00439d02,same,0x0042ee7a
0x004386db,FUN_00439dbb,crt,counterpart of the unnamed as2 function FUN_00439dbb,medium,"identical shape, callee _doexit (score 1.00)",0x00439dbb,same,0x0042ef33
0x004386f0,_exit,crt,v1.70 export name (library),high,same library/thunk name '_exit' (Ghidra function ID),0x00439dd0,same,0x0042ef48
0x00438701,__exit,crt,v1.70 export name (library),high,same library/thunk name '__exit' (Ghidra function ID),0x00439de1,same,0x0042ef59
0x00438712,__cexit,crt,v1.70 export name (library),high,same library/thunk name '__cexit' (Ghidra function ID),0x00439df2,same,0x0042ef6a
0x00438730,__init_pointers,crt,v1.70 export name (library),high,same library/thunk name '__init_pointers' (Ghidra function ID),0x00439e10,same,0x0042ef88
0x0043877c,bad_alloc,crt,v1.70 export name (library),high,same library/thunk name 'bad_alloc' (Ghidra function ID),0x00439e5c,same,0x0042e92a
0x00438795,operator_new_439e75,crt,v1.70 export name (library),high,"identical normalised instruction shape (34 insns, unique in both)",0x00439e75,same,0x0042e943
0x004387ff,__vsprintf_l,crt,v1.70 export name (library),high,same library/thunk name '__vsprintf_l' (Ghidra function ID),0x00439edf,same,0x0042ec39
0x0043887b,_vsprintf,crt,v1.70 export name (library),high,same library/thunk name '_vsprintf' (Ghidra function ID),0x00439f5b,same,0x0042ecb5
0x00438892,_feof,crt,v1.70 export name (library),high,same library/thunk name '_feof' (Ghidra function ID),0x00439f72,same,0x0042f5b5
0x004388c1,_free_439fa1,crt,v1.70 export name (library),high,"identical normalised instruction shape (44 insns, unique in both)",0x00439fa1,same,0x0042e201
0x00438917,FUN_00439ff7,crt,counterpart of the unnamed as2 function FUN_00439ff7,medium,"identical shape, callee _free_439fa1 (score 1.00)",0x00439ff7,same,0x0042e257
0x0043894f,_V6_HeapAlloc,crt,v1.70 export name (library),high,same library/thunk name '_V6_HeapAlloc' (Ghidra function ID),0x0043a02f,same,0x0042e28f
0x00438995,FUN_0043a075,crt,counterpart of the unnamed as2 function FUN_0043a075,medium,"identical shape, callee _V6_HeapAlloc (score 1.00)",0x0043a075,same,0x0042e2d5
0x0043899e,_malloc,crt,v1.70 export name (library),high,same library/thunk name '_malloc' (Ghidra function ID),0x0043a07e,same,0x0042e2de
0x00438a70,FUN_0043a150,crt,counterpart of the unnamed as2 function FUN_0043a150,high,"identical normalised instruction shape (69 insns, unique in both)",0x0043a150,same,0x0042df40
0x00438af6,__fsopen,crt,v1.70 export name (library),high,same library/thunk name '__fsopen' (Ghidra function ID),0x0043a1d6,same,0x0042d5dd
0x00438bb0,FUN_0043a290,crt,counterpart of the unnamed as2 function FUN_0043a290,medium,"identical shape, callee __fsopen (score 1.00)",0x0043a290,same,0x0042d697
0x00438bba,_fopen,crt,v1.70 export name (library),high,same library/thunk name '_fopen' (Ghidra function ID),0x0043a29a,same,0x0042d6a1
0x00438bcd,__fread_nolock_s,crt,v1.70 export name (library),high,same library/thunk name '__fread_nolock_s' (Ghidra function ID),0x0043a2ad,same,0x0042d6b4
0x00438d63,_fread_s,crt,v1.70 export name (library),high,same library/thunk name '_fread_s' (Ghidra function ID),0x0043a443,same,0x0042d84a
0x00438e20,FUN_0043a500,crt,counterpart of the unnamed as2 function FUN_0043a500,medium,"identical shape, callee _fread_s (score 1.00)",0x0043a500,same,0x0042d907
0x00438e2a,_fread,crt,v1.70 export name (library),high,same library/thunk name '_fread' (Ghidra function ID),0x0043a50a,same,0x0042d911
0x00438e45,__fseek_nolock,crt,v1.70 export name (library),high,same library/thunk name '__fseek_nolock' (Ghidra function ID),0x0043a525,same,0x0042f475
0x00438ecc,_fseek,crt,v1.70 export name (library),high,same library/thunk name '_fseek' (Ghidra function ID),0x0043a5ac,same,0x0042f4fc
0x00438f47,FUN_0043a627,crt,counterpart of the unnamed as2 function FUN_0043a627,medium,"identical shape, callee _fseek (score 1.00)",0x0043a627,same,0x0042f577
0x00438f51,__fclose_nolock,crt,v1.70 export name (library),high,same library/thunk name '__fclose_nolock' (Ghidra function ID),0x0043a631,same,0x0042dad3
0x00438fc4,_fclose,crt,v1.70 export name (library),high,same library/thunk name '_fclose' (Ghidra function ID),0x0043a6a4,same,0x0042db46
0x00439038,FUN_0043a718,crt,counterpart of the unnamed as2 function FUN_0043a718,medium,"identical shape, callee _fclose (score 1.00)",0x0043a718,same,0x0042dbba
0x00439040,__fwrite_nolock,crt,v1.70 export name (library),high,same library/thunk name '__fwrite_nolock' (Ghidra function ID),0x0043a720,same,0x0042d92c
0x0043915a,_fwrite,crt,v1.70 export name (library),high,same library/thunk name '_fwrite' (Ghidra function ID),0x0043a83a,same,0x0042da46
0x004391dd,FUN_0043a8bd,crt,counterpart of the unnamed as2 function FUN_0043a8bd,medium,"identical shape, callee _fwrite (score 1.00)",0x0043a8bd,same,0x0042dac9
0x004391f0,_memmove,crt,v1.70 export name (library),high,same library/thunk name '_memmove' (Ghidra function ID),0x0043a8d0,same,0x0042dbd0
0x00439555,__tolower_l,crt,v1.70 export name (library),high,same library/thunk name '__tolower_l' (Ghidra function ID),0x0043ac35,same,0x0042e048
0x0043966c,_tolower,crt,v1.70 export name (library),high,same library/thunk name '_tolower' (Ghidra function ID),0x0043ad4c,same,0x0042e15f
0x00439693,__purecall,crt,v1.70 export name (library),high,same library/thunk name '__purecall' (Ghidra function ID),0x0043ad73,same,0x0042e83b
0x004396bd,FUN_0043ad9d,crt,counterpart of the unnamed as2 function FUN_0043ad9d,medium,"identical shape, callee Sys_Init (score 1.00)",0x0043ad9d,same,0x0042f586
0x004396ca,_rand,crt,v1.70 export name (library),high,same library/thunk name '_rand' (Ghidra function ID),0x0043adaa,same,0x0042f593
0x004396ec,_fprintf,crt,v1.70 export name (library),high,same library/thunk name '_fprintf' (Ghidra function ID),0x0043adcc,same,0x0042f05b
0x00439831,FUN_0043af11,crt,counterpart of the unnamed as2 function FUN_0043af11,medium,"identical shape, callee _fprintf (score 1.00)",0x0043af11,same,0x0042f1a0
0x00439840,_strncat,crt,v1.70 export name (library),high,same library/thunk name '_strncat' (Ghidra function ID),0x0043af20,same,0x0042e9b0
0x00439975,_printf,crt,v1.70 export name (library),high,same library/thunk name '_printf' (Ghidra function ID),0x0043b055,same,0x0042f1aa
0x00439a11,FUN_0043b0f1,crt,counterpart of the unnamed as2 function FUN_0043b0f1,medium,"identical shape, callee _printf (score 1.00)",0x0043b0f1,same,0x0042f246
0x00439a24,__get_printf_count_output,crt,v1.70 export name (library),high,same library/thunk name '__get_printf_count_output' (Ghidra function ID),0x0043b104,same,0x0042f259
0x00439a3a,__ftell_nolock,crt,v1.70 export name (library),high,same library/thunk name '__ftell_nolock' (Ghidra function ID),0x0043b11a,same,0x0042f26f
0x00439bd2,_ftell,crt,v1.70 export name (library),high,same library/thunk name '_ftell' (Ghidra function ID),0x0043b2b2,same,0x0042f407
0x00439c36,FUN_0043b316,crt,counterpart of the unnamed as2 function FUN_0043b316,medium,"identical shape, callee _ftell (score 1.00)",0x0043b316,same,0x0042f46b
0x00439c40,FUN_0043b320,crt,counterpart of the unnamed as2 function FUN_0043b320,high,"identical normalised instruction shape (156 insns, unique in both)",0x0043b320,same,0x0042eaf0
0x00439d5d,_free_43b43d,crt,v1.70 export name (library),medium,"identical shape, callee Settings_Load (score 1.00)",0x0043b43d,same,0x0042f581
0x00439d62,_copysign,crt,copy sign (v1.70 alias: __copysign),high,same library/thunk name '__copysign' (Ghidra function ID),0x0043b442,same,
0x00439d88,FUN_0043b468,crt,C runtime (unnamed),medium,"same position between matched neighbours, identical shape (7 insns)",0x0043b468,same,
0x00439d9d,__fpclass,crt,v1.70 export name (library),high,same library/thunk name '__fpclass' (Ghidra function ID),0x0043b47d,same,0x0044406b
0x00439e31,_fast_error_exit,crt,v1.70 export name (library),high,same library/thunk name '_fast_error_exit' (Ghidra function ID),0x0043b511,same,0x0042f5e4
0x00439e55,_check_managed_app,crt,v1.70 export name (library),high,same library/thunk name '_check_managed_app' (Ghidra function ID),0x0043b535,same,0x0042f608
0x00439e96,___tmainCRTStartup,crt,v1.70 export name (library),high,only caller of import GetCommandLineA,0x0043b576,same,0x0042f649
0x0043a076,entry,crt,v1.70 export name (library),high,same library/thunk name 'entry' (Ghidra function ID),0x0043b756,same,0x0042f829
0x0043a080,_strlen,crt,v1.70 export name (library),high,same library/thunk name '_strlen' (Ghidra function ID),0x0043b760,same,0x0042fb20
0x0043a10b,__CxxThrowException@8,crt,v1.70 export name (library),high,same library/thunk name '__CxxThrowException@8' (Ghidra function ID),0x0043b7eb,same,0x0042fbab
0x0043a155,_JumpToContinuation,crt,v1.70 export name (library),high,same library/thunk name '_JumpToContinuation' (Ghidra function ID),0x0043b835,same,0x0042fbf5
0x0043a185,FID_conflict:_CallMemberFunction1,crt,v1.70 export name,medium,"identical shape, callee ___DestructExceptionObject (score 1.00)",0x0043b865,same,0x0042fc25
0x0043a18c,_UnwindNestedFrames,crt,v1.70 export name (library),high,same library/thunk name '_UnwindNestedFrames' (Ghidra function ID),0x0043b86c,same,0x0042fc2c
0x0043a1de,FID_conflict:___CxxFrameHandler3,crt,v1.70 export name,high,"identical normalised instruction shape (27 insns, unique in both)",0x0043b8be,same,0x0042fc7e
0x0043a244,_CallSETranslator,crt,v1.70 export name (library),high,same library/thunk name '_CallSETranslator' (Ghidra function ID),0x0043b924,same,0x0042fce4
0x0043a319,TranslatorGuardHandler,crt,v1.70 export name,high,"identical normalised instruction shape (56 insns, unique in both)",0x0043b9f9,same,0x0042fdb9
0x0043a3b6,_GetRangeOfTrysToCheck,crt,v1.70 export name (library),high,same library/thunk name '_GetRangeOfTrysToCheck' (Ghidra function ID),0x0043ba96,same,0x0042fe56
0x0043a429,__CreateFrameInfo,crt,v1.70 export name (library),high,same library/thunk name '__CreateFrameInfo' (Ghidra function ID),0x0043bb09,same,0x0042fec9
0x0043a451,__IsExceptionObjectToBeDestroyed,crt,v1.70 export name (library),high,same library/thunk name '__IsExceptionObjectToBeDestroyed' (Ghidra function ID),0x0043bb31,same,0x0042fef1
0x0043a472,__FindAndUnlinkFrame,crt,v1.70 export name (library),high,same library/thunk name '__FindAndUnlinkFrame' (Ghidra function ID),0x0043bb52,same,0x0042ff12
0x0043a4be,_CallCatchBlock2,crt,v1.70 export name (library),high,same library/thunk name '_CallCatchBlock2' (Ghidra function ID),0x0043bb9e,same,0x0042ff5e
0x0043a51c,__EH_prolog3,crt,v1.70 export name (library),high,same library/thunk name '__EH_prolog3' (Ghidra function ID),0x0043bbfc,same,0x0042ffbc
0x0043a54f,__EH_prolog3_catch,crt,v1.70 export name (library),high,same library/thunk name '__EH_prolog3_catch' (Ghidra function ID),0x0043bc2f,same,0x0042ffef
0x0043a585,__isalpha_l,crt,v1.70 export name (library),high,same library/thunk name '__isalpha_l' (Ghidra function ID),0x0043bc65,same,0x0042f833
0x0043a5d9,_isalpha,crt,v1.70 export name (library),high,same library/thunk name '_isalpha' (Ghidra function ID),0x0043bcb9,same,0x0042f887
0x0043a604,__isdigit_l,crt,v1.70 export name (library),high,same library/thunk name '__isdigit_l' (Ghidra function ID),0x0043bce4,same,0x0042f8b2
0x0043a653,_isdigit,crt,v1.70 export name (library),high,same library/thunk name '_isdigit' (Ghidra function ID),0x0043bd33,same,0x0042f901
0x0043a67c,__isxdigit_l,crt,v1.70 export name (library),high,same library/thunk name '__isxdigit_l' (Ghidra function ID),0x0043bd5c,same,0x0042f92a
0x0043a6fb,__isspace_l,crt,v1.70 export name (library),high,same library/thunk name '__isspace_l' (Ghidra function ID),0x0043bddb,same,0x0042f9a9
0x0043a74a,_isspace,crt,C runtime / compiler support (name from Ghidra function ID),high,same library/thunk name '_isspace' (Ghidra function ID),0x0043be2a,same,
0x0043a773,__ispunct_l,crt,v1.70 export name (library),high,same library/thunk name '__ispunct_l' (Ghidra function ID),0x0043be53,same,0x0042fa21
0x0043a7c2,_ispunct,crt,v1.70 export name (library),high,same library/thunk name '_ispunct' (Ghidra function ID),0x0043bea2,same,0x0042fa70
0x0043a7eb,__isalnum_l,crt,v1.70 export name (library),high,same library/thunk name '__isalnum_l' (Ghidra function ID),0x0043becb,same,0x0042fa99
0x0043a83f,_isalnum,crt,v1.70 export name (library),high,same library/thunk name '_isalnum' (Ghidra function ID),0x0043bf1f,same,0x0042faed
0x0043a86a,___report_gsfailure,crt,v1.70 export name (library),high,same library/thunk name '___report_gsfailure' (Ghidra function ID),0x0043bf4a,same,0x00430025
0x0043a96e,__get_errno_from_oserr,crt,v1.70 export name (library),high,same library/thunk name '__get_errno_from_oserr' (Ghidra function ID),0x0043c04e,same,0x0043066c
0x0043a9a9,__errno,crt,v1.70 export name (library),high,same library/thunk name '__errno' (Ghidra function ID),0x0043c089,same,0x004306a7
0x0043a9bc,___doserrno,crt,v1.70 export name (library),high,same library/thunk name '___doserrno' (Ghidra function ID),0x0043c09c,same,0x004306ba
0x0043a9cf,__dosmaperr,crt,v1.70 export name (library),high,same library/thunk name '__dosmaperr' (Ghidra function ID),0x0043c0af,same,0x004306cd
0x0043a9ed,__flsbuf,crt,v1.70 export name (library),high,same library/thunk name '__flsbuf' (Ghidra function ID),0x0043c0cd,same,0x00431285
0x0043ab4d,_write_char,crt,v1.70 export name (library),high,same library/thunk name '_write_char' (Ghidra function ID),0x0043c22d,same,0x00433710
0x0043ab80,_write_multi_char,crt,v1.70 export name (library),high,same library/thunk name '_write_multi_char' (Ghidra function ID),0x0043c260,same,0x00433743
0x0043aba4,_write_string,crt,v1.70 export name (library),high,same library/thunk name '_write_string' (Ghidra function ID),0x0043c284,same,0x00433767
0x0043abee,__output_l,crt,v1.70 export name (library),high,unique string '(null)' (1 shared),0x0043c2ce,same,0x004337b1
0x0043b586,_strcpy_s,crt,v1.70 export name (library),high,same library/thunk name '_strcpy_s' (Ghidra function ID),0x0043cc66,same,0x00435ae4
0x0043c2c7,strtoxl,crt,v1.70 export name (library),high,same library/thunk name 'strtoxl' (Ghidra function ID),0x0043d9a7,same,0x004350a9
0x0043c4f2,_strtol,crt,v1.70 export name (library),high,same library/thunk name '_strtol' (Ghidra function ID),0x0043dbd2,same,0x004352d4
0x0043c51b,__encode_pointer,crt,v1.70 export name (library),high,same library/thunk name '__encode_pointer' (Ghidra function ID),0x0043dbfb,same,0x00432ce3
0x0043c57e,__encoded_null,crt,v1.70 export name (library),high,same library/thunk name '__encoded_null' (Ghidra function ID),0x0043dc5e,same,0x00432d46
0x0043c587,__decode_pointer,crt,v1.70 export name (library),high,same library/thunk name '__decode_pointer' (Ghidra function ID),0x0043dc67,same,0x00432d4f
0x0043c5f3,___set_flsgetvalue,crt,v1.70 export name (library),high,only caller of import TlsSetValue,0x0043dcd3,same,0x00432dbb
0x0043c61d,__mtterm,crt,v1.70 export name (library),high,only caller of import TlsFree,0x0043dcfd,same,0x00432de5
0x0043c65a,__initptd,crt,v1.70 export name (library),high,same library/thunk name '__initptd' (Ghidra function ID),0x0043dd3a,same,0x00432e22
0x0043c705,FUN_0043dde5,crt,counterpart of the unnamed as2 function FUN_0043dde5,medium,"identical shape, callee __initptd (score 1.00)",0x0043dde5,same,0x00432ecd
0x0043c70e,__getptd_noexit,crt,v1.70 export name (library),high,only caller of import SetLastError,0x0043ddee,same,0x00432ed6
0x0043c791,__getptd,crt,v1.70 export name (library),high,same library/thunk name '__getptd' (Ghidra function ID),0x0043de71,same,0x00432f59
0x0043c8b5,FUN_0043df95,crt,C runtime (unnamed),medium,"same position between matched neighbours, identical shape (4 insns)",0x0043df95,same,
0x0043c8c1,FUN_0043dfa1,crt,C runtime (unnamed),medium,"same position between matched neighbours, identical shape (4 insns)",0x0043dfa1,same,
0x0043c8ca,__mtinit,crt,v1.70 export name (library),high,unique string 'FlsFree' (4 shared),0x0043dfaa,same,0x00433092
0x0043ca4e,__malloc_crt,crt,v1.70 export name (library),high,same library/thunk name '__malloc_crt' (Ghidra function ID),0x0043e12e,same,0x00435b49
0x0043ca8e,__calloc_crt,crt,v1.70 export name (library),high,same library/thunk name '__calloc_crt' (Ghidra function ID),0x0043e16e,same,0x00435b89
0x0043cad6,__realloc_crt,crt,v1.70 export name (library),high,same library/thunk name '__realloc_crt' (Ghidra function ID),0x0043e1b6,same,0x00435bd1
0x0043cb21,__recalloc_crt,crt,v1.70 export name (library),high,same library/thunk name '__recalloc_crt' (Ghidra function ID),0x0043e201,same,0x00435c1c
0x0043cb71,__msize,crt,v1.70 export name (library),high,only caller of import HeapSize,0x0043e251,same,0x00435c6c
0x0043cc0b,FUN_0043e2eb,crt,counterpart of the unnamed as2 function FUN_0043e2eb,medium,"identical shape, callee __msize (score 1.00)",0x0043e2eb,same,0x00435d06
0x0043cc14,__SEH_prolog4,crt,v1.70 export name (library),high,same library/thunk name '__SEH_prolog4' (Ghidra function ID),0x0043e2f4,same,0x004306ec
0x0043cc59,__SEH_epilog4,crt,v1.70 export name (library),high,same library/thunk name '__SEH_epilog4' (Ghidra function ID),0x0043e339,same,0x00430731
0x0043cc70,__except_handler4,crt,v1.70 export name (library),high,same library/thunk name '__except_handler4' (Ghidra function ID),0x0043e350,same,0x00430750
0x0043ce06,FUN_0043e4e6,crt,counterpart of the unnamed as2 function FUN_0043e4e6,medium,"identical shape, callee __invoke_watson (score 1.00)",0x0043e4e6,same,0x00435d0f
0x0043ce10,_memset,crt,v1.70 export name (library),high,same library/thunk name '_memset' (Ghidra function ID),0x0043e4f0,same,0x00430a40
0x0043ce90,_memcpy,crt,v1.70 export name (library),high,same library/thunk name '_memcpy' (Ghidra function ID),0x0043e570,same,0x00431c10
0x0043d1f5,CPtoLCID,crt,v1.70 export name,high,"identical normalised instruction shape (18 insns, unique in both)",0x0043e8d5,same,0x0043234e
0x0043d224,setSBCS,crt,v1.70 export name (library),high,same library/thunk name 'setSBCS' (Ghidra function ID),0x0043e904,same,0x0043237d
0x0043d279,setSBUpLow,crt,v1.70 export name (library),high,same library/thunk name 'setSBUpLow' (Ghidra function ID),0x0043e959,same,0x004323d2
0x0043d403,___updatetmbcinfo,crt,v1.70 export name (library),high,same library/thunk name '___updatetmbcinfo' (Ghidra function ID),0x0043eae3,same,0x0043255c
0x0043d49e,FUN_0043eb7e,crt,counterpart of the unnamed as2 function FUN_0043eb7e,medium,"identical shape, callee ___updatetmbcinfo (score 1.00)",0x0043eb7e,same,0x004325f7
0x0043d4a7,getSystemCP,crt,v1.70 export name (library),high,only caller of import GetACP,0x0043eb87,same,0x00432600
0x0043d521,__setmbcp_nolock,crt,v1.70 export name (library),high,same library/thunk name '__setmbcp_nolock' (Ghidra function ID),0x0043ec01,same,0x0043267a
0x0043d6cc,__setmbcp,crt,v1.70 export name (library),high,same library/thunk name '__setmbcp' (Ghidra function ID),0x0043edac,same,0x00432825
0x0043d82d,FUN_0043ef0d,crt,counterpart of the unnamed as2 function FUN_0043ef0d,medium,"identical shape, callee __setmbcp (score 1.00)",0x0043ef0d,same,0x00432986
0x0043d866,___initmbctable,crt,v1.70 export name (library),high,same library/thunk name '___initmbctable' (Ghidra function ID),0x0043ef46,same,0x004329bf
0x0043d884,___freetlocinfo,crt,v1.70 export name (library),high,same library/thunk name '___freetlocinfo' (Ghidra function ID),0x0043ef64,same,0x004329dd
0x0043d9c4,___addlocaleref,crt,v1.70 export name (library),high,same library/thunk name '___addlocaleref' (Ghidra function ID),0x0043f0a4,same,0x00432b1d
0x0043da4a,___removelocaleref,crt,v1.70 export name (library),high,same library/thunk name '___removelocaleref' (Ghidra function ID),0x0043f12a,same,0x00432ba3
0x0043dad6,__updatetlocinfoEx_nolock,crt,v1.70 export name (library),high,same library/thunk name '__updatetlocinfoEx_nolock' (Ghidra function ID),0x0043f1b6,same,0x00432c2f
0x0043db14,___updatetlocinfo,crt,v1.70 export name (library),high,same library/thunk name '___updatetlocinfo' (Ghidra function ID),0x0043f1f4,same,0x00432c6d
0x0043db7e,FUN_0043f25e,crt,counterpart of the unnamed as2 function FUN_0043f25e,medium,"identical shape, callee ___updatetlocinfo (score 1.00)",0x0043f25e,same,0x00432cd7
0x0043db8a,__fltin2,crt,v1.70 export name (library),high,same library/thunk name '__fltin2' (Ghidra function ID),0x0043f26a,same,0x004352fd
0x0043dc2f,__isctype_l,crt,v1.70 export name (library),high,same library/thunk name '__isctype_l' (Ghidra function ID),0x0043f30f,same,0x0043365a
0x0043dce5,__cfltcvt_init,crt,v1.70 export name (library),high,same library/thunk name '__cfltcvt_init' (Ghidra function ID),0x0043f3c6,same,0x004353a2
0x0043dd45,__fpmath,crt,v1.70 export name (library),high,same library/thunk name '__fpmath' (Ghidra function ID),0x0043f426,same,0x00435402
0x0043dd63,___strgtold12_l,crt,v1.70 export name (library),high,same library/thunk name '___strgtold12_l' (Ghidra function ID),0x0043f444,same,0x00435420
0x0043e427,_Type_info_dtor,crt,v1.70 export name (library),high,same library/thunk name '_Type_info_dtor' (Ghidra function ID),0x0043fb08,same,0x00435e32
0x0043e48e,FUN_0043fb6f,crt,counterpart of the unnamed as2 function FUN_0043fb6f,medium,"identical shape, callee _Type_info_dtor (score 1.00)",0x0043fb6f,same,0x00435e99
0x0043e4a0,_strcmp,crt,v1.70 export name (library),high,same library/thunk name '_strcmp' (Ghidra function ID),0x0043fb80,same,0x00435eb0
0x0043e528,__NMSG_WRITE,crt,v1.70 export name (library),high,"unique string 'R6008 - not enough space for arguments' (4 shared)",0x0043fc08,same,0x00434ea4
0x0043e6c8,__FF_MSGBANNER,crt,v1.70 export name (library),high,same library/thunk name '__FF_MSGBANNER' (Ghidra function ID),0x0043fda8,same,0x00435044
0x0043e701,__mtinitlocks,crt,v1.70 export name (library),high,same library/thunk name '__mtinitlocks' (Ghidra function ID),0x0043fde1,same,0x004341fe
0x0043e74a,__mtdeletelocks,crt,v1.70 export name (library),high,same library/thunk name '__mtdeletelocks' (Ghidra function ID),0x0043fe2a,same,0x00434247
0x0043e79f,FUN_0043fe7f,crt,counterpart of the unnamed as2 function FUN_0043fe7f,medium,"identical shape, callee _doexit (score 1.00)",0x0043fe7f,same,0x0043429c
0x0043e7b4,__mtinitlocknum,crt,v1.70 export name (library),high,same library/thunk name '__mtinitlocknum' (Ghidra function ID),0x0043fe94,same,0x004342b1
0x0043e86e,FUN_0043ff4e,crt,counterpart of the unnamed as2 function FUN_0043ff4e,medium,"identical shape, callee __mtinitlocknum (score 1.00)",0x0043ff4e,same,0x0043436b
0x0043e877,__lock,crt,v1.70 export name (library),high,same library/thunk name '__lock' (Ghidra function ID),0x0043ff57,same,0x00434374
0x0043e8a8,__RTC_Initialize,crt,v1.70 export name (library),high,same library/thunk name '__RTC_Initialize' (Ghidra function ID),0x0043ff88,same,0x004362b9
0x0043e8f0,__initp_misc_cfltcvt_tab,crt,v1.70 export name (library),high,same library/thunk name '__initp_misc_cfltcvt_tab' (Ghidra function ID),0x0043ffd0,same,0x00436301
0x0043e910,__ValidateImageBase,crt,v1.70 export name (library),high,same library/thunk name '__ValidateImageBase' (Ghidra function ID),0x0043fff0,same,0x00436320
0x0043e940,__FindPESection,crt,v1.70 export name (library),high,same library/thunk name '__FindPESection' (Ghidra function ID),0x00440020,same,0x00436350
0x0043e982,__IsNonwritableInCurrentImage,crt,v1.70 export name (library),high,same library/thunk name '__IsNonwritableInCurrentImage' (Ghidra function ID),0x00440062,same,0x00436392
0x0043e9ee,terminate,crt,v1.70 export name (library),high,same library/thunk name 'terminate' (Ghidra function ID),0x004400ce,same,0x004363fe
0x0043ea27,unexpected,crt,v1.70 export name (library),high,same library/thunk name 'unexpected' (Ghidra function ID),0x00440107,same,0x00436437
0x0043ea3a,_inconsistency,crt,v1.70 export name (library),high,same library/thunk name '_inconsistency' (Ghidra function ID),0x0044011a,same,0x0043644a
0x0043ea71,__initp_eh_hooks,crt,v1.70 export name (library),high,same library/thunk name '__initp_eh_hooks' (Ghidra function ID),0x00440151,same,0x00436481
0x0043ea82,__XcptFilter,crt,v1.70 export name (library),high,same library/thunk name '__XcptFilter' (Ghidra function ID),0x00440162,same,0x00436493
0x0043ebf1,__initp_misc_winsig,crt,v1.70 export name (library),high,same library/thunk name '__initp_misc_winsig' (Ghidra function ID),0x004402d1,same,0x00436602
0x0043ec0a,_siglookup,crt,v1.70 export name (library),high,same library/thunk name '_siglookup' (Ghidra function ID),0x004402ea,same,0x0043661b
0x0043ec3e,___get_sigabrt,crt,v1.70 export name (library),high,same library/thunk name '___get_sigabrt' (Ghidra function ID),0x0044031e,same,0x0043664f
0x0043ec4b,_raise,crt,v1.70 export name (library),high,same library/thunk name '_raise' (Ghidra function ID),0x0044032b,same,0x0043665c
0x0043edbf,FUN_0044049f,crt,counterpart of the unnamed as2 function FUN_0044049f,medium,"identical shape, callee _raise (score 1.00)",0x0044049f,same,0x004367d0
0x0043edfb,FUN_004404db,crt,counterpart of the unnamed as2 function FUN_004404db,medium,"identical shape, callee __init_pointers (score 1.00)",0x004404db,same,0x0043680c
0x0043ee05,FUN_004404e5,crt,counterpart of the unnamed as2 function FUN_004404e5,medium,"identical shape, callee __init_pointers (score 1.00)",0x004404e5,same,0x00435e28
0x0043ee0f,FUN_004404ef,crt,counterpart of the unnamed as2 function FUN_004404ef,medium,"identical shape, callee __init_pointers (score 1.00)",0x004404ef,same,0x00436816
0x0043ee19,___crtInitCritSecNoSpinCount@8,crt,v1.70 export name (library),high,only caller of import InitializeCriticalSection,0x004404f9,same,0x00436820
0x0043ee29,___crtInitCritSecAndSpinCount,crt,v1.70 export name (library),high,unique string 'InitializeCriticalSectionAndSpinCount' (2 shared),0x00440509,same,0x00436830
0x0043eeee,FUN_004405ce,crt,counterpart of the unnamed as2 function FUN_004405ce,medium,"identical shape, callee __init_pointers (score 1.00)",0x004405ce,same,0x0043507d
0x0043eef8,__callnewh,crt,v1.70 export name (library),high,same library/thunk name '__callnewh' (Ghidra function ID),0x004405d8,same,0x00435087
0x0043ef1a,___heap_select,crt,v1.70 export name (library),high,same library/thunk name '___heap_select' (Ghidra function ID),0x004405fa,same,0x00434149
0x0043ef75,__heap_init,crt,v1.70 export name (library),high,only caller of import HeapDestroy,0x00440655,same,0x004341a4
0x0043efcf,___sbh_heap_init,crt,v1.70 export name (library),high,same library/thunk name '___sbh_heap_init' (Ghidra function ID),0x004406af,same,0x004343a5
0x0043f017,thunk_FUN_00434411,crt,v1.70 export name (library),medium,"identical shape, callee __msize (score 1.00)",0x004406f7,same,0x004343ed
0x0043f03b,FUN_0044071b,crt,counterpart of the unnamed as2 function FUN_0044071b,low,"identical shape, global shape search (score 1.00)",0x0044071b,same,0x00434411
0x0043f042,___sbh_free_block,crt,v1.70 export name (library),high,same library/thunk name '___sbh_free_block' (Ghidra function ID),0x00440722,same,0x00434418
0x0043f356,___sbh_alloc_new_region,crt,v1.70 export name (library),high,same library/thunk name '___sbh_alloc_new_region' (Ghidra function ID),0x00440a36,same,0x0043472c
0x0043f406,___sbh_alloc_new_group,crt,v1.70 export name (library),high,same library/thunk name '___sbh_alloc_new_group' (Ghidra function ID),0x00440ae6,same,0x004347dc
0x0043f50c,___sbh_resize_block,crt,v1.70 export name (library),high,same library/thunk name '___sbh_resize_block' (Ghidra function ID),0x00440bec,same,0x004348e2
0x0043f7eb,___sbh_alloc_block,crt,v1.70 export name (library),high,same library/thunk name '___sbh_alloc_block' (Ghidra function ID),0x00440ecb,same,0x00434bc1
0x0043fae0,FUN_004411c0,crt,counterpart of the unnamed as2 function FUN_004411c0,high,"identical normalised instruction shape (86 insns, unique in both)",0x004411c0,same,0x00432290
0x0043fb9e,FUN_0044127e,crt,counterpart of the unnamed as2 function FUN_0044127e,medium,"identical shape, callee _printf (score 1.00)",0x0044127e,same,0x00430129
0x0043fc75,__lock_file,crt,v1.70 export name (library),high,same library/thunk name '__lock_file' (Ghidra function ID),0x00441355,same,0x00430200
0x0043fca4,__lock_file2,crt,v1.70 export name (library),high,same library/thunk name '__lock_file2' (Ghidra function ID),0x00441384,same,0x0043022f
0x0043fcc7,__unlock_file,crt,v1.70 export name (library),high,same library/thunk name '__unlock_file' (Ghidra function ID),0x004413a7,same,0x00430252
0x0043fcf6,__unlock_file2,crt,v1.70 export name (library),high,same library/thunk name '__unlock_file2' (Ghidra function ID),0x004413d6,same,0x00430281
0x0043fd19,__openfile,crt,v1.70 export name (library),high,unique string 'UTF-8' (3 shared),0x004413f9,same,0x004302a4
0x0043ffbb,__getstream,crt,v1.70 export name (library),high,same library/thunk name '__getstream' (Ghidra function ID),0x0044169b,same,0x00430546
0x004400d8,FUN_004417b8,crt,counterpart of the unnamed as2 function FUN_004417b8,medium,"identical shape, callee __getstream (score 1.00)",0x004417b8,same,0x00430663
0x004400e4,__local_unwind4,crt,v1.70 export name (library),high,same library/thunk name '__local_unwind4' (Ghidra function ID),0x004417c4,same,0x004308e8
0x004401ba,FUN_0044189a,crt,counterpart of the unnamed as2 function FUN_0044189a,high,"identical normalised instruction shape (10 insns, unique in both)",0x0044189a,same,0x004309be
0x004401d6,@_EH4_CallFilterFunc@8,crt,v1.70 export name (library),high,"identical normalised instruction shape (16 insns, unique in both)",0x004418b6,same,0x004309da
0x004401ed,@_EH4_TransferToHandler@8,crt,v1.70 export name (library),high,"identical normalised instruction shape (11 insns, unique in both)",0x004418cd,same,0x004309f1
0x00440206,@_EH4_GlobalUnwind@4,crt,v1.70 export name (library),high,"identical normalised instruction shape (15 insns, unique in both)",0x004418e6,same,0x00430a0a
0x00440220,@_EH4_LocalUnwind@16,crt,v1.70 export name (library),medium,"identical shape, callee __except_handler4 (score 1.00)",0x00441900,same,0x00430a24
0x00440237,__filbuf,crt,v1.70 export name (library),high,same library/thunk name '__filbuf' (Ghidra function ID),0x00441917,same,0x00430aba
0x00440357,__read_nolock,crt,v1.70 export name (library),high,only caller of import ReadFile,0x00441a37,same,0x00430bda
0x004408f9,__read,crt,v1.70 export name (library),high,same library/thunk name '__read' (Ghidra function ID),0x00441fd9,same,0x0043117c
0x004409cb,FUN_004420ab,crt,counterpart of the unnamed as2 function FUN_004420ab,medium,"identical shape, callee __read (score 1.00)",0x004420ab,same,0x0043124e
0x004409d5,__fileno,crt,v1.70 export name (library),high,same library/thunk name '__fileno' (Ghidra function ID),0x004420b5,same,0x00431258
0x00440a02,__lseek_nolock,crt,v1.70 export name (library),high,same library/thunk name '__lseek_nolock' (Ghidra function ID),0x004420e2,same,0x004378d6
0x00440a74,__lseek,crt,v1.70 export name (library),high,same library/thunk name '__lseek' (Ghidra function ID),0x00442154,same,0x00437948
0x00440b46,FUN_00442226,crt,counterpart of the unnamed as2 function FUN_00442226,medium,"identical shape, callee __lseek (score 1.00)",0x00442226,same,0x00437a1a
0x00440b50,__flush,crt,v1.70 export name (library),high,same library/thunk name '__flush' (Ghidra function ID),0x00442230,same,0x00431a87
0x00440bb2,__fflush_nolock,crt,v1.70 export name (library),high,same library/thunk name '__fflush_nolock' (Ghidra function ID),0x00442292,same,0x00431ae9
0x00440bf4,_flsall,crt,v1.70 export name (library),high,same library/thunk name '_flsall' (Ghidra function ID),0x004422d4,same,0x00431b2b
0x00440c96,FUN_00442376,crt,counterpart of the unnamed as2 function FUN_00442376,medium,"identical shape, callee _flsall (score 1.00)",0x00442376,same,0x00431bcd
0x00440cc5,FUN_004423a5,crt,counterpart of the unnamed as2 function FUN_004423a5,medium,"identical shape, callee _flsall (score 1.00)",0x004423a5,same,0x00431bfc
0x00440cd7,__close_nolock,crt,v1.70 export name (library),high,same library/thunk name '__close_nolock' (Ghidra function ID),0x004423b7,same,0x00431f75
0x00440d6b,__close,crt,v1.70 export name (library),high,same library/thunk name '__close' (Ghidra function ID),0x0044244b,same,0x00432009
0x00440e2e,FUN_0044250e,crt,counterpart of the unnamed as2 function FUN_0044250e,medium,"identical shape, callee __close (score 1.00)",0x0044250e,same,0x004320cc
0x00440e38,__freebuf,crt,v1.70 export name (library),high,same library/thunk name '__freebuf' (Ghidra function ID),0x00442518,same,0x004320d6
0x00440e64,__write_nolock,crt,v1.70 export name (library),high,only caller of import GetConsoleMode,0x00442544,same,0x004313e5
0x0044142a,__write,crt,v1.70 export name (library),high,same library/thunk name '__write' (Ghidra function ID),0x00442b0a,same,0x004319ab
0x004414fc,FUN_00442bdc,crt,counterpart of the unnamed as2 function FUN_00442bdc,medium,"identical shape, callee __write (score 1.00)",0x00442bdc,same,0x00431a7d
0x00441506,_fastcopy_I,crt,v1.70 export name (library),high,same library/thunk name '_fastcopy_I' (Ghidra function ID),0x00442be6,same,0x00432102
0x0044158d,__VEC_memcpy,crt,v1.70 export name (library),high,same library/thunk name '__VEC_memcpy' (Ghidra function ID),0x00442c6d,same,0x00432189
0x00441684,__freea,crt,v1.70 export name (library),high,same library/thunk name '__freea' (Ghidra function ID),0x00442d64,same,0x00433216
0x0044169f,__crtLCMapStringA_stat,crt,v1.70 export name (library),high,only caller of import LCMapStringA,0x00442d7f,same,0x00433231
0x00441a41,___crtLCMapStringA,crt,v1.70 export name (library),high,same library/thunk name '___crtLCMapStringA' (Ghidra function ID),0x00443121,same,0x004335d3
0x00441a84,__isleadbyte_l,crt,v1.70 export name (library),high,same library/thunk name '__isleadbyte_l' (Ghidra function ID),0x00443164,same,0x00433616
0x00441aba,_isleadbyte,crt,v1.70 export name (library),high,same library/thunk name '_isleadbyte' (Ghidra function ID),0x0044319a,same,0x0043364c
0x00441ac8,_abort,crt,v1.70 export name (library),high,same library/thunk name '_abort' (Ghidra function ID),0x004431a8,same,0x00435d17
0x00441bbb,__set_abort_behavior,crt,v1.70 export name (library),high,same library/thunk name '__set_abort_behavior' (Ghidra function ID),0x0044329b,same,0x00435e0a
0x00441bd9,__stbuf,crt,v1.70 export name (library),high,same library/thunk name '__stbuf' (Ghidra function ID),0x004432b9,same,0x004375d1
0x00441c6f,__ftbuf,crt,v1.70 export name (library),high,same library/thunk name '__ftbuf' (Ghidra function ID),0x0044334f,same,0x00437667
0x00441c9e,__ioinit,crt,v1.70 export name (library),high,only caller of import SetHandleCount,0x0044337e,same,0x00437696
0x00441ede,___libm_error_support,crt,v1.70 export name (library),high,unique string 'exp10' (3 shared),0x004435be,same,0x00435f38
0x0044225f,__set_exp,crt,v1.70 export name (library),high,same library/thunk name '__set_exp' (Ghidra function ID),0x0044393f,same,0x0043d39f
0x00442289,__sptype,crt,v1.70 export name (library),high,same library/thunk name '__sptype' (Ghidra function ID),0x00443969,same,0x0043d3c9
0x004422e4,FUN_004439c4,crt,counterpart of the unnamed as2 function FUN_004439c4,high,"identical normalised instruction shape (62 insns, unique in both)",0x004439c4,same,0x0043d424
0x00442393,__raise_exc_ex,crt,v1.70 export name (library),high,same library/thunk name '__raise_exc_ex' (Ghidra function ID),0x00443a73,same,0x0043ccb2
0x0044266d,__raise_exc,crt,v1.70 export name (library),high,same library/thunk name '__raise_exc' (Ghidra function ID),0x00443d4d,same,0x0043cf8c
0x0044268e,__handle_exc,crt,v1.70 export name (library),high,same library/thunk name '__handle_exc' (Ghidra function ID),0x00443d6e,same,0x0043cfad
0x0044286f,__set_errno_from_matherr,crt,v1.70 export name (library),high,same library/thunk name '__set_errno_from_matherr' (Ghidra function ID),0x00443f4f,same,0x0043d18e
0x00442897,__errcode,crt,v1.70 export name (library),high,same library/thunk name '__errcode' (Ghidra function ID),0x00443f77,same,0x0043d1b6
0x004428c4,__umatherr,crt,v1.70 export name (library),high,same library/thunk name '__umatherr' (Ghidra function ID),0x00443fa4,same,0x0043d1e3
0x00442962,__handle_qnan1,crt,v1.70 export name (library),high,same library/thunk name '__handle_qnan1' (Ghidra function ID),0x00444042,same,0x0043d281
0x004429b5,__except1,crt,v1.70 export name (library),high,same library/thunk name '__except1' (Ghidra function ID),0x00444095,same,0x0043d2d4
0x00442a6f,__statfp,crt,v1.70 export name (library),high,same library/thunk name '__statfp' (Ghidra function ID),0x0044414f,same,0x0043d4d3
0x00442a7a,__clrfp,crt,v1.70 export name (library),high,same library/thunk name '__clrfp' (Ghidra function ID),0x0044415a,same,0x0043d4de
0x00442a86,__ctrlfp,crt,v1.70 export name (library),high,same library/thunk name '__ctrlfp' (Ghidra function ID),0x00444166,same,0x0043d4ea
0x00442aad,FUN_0044418d,crt,counterpart of the unnamed as2 function FUN_0044418d,high,"identical normalised instruction shape (35 insns, unique in both)",0x0044418d,same,0x0043d511
0x00442b03,___set_fpsr_sse2,crt,v1.70 export name (library),high,same library/thunk name '___set_fpsr_sse2' (Ghidra function ID),0x004441e3,same,0x0043d567
0x00442b75,__wincmdln,crt,v1.70 export name (library),high,same library/thunk name '__wincmdln' (Ghidra function ID),0x00444255,same,0x00437a24
0x00442bd2,__setenvp,crt,v1.70 export name (library),high,same library/thunk name '__setenvp' (Ghidra function ID),0x004442b2,same,0x00437a81
0x00442cad,_parse_cmdline,crt,v1.70 export name (library),high,same library/thunk name '_parse_cmdline' (Ghidra function ID),0x0044438d,same,0x00437b5c
0x00442e45,__setargv,crt,v1.70 export name (library),high,same library/thunk name '__setargv' (Ghidra function ID),0x00444525,same,0x00437cf4
0x00442efe,___crtGetEnvironmentStringsA,crt,v1.70 export name (library),high,same library/thunk name '___crtGetEnvironmentStringsA' (Ghidra function ID),0x004445de,same,0x00437dad
0x00443033,___security_init_cookie,crt,v1.70 export name (library),high,only caller of import GetTickCount,0x00444713,same,0x00437ee2
0x004430c7,__CxxUnhandledExceptionFilter,crt,v1.70 export name (library),high,same library/thunk name '__CxxUnhandledExceptionFilter' (Ghidra function ID),0x004447a7,same,0x00437f76
0x00443183,FUN_00444863,crt,C runtime (unnamed),medium,"same position between matched neighbours, identical shape (12 insns)",0x00444863,same,
0x004431a5,___TypeMatch,crt,v1.70 export name (library),high,same library/thunk name '___TypeMatch' (Ghidra function ID),0x00444885,same,0x00438054
0x00443245,___FrameUnwindToState,crt,v1.70 export name (library),high,same library/thunk name '___FrameUnwindToState' (Ghidra function ID),0x00444925,same,0x004380f4
0x0044330b,FUN_004449eb,crt,counterpart of the unnamed as2 function FUN_004449eb,medium,"identical shape, callee ___FrameUnwindToState (score 1.00)",0x004449eb,same,0x004381ba
0x0044336b,___DestructExceptionObject,crt,v1.70 export name (library),high,same library/thunk name '___DestructExceptionObject' (Ghidra function ID),0x00444a4b,same,0x0043821a
0x004433bf,___AdjustPointer,crt,v1.70 export name (library),high,same library/thunk name '___AdjustPointer' (Ghidra function ID),0x00444a9f,same,0x0043826e
0x004433e4,IsInExceptionSpec,crt,v1.70 export name,high,"identical normalised instruction shape (49 insns, unique in both)",0x00444ac4,same,0x00438293
0x0044345d,CallUnexpected,crt,v1.70 export name,high,"identical normalised instruction shape (11 insns, unique in both)",0x00444b3d,same,0x0043830c
0x0044348e,Catch_All@0043833d,crt,v1.70 export name (library),medium,"identical shape, caller of __CxxThrowException@8 (score 1.00)",0x00444b6e,same,0x0043833d
0x004434a6,CallCatchBlock,crt,v1.70 export name,high,"identical normalised instruction shape (49 insns, unique in both)",0x00444b86,same,0x00438355
0x004435cc,FUN_00444cac,crt,counterpart of the unnamed as2 function FUN_00444cac,high,"identical normalised instruction shape (37 insns, unique in both)",0x00444cac,same,0x0043847b
0x00443642,___BuildCatchObjectHelper,crt,v1.70 export name (library),high,same library/thunk name '___BuildCatchObjectHelper' (Ghidra function ID),0x00444d22,same,0x004384f1
0x004437c1,___BuildCatchObject,crt,v1.70 export name (library),high,same library/thunk name '___BuildCatchObject' (Ghidra function ID),0x00444ea1,same,0x00438670
0x00443852,CatchIt,crt,v1.70 export name (library),high,"identical normalised instruction shape (41 insns, unique in both)",0x00444f32,same,0x00438701
0x004438be,FindHandlerForForeignException,crt,v1.70 export name,high,"identical normalised instruction shape (86 insns, unique in both)",0x00444f9e,same,0x0043876d
0x004439b0,FindHandler,crt,v1.70 export name,high,unique string 'bad exception' (1 shared),0x00445090,same,0x0043885f
0x00443d1e,___InternalCxxFrameHandler,crt,v1.70 export name (library),high,same library/thunk name '___InternalCxxFrameHandler' (Ghidra function ID),0x004453fe,same,0x00438bcd
0x00443e10,__CallSettingFrame@12,crt,v1.70 export name (library),high,same library/thunk name '__CallSettingFrame@12' (Ghidra function ID),0x004454f0,same,0x00438cc0
0x00443e5c,__lseeki64_nolock,crt,v1.70 export name (library),high,same library/thunk name '__lseeki64_nolock' (Ghidra function ID),0x0044553c,same,0x00439ae1
0x00443edf,__lseeki64,crt,v1.70 export name (library),high,same library/thunk name '__lseeki64' (Ghidra function ID),0x004455bf,same,0x00439b64
0x00443fee,FUN_004456ce,crt,counterpart of the unnamed as2 function FUN_004456ce,medium,"identical shape, callee __lseeki64 (score 1.00)",0x004456ce,same,0x00439c73
0x00443ff8,__getbuf,crt,v1.70 export name (library),high,same library/thunk name '__getbuf' (Ghidra function ID),0x004456d8,same,0x00439a9d
0x0044403c,__isatty,crt,v1.70 export name (library),high,same library/thunk name '__isatty' (Ghidra function ID),0x0044571c,same,0x0043a04d
0x0044409a,__wctomb_s_l,crt,v1.70 export name (library),high,same library/thunk name '__wctomb_s_l' (Ghidra function ID),0x0044577a,same,0x0043ad2c
0x004441f9,_wctomb_s,crt,v1.70 export name (library),high,same library/thunk name '_wctomb_s' (Ghidra function ID),0x004458d9,same,0x0043ae8b
0x00444220,__aulldvrm,crt,v1.70 export name (library),high,same library/thunk name '__aulldvrm' (Ghidra function ID),0x00445900,same,0x0043aeb0
0x004442b5,__ungetc_nolock,crt,v1.70 export name (library),high,same library/thunk name '__ungetc_nolock' (Ghidra function ID),0x00445995,same,0x0043d5e2
0x004443d3,__mbtowc_l,crt,v1.70 export name (library),high,same library/thunk name '__mbtowc_l' (Ghidra function ID),0x00445ab3,same,0x0043a16d
0x004444e6,_mbtowc,crt,v1.70 export name (library),high,same library/thunk name '_mbtowc' (Ghidra function ID),0x00445bc6,same,0x0043a280
0x00444534,__calloc_impl,crt,v1.70 export name (library),high,same library/thunk name '__calloc_impl' (Ghidra function ID),0x00445c14,same,0x0043c8f0
0x00444630,FUN_00445d10,crt,counterpart of the unnamed as2 function FUN_00445d10,medium,"identical shape, callee __calloc_impl (score 1.00)",0x00445d10,same,0x0043c9ec
0x00444652,_calloc,crt,v1.70 export name (library),high,same library/thunk name '_calloc' (Ghidra function ID),0x00445d32,same,0x0043ca0e
0x00444691,_realloc,crt,v1.70 export name (library),high,same library/thunk name '_realloc' (Ghidra function ID),0x00445d71,same,0x0043ca4d
0x004447d5,FUN_00445eb5,crt,counterpart of the unnamed as2 function FUN_00445eb5,medium,"identical shape, callee _realloc (score 1.00)",0x00445eb5,same,0x0043cb91
0x004448ac,__recalloc,crt,v1.70 export name (library),high,same library/thunk name '__recalloc' (Ghidra function ID),0x00445f8c,same,0x0043cc68
0x004448f3,_fastzero_I,crt,v1.70 export name (library),high,same library/thunk name '_fastzero_I' (Ghidra function ID),0x00445fd3,same,0x004399b7
0x0044494a,__VEC_memzero,crt,v1.70 export name (library),high,same library/thunk name '__VEC_memzero' (Ghidra function ID),0x0044602a,same,0x00439a0e
0x004449d9,__crtGetStringTypeA_stat,crt,v1.70 export name (library),high,only caller of import GetStringTypeW,0x004460b9,same,0x0043a435
0x00444b91,___crtGetStringTypeA,crt,v1.70 export name (library),high,same library/thunk name '___crtGetStringTypeA' (Ghidra function ID),0x00446271,same,0x0043a5ed
0x00444bd1,___free_lc_time,crt,v1.70 export name (library),high,same library/thunk name '___free_lc_time' (Ghidra function ID),0x004462b1,same,0x0043a62d
0x00444d61,___free_lconv_num,crt,v1.70 export name (library),high,same library/thunk name '___free_lconv_num' (Ghidra function ID),0x00446441,same,0x0043a7bd
0x00444da1,___free_lconv_mon,crt,v1.70 export name (library),high,same library/thunk name '___free_lconv_mon' (Ghidra function ID),0x00446481,same,0x0043a7fd
0x00444e2a,_strcat_s,crt,v1.70 export name (library),high,same library/thunk name '_strcat_s' (Ghidra function ID),0x0044650a,same,0x0043a886
0x00444ea0,_strcspn,crt,v1.70 export name (library),high,same library/thunk name '_strcspn' (Ghidra function ID),0x00446580,same,0x0043a900
0x00444ee6,_strncpy_s,crt,v1.70 export name (library),high,same library/thunk name '_strncpy_s' (Ghidra function ID),0x004465c6,same,0x0043a946
0x00444f99,_strncmp,crt,v1.70 export name (library),high,same library/thunk name '_strncmp' (Ghidra function ID),0x00446679,same,0x0043a9f9
0x00445060,_strpbrk,crt,v1.70 export name (library),high,same library/thunk name '_strpbrk' (Ghidra function ID),0x00446740,same,0x0043aac0
0x004450a0,__ld12tod,crt,v1.70 export name (library),high,same library/thunk name '__ld12tod' (Ghidra function ID),0x00446780,same,0x0043b164
0x004455e2,__ld12tof,crt,v1.70 export name (library),high,same library/thunk name '__ld12tof' (Ghidra function ID),0x00446cc2,same,0x0043b6a6
0x00445b24,__forcdecpt_l,crt,v1.70 export name (library),high,same library/thunk name '__forcdecpt_l' (Ghidra function ID),0x00447204,same,0x0043bbe8
0x00445b95,__cropzeros_l,crt,v1.70 export name (library),high,same library/thunk name '__cropzeros_l' (Ghidra function ID),0x00447275,same,0x0043bc59
0x00445c2b,__fassign_l,crt,v1.70 export name (library),high,same library/thunk name '__fassign_l' (Ghidra function ID),0x0044730b,same,0x0043bcef
0x00445c82,__shift,crt,v1.70 export name (library),high,same library/thunk name '__shift' (Ghidra function ID),0x00447362,same,0x0043bd46
0x00445cbb,__cftoe2_l,crt,v1.70 export name (library),high,unique string 'e+000' (1 shared),0x0044739b,same,0x0043bd7f
0x00445e28,__cftoe_l,crt,v1.70 export name (library),high,same library/thunk name '__cftoe_l' (Ghidra function ID),0x00447508,same,0x0043beec
0x00445ef6,__cftoe,crt,v1.70 export name (library),high,same library/thunk name '__cftoe' (Ghidra function ID),0x004475d6,same,0x0043bfba
0x00445f14,__cftoa_l,crt,v1.70 export name (library),high,same library/thunk name '__cftoa_l' (Ghidra function ID),0x004475f4,same,0x0043bfd8
0x00446285,__cftof2_l,crt,v1.70 export name (library),high,same library/thunk name '__cftof2_l' (Ghidra function ID),0x00447965,same,0x0043c349
0x0044637a,__cftof_l,crt,v1.70 export name (library),high,same library/thunk name '__cftof_l' (Ghidra function ID),0x00447a5a,same,0x0043c43e
0x00446433,__cftog_l,crt,v1.70 export name (library),high,same library/thunk name '__cftog_l' (Ghidra function ID),0x00447b13,same,0x0043c4f7
0x0044652b,__cfltcvt_l,crt,v1.70 export name (library),high,same library/thunk name '__cfltcvt_l' (Ghidra function ID),0x00447c0b,same,0x0043c5ef
0x004465b1,__cfltcvt,crt,v1.70 export name (library),high,same library/thunk name '__cfltcvt' (Ghidra function ID),0x00447c91,same,0x0043c675
0x004465d2,__setdefaultprecision,crt,v1.70 export name (library),high,same library/thunk name '__setdefaultprecision' (Ghidra function ID),0x00447cb2,same,0x0043c696
0x004465fb,__ms_p5_test_fdiv,crt,v1.70 export name (library),high,same library/thunk name '__ms_p5_test_fdiv' (Ghidra function ID),0x00447cdb,same,0x0043c6bf
0x00446637,__ms_p5_mp_test_fdiv,crt,v1.70 export name (library),high,unique string 'KERNEL32' (1 shared),0x00447d17,same,0x0043c6fb
0x00446660,___mtold12,crt,v1.70 export name (library),high,same library/thunk name '___mtold12' (Ghidra function ID),0x00447d40,same,0x0043c724
0x0044682c,___crtMessageBoxA,crt,v1.70 export name (library),high,unique string 'GetProcessWindowStation' (6 shared),0x00447f0c,same,0x0043af45
0x004469ca,__set_error_mode,crt,v1.70 export name (library),high,same library/thunk name '__set_error_mode' (Ghidra function ID),0x004480aa,same,0x0043b0e3
0x00446ab8,__tsopen_nolock,crt,v1.70 export name (library),high,same library/thunk name '__tsopen_nolock' (Ghidra function ID),0x00448198,same,0x00438dab
0x004470f6,__sopen_helper,crt,v1.70 export name (library),high,same library/thunk name '__sopen_helper' (Ghidra function ID),0x004487d6,same,0x004393e9
0x00447194,FUN_00448874,crt,counterpart of the unnamed as2 function FUN_00448874,high,"identical normalised instruction shape (16 insns, unique in both)",0x00448874,same,0x00439487
0x004471c2,__sopen_s,crt,v1.70 export name (library),high,same library/thunk name '__sopen_s' (Ghidra function ID),0x004488a2,same,0x004394b5
0x004471e0,__mbsicmp_l,crt,v1.70 export name (library),high,same library/thunk name '__mbsicmp_l' (Ghidra function ID),0x004488c0,same,0x004394d3
0x004473fa,__mbsicmp,crt,v1.70 export name (library),high,same library/thunk name '__mbsicmp' (Ghidra function ID),0x00448ada,same,0x004396ed
0x0044740d,__mbsnbcmp_l,crt,v1.70 export name (library),high,same library/thunk name '__mbsnbcmp_l' (Ghidra function ID),0x00448aed,same,0x00439700
0x00447576,__mbsnbcmp,crt,v1.70 export name (library),high,same library/thunk name '__mbsnbcmp' (Ghidra function ID),0x00448c56,same,0x00439869
0x00447590,__global_unwind2,crt,v1.70 export name (library),high,same library/thunk name '__global_unwind2' (Ghidra function ID),0x00448c70,same,0x00439880
0x004475f5,__local_unwind2,crt,v1.70 export name (library),high,same library/thunk name '__local_unwind2' (Ghidra function ID),0x00448cd5,same,0x004398e5
0x0044769c,__NLG_Notify1,crt,v1.70 export name (library),high,same library/thunk name '__NLG_Notify1' (Ghidra function ID),0x00448d7c,same,0x0043998c
0x004476a5,__NLG_Notify,crt,v1.70 export name (library),high,same library/thunk name '__NLG_Notify' (Ghidra function ID),0x00448d85,same,0x00439995
0x004476c4,FUN_00448da4,crt,counterpart of the unnamed as2 function FUN_00448da4,medium,"identical shape, callee __local_unwind4 (score 1.00)",0x00448da4,same,0x004399b4
0x004476c7,__set_osfhnd,crt,v1.70 export name (library),high,same library/thunk name '__set_osfhnd' (Ghidra function ID),0x00448da7,same,0x00439c7d
0x00447744,__free_osfhnd,crt,v1.70 export name (library),high,same library/thunk name '__free_osfhnd' (Ghidra function ID),0x00448e24,same,0x00439cfa
0x004477c5,__get_osfhandle,crt,v1.70 export name (library),high,same library/thunk name '__get_osfhandle' (Ghidra function ID),0x00448ea5,same,0x00439d7b
0x00447836,___lock_fhandle,crt,v1.70 export name (library),high,same library/thunk name '___lock_fhandle' (Ghidra function ID),0x00448f16,same,0x00439dec
0x004478cd,FUN_00448fad,crt,counterpart of the unnamed as2 function FUN_00448fad,medium,"identical shape, callee ___lock_fhandle (score 1.00)",0x00448fad,same,0x00439e83
0x004478d6,__unlock_fhandle,crt,v1.70 export name (library),high,same library/thunk name '__unlock_fhandle' (Ghidra function ID),0x00448fb6,same,0x00439e8c
0x004478f8,__alloc_osfhnd,crt,v1.70 export name (library),high,same library/thunk name '__alloc_osfhnd' (Ghidra function ID),0x00448fd8,same,0x00439eae
0x004479cb,FUN_004490ab,crt,counterpart of the unnamed as2 function FUN_004490ab,medium,"identical shape, callee __alloc_osfhnd (score 1.00)",0x004490ab,same,0x00439f81
0x00447a8e,FUN_0044916e,crt,counterpart of the unnamed as2 function FUN_0044916e,medium,"identical shape, callee __alloc_osfhnd (score 1.00)",0x0044916e,same,0x0043a044
0x00447a97,__commit,crt,v1.70 export name (library),high,only caller of import FlushFileBuffers,0x00449177,same,0x0043a297
0x00447b6e,FUN_0044924e,crt,counterpart of the unnamed as2 function FUN_0044924e,medium,"identical shape, callee __commit (score 1.00)",0x0044924e,same,0x0043a36e
0x00447b78,__putwch_nolock,crt,v1.70 export name (library),high,only caller of import WriteConsoleW,0x00449258,same,0x0043a0ab
0x00447c3a,_has_osfxsr_set,crt,v1.70 export name (library),high,same library/thunk name '_has_osfxsr_set' (Ghidra function ID),0x0044931a,same,0x0043a378
0x00447c8a,__get_sse2_info,crt,v1.70 export name (library),high,same library/thunk name '__get_sse2_info' (Ghidra function ID),0x0044936a,same,0x0043a3c8
0x00447cf7,___ansicp,crt,v1.70 export name (library),high,only caller of import GetLocaleInfoA,0x004493d7,same,0x0043ab00
0x00447d3e,___convertcp,crt,v1.70 export name (library),high,same library/thunk name '___convertcp' (Ghidra function ID),0x0044941e,same,0x0043ab47
0x00447ef0,__alloca_probe_16,crt,v1.70 export name (library),high,same library/thunk name '__alloca_probe_16' (Ghidra function ID),0x004495d0,same,0x0043ad00
0x00447f06,__alloca_probe_8,crt,v1.70 export name (library),high,same library/thunk name '__alloca_probe_8' (Ghidra function ID),0x004495e6,same,0x0043ad16
0x00447f1c,FUN_004495fc,crt,counterpart of the unnamed as2 function FUN_004495fc,medium,"identical shape, callback pointer taken by ___libm_error_support (score 1.00)",0x004495fc,same,0x0043ccaf
0x00447f1f,__frnd,crt,v1.70 export name (library),high,same library/thunk name '__frnd' (Ghidra function ID),0x004495ff,same,0x0043d38e
0x00447f30,x_ismbbtype_l,crt,v1.70 export name (library),high,same library/thunk name 'x_ismbbtype_l' (Ghidra function ID),0x00449610,same,0x0043d700
0x00447f81,__ismbblead,crt,v1.70 export name (library),high,same library/thunk name '__ismbblead' (Ghidra function ID),0x00449661,same,0x0043d751
0x00447f94,_ValidateRead,crt,v1.70 export name (library),high,same library/thunk name '_ValidateRead' (Ghidra function ID),0x00449674,same,0x0043d764
0x00447fa1,___ascii_stricmp,crt,v1.70 export name (library),high,same library/thunk name '___ascii_stricmp' (Ghidra function ID),0x00449681,same,0x0043da15
0x00447fd6,__stricmp_l,crt,v1.70 export name (library),high,same library/thunk name '__stricmp_l' (Ghidra function ID),0x004496b6,same,0x0043da4a
0x004480a9,__strnicmp_l,crt,v1.70 export name (library),high,same library/thunk name '__strnicmp_l' (Ghidra function ID),0x00449789,same,0x0043db7f
0x004481a0,_strrchr,crt,v1.70 export name (library),high,same library/thunk name '_strrchr' (Ghidra function ID),0x00449880,same,0x0043dca0
0x004481cd,FID_conflict:__atoflt_l,crt,v1.70 export name,medium,"identical shape, callee __fassign_l (score 1.00)",0x004498ad,same,0x0043dccd
0x00448273,FID_conflict:__atoflt_l_449953,crt,v1.70 export name,medium,"identical shape, callee __fassign_l (score 1.00)",0x00449953,same,0x0043dd73
0x00448319,__fptostr,crt,v1.70 export name (library),high,same library/thunk name '__fptostr' (Ghidra function ID),0x004499f9,same,0x0043de19
0x004483d6,___dtold,crt,v1.70 export name (library),high,same library/thunk name '___dtold' (Ghidra function ID),0x00449ab6,same,0x0043ded6
0x00448491,__fltout2,crt,v1.70 export name (library),high,same library/thunk name '__fltout2' (Ghidra function ID),0x00449b71,same,0x0043df91
0x00448520,__alldvrm,crt,v1.70 export name (library),high,same library/thunk name '__alldvrm' (Ghidra function ID),0x00449c00,same,0x0043e020
0x00448600,__aullshr,crt,v1.70 export name (library),high,same library/thunk name '__aullshr' (Ghidra function ID),0x00449ce0,same,0x0043e100
0x0044861f,__controlfp_s,crt,v1.70 export name (library),high,same library/thunk name '__controlfp_s' (Ghidra function ID),0x00449cff,same,0x0043e11f
0x00448689,__chsize_nolock,crt,v1.70 export name (library),high,only caller of import GetProcessHeap,0x00449d69,same,0x0043d771
0x0044883d,__setmode_nolock,crt,v1.70 export name (library),high,same library/thunk name '__setmode_nolock' (Ghidra function ID),0x00449f1d,same,0x0043d925
0x004488f9,__get_fmode,crt,v1.70 export name (library),high,same library/thunk name '__get_fmode' (Ghidra function ID),0x00449fd9,same,0x0043d9e1
0x0044892d,___initconout,crt,v1.70 export name (library),high,unique string 'CONOUT$' (1 shared),0x0044a00d,same,0x0043db1d
0x00448979,FUN_0044a059,crt,counterpart of the unnamed as2 function FUN_0044a059,high,"identical normalised instruction shape (10 insns, unique in both)",0x0044a059,same,0x0043db69
0x00448990,__alloca_probe,crt,v1.70 export name (library),high,same library/thunk name '__alloca_probe' (Ghidra function ID),0x0044a070,same,0x0043dc70
0x004489c0,___ascii_strnicmp,crt,v1.70 export name (library),high,same library/thunk name '___ascii_strnicmp' (Ghidra function ID),0x0044a0a0,same,0x0043e190
0x00448a21,_$I10_OUTPUT,crt,v1.70 export name (library),high,unique string '1#QNAN' (4 shared),0x0044a101,same,0x0043e1f1
0x004492e9,__hw_cw,crt,v1.70 export name (library),high,same library/thunk name '__hw_cw' (Ghidra function ID),0x0044a9c9,same,0x0043eab9
0x00449377,___hw_cw_sse2,crt,v1.70 export name (library),high,same library/thunk name '___hw_cw_sse2' (Ghidra function ID),0x0044aa57,same,0x0043eb47
0x00449417,__control87,crt,v1.70 export name (library),high,same library/thunk name '__control87' (Ghidra function ID),0x0044aaf7,same,0x0043ebe7
0x0044971a,__mbsnbicoll_l,crt,v1.70 export name (library),high,same library/thunk name '__mbsnbicoll_l' (Ghidra function ID),0x0044adfa,same,0x0043eeea
0x00449806,__mbsnbicoll,crt,v1.70 export name (library),high,same library/thunk name '__mbsnbicoll' (Ghidra function ID),0x0044aee6,same,0x0043efd6
0x0044981d,___wtomb_environ,crt,v1.70 export name (library),high,same library/thunk name '___wtomb_environ' (Ghidra function ID),0x0044aefd,same,0x0043efed
0x004498b2,_strnlen,crt,v1.70 export name (library),high,same library/thunk name '_strnlen' (Ghidra function ID),0x0044af92,same,0x0043f082
0x004498cc,__crtCompareStringA_stat,crt,v1.70 export name (library),high,only caller of import CompareStringW,0x0044afac,same,0x0043f09c
0x00449c55,___crtCompareStringA,crt,v1.70 export name (library),high,same library/thunk name '___crtCompareStringA' (Ghidra function ID),0x0044b335,same,0x0043f425
0x00449c95,__strnicoll_l,crt,v1.70 export name (library),high,same library/thunk name '__strnicoll_l' (Ghidra function ID),0x0044b375,same,0x0043f465
0x00449d8d,_findenv,crt,v1.70 export name (library),high,same library/thunk name '_findenv' (Ghidra function ID),0x0044b46d,same,0x0043f55d
0x00449dda,_copy_environ,crt,v1.70 export name (library),medium,"identical shape, callee ___crtsetenv (score 1.00)",0x0044b4ba,same,0x0043f5aa
0x00449e37,___crtsetenv,crt,v1.70 export name (library),high,same library/thunk name '___crtsetenv' (Ghidra function ID),0x0044b517,same,0x0043f607
0x0044a07e,__strdup,crt,v1.70 export name (library),high,same library/thunk name '__strdup' (Ghidra function ID),0x0044b75e,same,0x0043f84e
0x0044a0ce,__mbschr_l,crt,v1.70 export name (library),high,same library/thunk name '__mbschr_l' (Ghidra function ID),0x0044b7ae,same,0x0043f89e
0x0044a188,__mbschr,crt,v1.70 export name (library),high,same library/thunk name '__mbschr' (Ghidra function ID),0x0044b868,same,0x0043f958
0x0044a19c,Direct3DCreate8,crt,C runtime / compiler support (name from Ghidra function ID),low,only unmatched function with the same matched callers (GL_Init) (score 1.00),0x0044b87c,same,
0x0044a1a2,FUN_0044b882,crt,C runtime (unnamed),high,"identical normalised instruction shape (17 insns, unique in both)",0x0044b882,same,
0x0044a206,FUN_0044b8e6,crt,C runtime (unnamed),high,"identical normalised instruction shape (59 insns, unique in both)",0x0044b8e6,same,
0x0044a294,FUN_0044b974,crt,C runtime (unnamed),medium,"same position between matched neighbours, identical shape (15 insns)",0x0044b974,same,
0x0044a2be,FUN_0044b99e,crt,C runtime (unnamed),high,"identical normalised instruction shape (69 insns, unique in both)",0x0044b99e,same,
0x0044a36d,FUN_0044ba4d,crt,C runtime (unnamed),medium,"same position between matched neighbours, identical shape (17 insns)",0x0044ba4d,same,
0x0044a39c,FUN_0044ba7c,crt,C runtime (unnamed),high,"identical normalised instruction shape (28 insns, unique in both)",0x0044ba7c,same,
0x0044a406,FUN_0044bae6,crt,C runtime (unnamed),medium,"same position between matched neighbours, identical shape (3 insns)",0x0044bae6,same,
0x0044a413,thunk_FUN_0044bae6,crt,C runtime / compiler support (name from Ghidra function ID),medium,"identical shape, callee FUN_0044cf0f (score 1.00)",0x0044baf3,same,
0x0044a443,FUN_0044bb23,crt,C runtime (unnamed),high,"identical normalised instruction shape (71 insns, unique in both)",0x0044bb23,same,
0x0044a4f1,FUN_0044bbd1,crt,C runtime (unnamed),medium,"same position between matched neighbours, identical shape (15 insns)",0x0044bbd1,same,
0x0044a51b,FUN_0044bbfb,crt,C runtime (unnamed),high,"identical normalised instruction shape (82 insns, unique in both)",0x0044bbfb,same,
0x0044a5ec,FUN_0044bccc,crt,C runtime (unnamed),medium,"same position between matched neighbours, identical shape (17 insns)",0x0044bccc,same,
0x0044a61b,FUN_0044bcfb,crt,C runtime (unnamed),high,"identical normalised instruction shape (37 insns, unique in both)",0x0044bcfb,same,
0x0044a685,FUN_0044bd65,crt,C runtime (unnamed),medium,"same position between matched neighbours, identical shape (3 insns)",0x0044bd65,same,
0x0044a692,thunk_FUN_0044bd65,crt,C runtime / compiler support (name from Ghidra function ID),medium,"identical shape, callee FUN_0044e374 (score 1.00)",0x0044bd72,same,
0x0044a70b,FUN_0044bdeb,crt,C runtime (unnamed),medium,"same position between matched neighbours, identical shape (6 insns)",0x0044bdeb,same,
0x0044a861,FUN_0044bf41,crt,C runtime (unnamed),high,"identical normalised instruction shape (86 insns, unique in both)",0x0044bf41,same,
0x0044a932,FUN_0044c012,crt,C runtime (unnamed),medium,"same position between matched neighbours, identical shape (15 insns)",0x0044c012,same,
0x0044a95c,FUN_0044c03c,crt,C runtime (unnamed),high,"identical normalised instruction shape (95 insns, unique in both)",0x0044c03c,same,
0x0044aa4f,FUN_0044c12f,crt,C runtime (unnamed),medium,"same position between matched neighbours, identical shape (17 insns)",0x0044c12f,same,
0x0044aa7e,FUN_0044c15e,crt,C runtime (unnamed),high,"identical normalised instruction shape (46 insns, unique in both)",0x0044c15e,same,
0x0044ac78,FUN_0044c358,crt,C runtime (unnamed),medium,"same position between matched neighbours, identical shape (3 insns)",0x0044c358,same,
0x0044ac85,thunk_FUN_0044c358,crt,C runtime / compiler support (name from Ghidra function ID),medium,"identical shape, callee R_Draw2DQuad (score 1.00)",0x0044c365,same,
0x0044aec1,FUN_0044c5a1,crt,C runtime (unnamed),medium,"same position between matched neighbours, identical shape (3 insns)",0x0044c5a1,same,
0x0044aece,thunk_FUN_0044c5a1,crt,C runtime / compiler support (name from Ghidra function ID),medium,"identical shape, callee FUN_0044e6e0 (score 1.00)",0x0044c5ae,same,
0x0044b184,FUN_0044c864,crt,C runtime (unnamed),medium,"same position between matched neighbours, identical shape (3 insns)",0x0044c864,same,
0x0044b191,thunk_FUN_0044c864,crt,C runtime / compiler support (name from Ghidra function ID),medium,"identical shape, callee FUN_0044e501 (score 1.00)",0x0044c871,same,
0x0044b524,FUN_0044cc04,crt,C runtime (unnamed),medium,"same position between matched neighbours, identical shape (12 insns)",0x0044cc04,same,
0x0044b552,thunk_FUN_0044cc04,crt,C runtime / compiler support (name from Ghidra function ID),medium,"identical shape, callee R_DrawModel (score 1.00)",0x0044cc32,same,
0x0044b5b4,FUN_0044cc94,crt,C runtime (unnamed),medium,"same position between matched neighbours, identical shape (12 insns)",0x0044cc94,same,
0x0044b5e2,thunk_FUN_0044cc94,crt,C runtime / compiler support (name from Ghidra function ID),medium,"identical shape, callee R_GenerateShadowMap (score 1.00)",0x0044ccc2,same,
0x0044b644,FUN_0044cd24,crt,C runtime (unnamed),medium,"same position between matched neighbours, identical shape (8 insns)",0x0044cd24,same,
0x0044b660,FUN_0044cd40,crt,C runtime (unnamed),high,"identical normalised instruction shape (48 insns, unique in both)",0x0044cd40,same,
0x0044b6da,FUN_0044cdba,crt,C runtime (unnamed),medium,"same position between matched neighbours, identical shape (8 insns)",0x0044cdba,same,
0x0044b6f6,FUN_0044cdd6,crt,C runtime (unnamed),high,"identical normalised instruction shape (49 insns, unique in both)",0x0044cdd6,same,
0x0044b771,FUN_0044ce51,crt,C runtime (unnamed),medium,"same position between matched neighbours, identical shape (8 insns)",0x0044ce51,same,
0x0044b78d,thunk_FUN_0044ce51,crt,C runtime / compiler support (name from Ghidra function ID),medium,"identical shape, callee R_Draw2DQuad (score 1.00)",0x0044ce6d,same,
0x0044b82f,FUN_0044cf0f,crt,C runtime (unnamed),high,"identical normalised instruction shape (106 insns, unique in both)",0x0044cf0f,same,
0x0044b931,FUN_0044d011,crt,C runtime (unnamed),medium,"same position between matched neighbours, identical shape (3 insns)",0x0044d011,same,
0x0044b93e,thunk_FUN_0044d011,crt,C runtime / compiler support (name from Ghidra function ID),medium,"identical shape, callee FUN_0044d172 (score 1.00)",0x0044d01e,same,
0x0044ba26,FUN_0044d106,crt,C runtime (unnamed),medium,"same position between matched neighbours, identical shape (12 insns)",0x0044d106,same,
0x0044ba54,thunk_FUN_0044d106,crt,C runtime / compiler support (name from Ghidra function ID),medium,"identical shape, callee R_RenderView (score 1.00)",0x0044d134,same,
0x0044ba92,FUN_0044d172,crt,C runtime (unnamed),high,"identical normalised instruction shape (89 insns, unique in both)",0x0044d172,same,
0x0044bb78,FUN_0044d258,crt,C runtime (unnamed),high,"identical normalised instruction shape (54 insns, unique in both)",0x0044d258,same,
0x0044bc0c,FUN_0044d2ec,crt,C runtime (unnamed),high,"identical normalised instruction shape (62 insns, unique in both)",0x0044d2ec,same,
0x0044beb3,FUN_0044d593,crt,C runtime (unnamed),medium,"same position between matched neighbours, identical shape (9 insns)",0x0044d593,same,
0x0044bed3,FUN_0044d5b3,crt,C runtime (unnamed),high,"identical normalised instruction shape (33 insns, unique in both)",0x0044d5b3,same,
0x0044bf2f,FUN_0044d60f,crt,C runtime (unnamed),medium,"same position between matched neighbours, identical shape (12 insns)",0x0044d60f,same,
0x0044bf5d,thunk_FUN_0044d60f,crt,C runtime / compiler support (name from Ghidra function ID),medium,"identical shape, callee FUN_0044e6a7 (score 1.00)",0x0044d63d,same,
0x0044c03c,FUN_0044d71c,crt,C runtime (unnamed),medium,"same position between matched neighbours, identical shape (3 insns)",0x0044d71c,same,
0x0044c049,thunk_FUN_0044d71c,crt,C runtime / compiler support (name from Ghidra function ID),medium,"same position between matched neighbours, identical shape (1 insns)",0x0044d729,same,
0x0044c1ab,FUN_0044d88b,crt,C runtime (unnamed),medium,"same position between matched neighbours, identical shape (3 insns)",0x0044d88b,same,
0x0044c1b8,thunk_FUN_0044d88b,crt,C runtime / compiler support (name from Ghidra function ID),medium,"same position between matched neighbours, identical shape (1 insns)",0x0044d898,same,
0x0044c272,FUN_0044d952,crt,C runtime (unnamed),medium,"same position between matched neighbours, identical shape (1 insns)",0x0044d952,same,
0x0044c2f6,FUN_0044d9d6,crt,C runtime (unnamed),medium,"same position between matched neighbours, identical shape (1 insns)",0x0044d9d6,same,
0x0044c397,FUN_0044da77,crt,C runtime (unnamed),high,"identical normalised instruction shape (10 insns, unique in both)",0x0044da77,same,
0x0044c3bb,thunk_FUN_0044da77,crt,C runtime / compiler support (name from Ghidra function ID),medium,"identical shape, callee FUN_0044dbae (score 1.00)",0x0044da9b,same,
0x0044c4a4,FUN_0044db84,crt,C runtime (unnamed),medium,"same position between matched neighbours, identical shape (15 insns)",0x0044db84,same,
0x0044c4ce,FUN_0044dbae,crt,C runtime (unnamed),high,"identical normalised instruction shape (34 insns, unique in both)",0x0044dbae,same,
0x0044c525,FUN_0044dc05,crt,C runtime (unnamed),medium,"same position between matched neighbours, identical shape (6 insns)",0x0044dc05,same,
0x0044c565,FUN_0044dc45,crt,C runtime (unnamed),high,"identical normalised instruction shape (58 insns, unique in both)",0x0044dc45,same,
0x0044c5f0,FUN_0044dcd0,crt,C runtime (unnamed),medium,"same position between matched neighbours, identical shape (3 insns)",0x0044dcd0,same,
0x0044c5fd,thunk_FUN_0044dcd0,crt,C runtime / compiler support (name from Ghidra function ID),medium,"identical shape, callee FUN_0044e994 (score 1.00)",0x0044dcdd,same,
0x0044c8f6,FUN_0044dfd6,crt,C runtime (unnamed),high,"identical normalised instruction shape (57 insns, unique in both)",0x0044dfd6,same,
0x0044c983,FUN_0044e063,crt,C runtime (unnamed),high,"identical normalised instruction shape (46 insns, unique in both)",0x0044e063,same,
0x0044c9ee,FUN_0044e0ce,crt,C runtime (unnamed),high,"identical normalised instruction shape (52 insns, unique in both)",0x0044e0ce,same,
0x0044ca6e,FUN_0044e14e,crt,C runtime (unnamed),high,"identical normalised instruction shape (25 insns, unique in both)",0x0044e14e,same,
0x0044caaa,FUN_0044e18a,crt,C runtime (unnamed),high,"identical normalised instruction shape (68 insns, unique in both)",0x0044e18a,same,
0x0044cb4a,FUN_0044e22a,crt,C runtime (unnamed),high,"identical normalised instruction shape (58 insns, unique in both)",0x0044e22a,same,
0x0044cbd5,FUN_0044e2b5,crt,C runtime (unnamed),high,"identical normalised instruction shape (76 insns, unique in both)",0x0044e2b5,same,
0x0044cc94,FUN_0044e374,crt,C runtime (unnamed),high,"identical normalised instruction shape (137 insns, unique in both)",0x0044e374,same,
0x0044ce21,FUN_0044e501,crt,C runtime (unnamed),high,"identical normalised instruction shape (150 insns, unique in both)",0x0044e501,same,
0x0044cfc7,FUN_0044e6a7,crt,C runtime (unnamed),high,"identical normalised instruction shape (20 insns, unique in both)",0x0044e6a7,same,
0x0044d000,FUN_0044e6e0,crt,C runtime (unnamed),high,"identical normalised instruction shape (253 insns, unique in both)",0x0044e6e0,same,
0x0044d2b4,FUN_0044e994,crt,C runtime (unnamed),high,"identical normalised instruction shape (85 insns, unique in both)",0x0044e994,same,
0x0044d38e,FUN_0044ea6e,crt,C runtime (unnamed),high,"identical normalised instruction shape (69 insns, unique in both)",0x0044ea6e,same,
0x0044d827,FUN_0044ef07,lib,"Direct3DX 8 static library (texture and image loading; includes libpng 1.0.5, libjpeg and zlib)",high,"identical normalised instruction shape (12 insns, unique in both)",0x0044ef07,same,
0x0044d84b,FUN_0044ef2b,lib,"Direct3DX 8 static library (texture and image loading; includes libpng 1.0.5, libjpeg and zlib)",high,"identical normalised instruction shape (53 insns, unique in both)",0x0044ef2b,same,
0x0044d8c0,FUN_0044efa0,lib,"Direct3DX 8 static library (texture and image loading; includes libpng 1.0.5, libjpeg and zlib)",high,"identical normalised instruction shape (90 insns, unique in both)",0x0044efa0,same,
0x0044d9a2,FUN_0044f082,lib,"Direct3DX 8 static library (texture and image loading; includes libpng 1.0.5, libjpeg and zlib)",high,"identical normalised instruction shape (23 insns, unique in both)",0x0044f082,same,
0x0044d9d3,FUN_0044f0b3,lib,"Direct3DX 8 static library (texture and image loading; includes libpng 1.0.5, libjpeg and zlib)",high,"identical normalised instruction shape (80 insns, unique in both)",0x0044f0b3,same,
0x0044dab2,FUN_0044dab2,lib,"Direct3DX 8 static library (texture and image loading; includes libpng 1.0.5, libjpeg and zlib)",low,address range of the runtime and library code,,new,
0x0044dab5,FUN_0044f195,lib,"Direct3DX 8 static library (texture and image loading; includes libpng 1.0.5, libjpeg and zlib)",high,"identical normalised instruction shape (75 insns, unique in both)",0x0044f195,same,
0x0044db88,FUN_0044f268,lib,"Direct3DX 8 static library (texture and image loading; includes libpng 1.0.5, libjpeg and zlib)",high,"identical normalised instruction shape (314 insns, unique in both)",0x0044f268,same,
0x0044deb2,`vector_constructor_iterator',lib,"Direct3DX 8 static library (texture and image loading; includes libpng 1.0.5, libjpeg and zlib)",high,"identical normalised instruction shape (15 insns, unique in both)",0x0044f592,same,
0x0044ded4,FUN_0044f5b4,lib,"Direct3DX 8 static library (texture and image loading; includes libpng 1.0.5, libjpeg and zlib)",high,"identical normalised instruction shape (160 insns, unique in both)",0x0044f5b4,same,
0x0044e07a,FUN_0044f75a,lib,"Direct3DX 8 static library (texture and image loading; includes libpng 1.0.5, libjpeg and zlib)",high,"identical normalised instruction shape (52 insns, unique in both)",0x0044f75a,same,
0x0044e100,FUN_0044f7e0,lib,"Direct3DX 8 static library (texture and image loading; includes libpng 1.0.5, libjpeg and zlib)",high,"identical normalised instruction shape (301 insns, unique in both)",0x0044f7e0,same,
0x0044e3e4,FUN_0044fac4,lib,"Direct3DX 8 static library (texture and image loading; includes libpng 1.0.5, libjpeg and zlib)",high,"identical normalised instruction shape (596 insns, unique in both)",0x0044fac4,same,
0x0044ea57,FUN_00450137,lib,"Direct3DX 8 static library (texture and image loading; includes libpng 1.0.5, libjpeg and zlib)",high,"identical normalised instruction shape (23 insns, unique in both)",0x00450137,same,
0x0044ea97,FUN_00450177,lib,"Direct3DX 8 static library (texture and image loading; includes libpng 1.0.5, libjpeg and zlib)",high,"identical normalised instruction shape (35 insns, unique in both)",0x00450177,same,
0x0044eafa,FUN_004501da,lib,"Direct3DX 8 static library (texture and image loading; includes libpng 1.0.5, libjpeg and zlib)",high,"identical normalised instruction shape (38 insns, unique in both)",0x004501da,same,
0x0044eb56,FUN_00450236,lib,"Direct3DX 8 static library (texture and image loading; includes libpng 1.0.5, libjpeg and zlib)",high,"identical normalised instruction shape (18 insns, unique in both)",0x00450236,same,
0x0044eb7b,FUN_0045025b,lib,"Direct3DX 8 static library (texture and image loading; includes libpng 1.0.5, libjpeg and zlib)",high,unique string 'DisableMMX' (1 shared),0x0045025b,same,
0x0044ec14,FUN_004502f4,lib,"Direct3DX 8 static library (texture and image loading; includes libpng 1.0.5, libjpeg and zlib)",high,"identical normalised instruction shape (25 insns, unique in both)",0x004502f4,same,
0x0044ec4c,FUN_0045032c,lib,"Direct3DX 8 static library (texture and image loading; includes libpng 1.0.5, libjpeg and zlib)",high,unique string 'GenuineIntel' (1 shared),0x0045032c,same,
0x0044ec86,Catch@00450366,lib,"Direct3DX 8 static library (texture and image loading; includes libpng 1.0.5, libjpeg and zlib)",medium,"same position between matched neighbours, identical shape (4 insns)",0x00450366,same,
0x0044ec92,FUN_00450372,lib,"Direct3DX 8 static library (texture and image loading; includes libpng 1.0.5, libjpeg and zlib)",high,"identical normalised instruction shape (32 insns, unique in both)",0x00450372,same,
0x0044ecf1,FUN_004503d1,lib,"Direct3DX 8 static library (texture and image loading; includes libpng 1.0.5, libjpeg and zlib)",high,only caller of import IsProcessorFeaturePresent,0x004503d1,same,
0x0044eda5,FUN_00450485,lib,"Direct3DX 8 static library (texture and image loading; includes libpng 1.0.5, libjpeg and zlib)",high,unique string 'DisableD3DXPSGP' (2 shared),0x00450485,same,
0x0044eea1,FUN_00450581,lib,"Direct3DX 8 static library (texture and image loading; includes libpng 1.0.5, libjpeg and zlib)",high,unique string 'd3d8d.dll' (3 shared),0x00450581,same,
0x0044ef31,FUN_00450611,lib,"Direct3DX 8 static library (texture and image loading; includes libpng 1.0.5, libjpeg and zlib)",high,"identical normalised instruction shape (10 insns, unique in both)",0x00450611,same,
0x0044ef4a,FUN_0045062a,lib,"Direct3DX 8 static library (texture and image loading; includes libpng 1.0.5, libjpeg and zlib)",high,"identical normalised instruction shape (38 insns, unique in both)",0x0045062a,same,
0x0044efa3,FUN_00450683,lib,"Direct3DX 8 static library (texture and image loading; includes libpng 1.0.5, libjpeg and zlib)",medium,"identical shape, callee FUN_004520ea (score 1.00)",0x00450683,same,
0x0044efbf,FUN_0045069f,lib,"Direct3DX 8 static library (texture and image loading; includes libpng 1.0.5, libjpeg and zlib)",high,"identical normalised instruction shape (552 insns, unique in both)",0x0045069f,same,
0x0044f6d5,FUN_00450db5,lib,"Direct3DX 8 static library (texture and image loading; includes libpng 1.0.5, libjpeg and zlib)",high,"identical normalised instruction shape (11 insns, unique in both)",0x00450db5,same,
0x0044f734,FUN_00450df7,lib,"Direct3DX 8 static library (texture and image loading; includes libpng 1.0.5, libjpeg and zlib)",high,"identical normalised instruction shape (187 insns, unique in both)",0x00450df7,same,
0x0044f9a4,FUN_00451067,lib,"Direct3DX 8 static library (texture and image loading; includes libpng 1.0.5, libjpeg and zlib)",high,"identical normalised instruction shape (373 insns, unique in both)",0x00451067,same,
0x0044fe4b,FUN_0045150e,lib,"Direct3DX 8 static library (texture and image loading; includes libpng 1.0.5, libjpeg and zlib)",high,"identical normalised instruction shape (215 insns, unique in both)",0x0045150e,same,
0x00450120,FUN_004517e3,lib,"Direct3DX 8 static library (texture and image loading; includes libpng 1.0.5, libjpeg and zlib)",high,unique string '1.0.5' (1 shared),0x004517e3,same,
0x004506b6,FUN_00451d79,lib,"Direct3DX 8 static library (texture and image loading; includes libpng 1.0.5, libjpeg and zlib)",high,"identical normalised instruction shape (278 insns, unique in both)",0x00451d79,same,
0x004509f7,FUN_004520ba,lib,"Direct3DX 8 static library (texture and image loading; includes libpng 1.0.5, libjpeg and zlib)",high,"identical normalised instruction shape (16 insns, unique in both)",0x004520ba,same,
0x00450a27,FUN_004520ea,lib,"Direct3DX 8 static library (texture and image loading; includes libpng 1.0.5, libjpeg and zlib)",high,"identical normalised instruction shape (168 insns, unique in both)",0x004520ea,same,
0x00450bfc,FUN_004522bf,lib,"Direct3DX 8 static library (texture and image loading; includes libpng 1.0.5, libjpeg and zlib)",medium,"identical shape, callee FUN_0044f0b3 (score 1.00)",0x004522bf,same,
0x00450c06,FUN_004522c9,lib,"Direct3DX 8 static library (texture and image loading; includes libpng 1.0.5, libjpeg and zlib)",high,"identical normalised instruction shape (16 insns, unique in both)",0x004522c9,same,
0x00450c3a,FUN_004522fd,lib,"Direct3DX 8 static library (texture and image loading; includes libpng 1.0.5, libjpeg and zlib)",high,"identical normalised instruction shape (250 insns, unique in both)",0x004522fd,same,
0x00450ef7,FUN_004525ba,lib,"Direct3DX 8 static library (texture and image loading; includes libpng 1.0.5, libjpeg and zlib)",high,"identical normalised instruction shape (33 insns, unique in both)",0x004525ba,same,
0x00450f43,FUN_00452606,lib,"Direct3DX 8 static library (texture and image loading; includes libpng 1.0.5, libjpeg and zlib)",medium,callee FUN_00455a7a (score 1.00),0x00452606,same-opcodes,
0x004513b7,FUN_00452a7a,lib,"Direct3DX 8 static library (texture and image loading; includes libpng 1.0.5, libjpeg and zlib)",high,"identical normalised instruction shape (117 insns, unique in both)",0x00452a7a,same,
0x00451545,FUN_00452c08,lib,"Direct3DX 8 static library (texture and image loading; includes libpng 1.0.5, libjpeg and zlib)",high,"identical normalised instruction shape (105 insns, unique in both)",0x00452c08,same,
0x0045166b,FUN_00452d2e,lib,"Direct3DX 8 static library (texture and image loading; includes libpng 1.0.5, libjpeg and zlib)",medium,"identical shape, caller of FUN_00452f5d (score 1.00)",0x00452d2e,same,
0x0045169c,FUN_00452d5f,lib,"Direct3DX 8 static library (texture and image loading; includes libpng 1.0.5, libjpeg and zlib)",high,"identical normalised instruction shape (83 insns, unique in both)",0x00452d5f,same,
0x00451784,FUN_00452e47,lib,"Direct3DX 8 static library (texture and image loading; includes libpng 1.0.5, libjpeg and zlib)",high,"identical normalised instruction shape (95 insns, unique in both)",0x00452e47,same,
0x0045189a,FUN_00452f5d,lib,"Direct3DX 8 static library (texture and image loading; includes libpng 1.0.5, libjpeg and zlib)",high,"identical normalised instruction shape (13 insns, unique in both)",0x00452f5d,same,
0x004518d2,FUN_00452f95,lib,"Direct3DX 8 static library (texture and image loading; includes libpng 1.0.5, libjpeg and zlib)",high,"identical normalised instruction shape (13 insns, unique in both)",0x00452f95,same,
0x00451901,FUN_00452fc4,lib,"Direct3DX 8 static library (texture and image loading; includes libpng 1.0.5, libjpeg and zlib)",medium,"identical shape, caller of FUN_00452f95 (score 1.00)",0x00452fc4,same,
0x00451932,FUN_00452ff5,lib,"Direct3DX 8 static library (texture and image loading; includes libpng 1.0.5, libjpeg and zlib)",high,"identical normalised instruction shape (101 insns, unique in both)",0x00452ff5,same,
0x00451a82,FUN_00453145,lib,"Direct3DX 8 static library (texture and image loading; includes libpng 1.0.5, libjpeg and zlib)",high,"identical normalised instruction shape (86 insns, unique in both)",0x00453145,same,
0x00451ba6,FUN_00453269,lib,"Direct3DX 8 static library (texture and image loading; includes libpng 1.0.5, libjpeg and zlib)",high,"identical normalised instruction shape (101 insns, unique in both)",0x00453269,same,
0x00451cf5,FUN_004533b8,lib,"Direct3DX 8 static library (texture and image loading; includes libpng 1.0.5, libjpeg and zlib)",high,"identical normalised instruction shape (101 insns, unique in both)",0x004533b8,same,
0x00451e48,FUN_0045350b,lib,"Direct3DX 8 static library (texture and image loading; includes libpng 1.0.5, libjpeg and zlib)",high,"identical normalised instruction shape (104 insns, unique in both)",0x0045350b,same,
0x00451f87,FUN_0045364a,lib,"Direct3DX 8 static library (texture and image loading; includes libpng 1.0.5, libjpeg and zlib)",high,"identical normalised instruction shape (58 insns, unique in both)",0x0045364a,same,
0x00452022,FUN_004536e5,lib,"Direct3DX 8 static library (texture and image loading; includes libpng 1.0.5, libjpeg and zlib)",high,"identical normalised instruction shape (102 insns, unique in both)",0x004536e5,same,
0x0045216e,FUN_00453831,lib,"Direct3DX 8 static library (texture and image loading; includes libpng 1.0.5, libjpeg and zlib)",high,"identical normalised instruction shape (85 insns, unique in both)",0x00453831,same,
0x0045228f,FUN_00453952,lib,"Direct3DX 8 static library (texture and image loading; includes libpng 1.0.5, libjpeg and zlib)",high,"identical normalised instruction shape (102 insns, unique in both)",0x00453952,same,
0x004523db,FUN_00453a9e,lib,"Direct3DX 8 static library (texture and image loading; includes libpng 1.0.5, libjpeg and zlib)",high,"identical normalised instruction shape (104 insns, unique in both)",0x00453a9e,same,
0x0045251a,FUN_00453bdd,lib,"Direct3DX 8 static library (texture and image loading; includes libpng 1.0.5, libjpeg and zlib)",high,"identical normalised instruction shape (93 insns, unique in both)",0x00453bdd,same,
0x00452652,FUN_00453d15,lib,"Direct3DX 8 static library (texture and image loading; includes libpng 1.0.5, libjpeg and zlib)",medium,callee FUN_00455a7a (score 1.00),0x00453d15,same-opcodes,
0x00452743,FUN_00453e06,lib,"Direct3DX 8 static library (texture and image loading; includes libpng 1.0.5, libjpeg and zlib)",medium,callee FUN_00455a7a (score 1.00),0x00453e06,same-opcodes,
0x00452945,FUN_00454008,lib,"Direct3DX 8 static library (texture and image loading; includes libpng 1.0.5, libjpeg and zlib)",medium,callee FUN_00455a7a (score 1.00),0x00454008,same-opcodes,
0x00452b49,FUN_0045420c,lib,"Direct3DX 8 static library (texture and image loading; includes libpng 1.0.5, libjpeg and zlib)",medium,callee FUN_00455a7a (score 1.00),0x0045420c,same-opcodes,
0x00452f6c,FUN_0045462f,lib,"Direct3DX 8 static library (texture and image loading; includes libpng 1.0.5, libjpeg and zlib)",medium,callee FUN_00455a7a (score 1.00),0x0045462f,same-opcodes,
0x004533fe,FUN_00454ac1,lib,"Direct3DX 8 static library (texture and image loading; includes libpng 1.0.5, libjpeg and zlib)",high,"identical normalised instruction shape (90 insns, unique in both)",0x00454ac1,same,
0x004534fe,FUN_00454bc1,lib,"Direct3DX 8 static library (texture and image loading; includes libpng 1.0.5, libjpeg and zlib)",medium,callee FUN_00455a7a (score 1.00),0x00454bc1,same-opcodes,
0x004538e4,FUN_00454fa7,lib,"Direct3DX 8 static library (texture and image loading; includes libpng 1.0.5, libjpeg and zlib)",medium,callee FUN_00455a7a (score 1.00),0x00454fa7,same-opcodes,
0x00454015,FUN_004556d8,lib,"Direct3DX 8 static library (texture and image loading; includes libpng 1.0.5, libjpeg and zlib)",medium,callee FUN_00455a7a (score 1.00),0x004556d8,same-opcodes,
0x004543b7,FUN_00455a7a,lib,"Direct3DX 8 static library (texture and image loading; includes libpng 1.0.5, libjpeg and zlib)",high,"identical normalised instruction shape (98 insns, unique in both)",0x00455a7a,same,
0x004544d1,FUN_00455b94,lib,"Direct3DX 8 static library (texture and image loading; includes libpng 1.0.5, libjpeg and zlib)",medium,"identical shape, callee FUN_0044f0b3 (score 1.00)",0x00455b94,same,
0x004544e1,FUN_00455ba4,lib,"Direct3DX 8 static library (texture and image loading; includes libpng 1.0.5, libjpeg and zlib)",high,"identical normalised instruction shape (53 insns, unique in both)",0x00455ba4,same,
0x0045454a,FUN_00455c0d,lib,"Direct3DX 8 static library (texture and image loading; includes libpng 1.0.5, libjpeg and zlib)",medium,"identical shape, callee FUN_0044f195 (score 1.00)",0x00455c0d,same,
0x00454550,FUN_00455c13,lib,"Direct3DX 8 static library (texture and image loading; includes libpng 1.0.5, libjpeg and zlib)",high,"identical normalised instruction shape (12 insns, unique in both)",0x00455c13,same,
0x00454566,thunk_FUN_00455ba4,lib,"Direct3DX 8 static library (texture and image loading; includes libpng 1.0.5, libjpeg and zlib)",medium,"identical shape, callee FUN_0044f0b3 (score 1.00)",0x00455c29,same,
0x0045456b,FUN_00455c2e,lib,"Direct3DX 8 static library (texture and image loading; includes libpng 1.0.5, libjpeg and zlib)",high,"identical normalised instruction shape (386 insns, unique in both)",0x00455c2e,same,
0x0045497e,thunk_FUN_00455c13,lib,"Direct3DX 8 static library (texture and image loading; includes libpng 1.0.5, libjpeg and zlib)",medium,"identical shape, callee FUN_0044f195 (score 1.00)",0x00456041,same,
0x00454983,FUN_00456046,lib,"Direct3DX 8 static library (texture and image loading; includes libpng 1.0.5, libjpeg and zlib)",high,"identical normalised instruction shape (298 insns, unique in both)",0x00456046,same,
0x00454cde,FUN_004563a1,lib,"Direct3DX 8 static library (texture and image loading; includes libpng 1.0.5, libjpeg and zlib)",medium,"identical shape, callee FUN_004566ae (score 1.00)",0x004563a1,same,
0x00454cf4,FUN_004563b7,lib,"Direct3DX 8 static library (texture and image loading; includes libpng 1.0.5, libjpeg and zlib)",high,"identical normalised instruction shape (218 insns, unique in both)",0x004563b7,same,
0x00454feb,FUN_004566ae,lib,"Direct3DX 8 static library (texture and image loading; includes libpng 1.0.5, libjpeg and zlib)",high,"identical normalised instruction shape (49 insns, unique in both)",0x004566ae,same,
0x0045508b,FUN_0045674e,lib,"Direct3DX 8 static library (texture and image loading; includes libpng 1.0.5, libjpeg and zlib)",medium,caller of operator_new_439e75 (score 1.00),0x0045674e,same-opcodes,
0x00455485,FUN_00456b48,lib,"Direct3DX 8 static library (texture and image loading; includes libpng 1.0.5, libjpeg and zlib)",medium,"identical shape, callee FUN_00456f8a (score 1.00)",0x00456b48,same,
0x004554a8,FUN_00456b6b,lib,"Direct3DX 8 static library (texture and image loading; includes libpng 1.0.5, libjpeg and zlib)",medium,callee FUN_00459ecb (score 1.00),0x00456b6b,same-opcodes,
0x004556f4,FUN_00456db7,lib,"Direct3DX 8 static library (texture and image loading; includes libpng 1.0.5, libjpeg and zlib)",medium,"identical shape, caller of FUN_004563a1 (score 1.00)",0x00456db7,same,
0x00455710,FUN_00456dd3,lib,"Direct3DX 8 static library (texture and image loading; includes libpng 1.0.5, libjpeg and zlib)",medium,callee FUN_00455a7a (score 1.00),0x00456dd3,same-opcodes,
0x0045578b,FUN_00456e4e,lib,"Direct3DX 8 static library (texture and image loading; includes libpng 1.0.5, libjpeg and zlib)",high,"identical normalised instruction shape (74 insns, unique in both)",0x00456e4e,same,
0x00455857,FUN_00456f1a,lib,"Direct3DX 8 static library (texture and image loading; includes libpng 1.0.5, libjpeg and zlib)",high,"identical normalised instruction shape (46 insns, unique in both)",0x00456f1a,same,
0x004558c7,FUN_00456f8a,lib,"Direct3DX 8 static library (texture and image loading; includes libpng 1.0.5, libjpeg and zlib)",high,"identical normalised instruction shape (76 insns, unique in both)",0x00456f8a,same,
0x004559b3,FUN_00457076,lib,"Direct3DX 8 static library (texture and image loading; includes libpng 1.0.5, libjpeg and zlib)",high,"identical normalised instruction shape (92 insns, unique in both)",0x00457076,same,
0x00455ad6,FUN_00457199,lib,"Direct3DX 8 static library (texture and image loading; includes libpng 1.0.5, libjpeg and zlib)",high,"identical normalised instruction shape (82 insns, unique in both)",0x00457199,same,
0x00455bd7,FUN_0045729a,lib,"Direct3DX 8 static library (texture and image loading; includes libpng 1.0.5, libjpeg and zlib)",high,"identical normalised instruction shape (83 insns, unique in both)",0x0045729a,same,
0x00455cd8,FUN_0045739b,lib,"Direct3DX 8 static library (texture and image loading; includes libpng 1.0.5, libjpeg and zlib)",high,"identical normalised instruction shape (83 insns, unique in both)",0x0045739b,same,
0x00455dd9,FUN_0045749c,lib,"Direct3DX 8 static library (texture and image loading; includes libpng 1.0.5, libjpeg and zlib)",high,"identical normalised instruction shape (92 insns, unique in both)",0x0045749c,same,
0x00455ef6,FUN_004575b9,lib,"Direct3DX 8 static library (texture and image loading; includes libpng 1.0.5, libjpeg and zlib)",high,"identical normalised instruction shape (93 insns, unique in both)",0x004575b9,same,
0x00456019,FUN_004576dc,lib,"Direct3DX 8 static library (texture and image loading; includes libpng 1.0.5, libjpeg and zlib)",high,"identical normalised instruction shape (82 insns, unique in both)",0x004576dc,same,
0x00456117,FUN_004577da,lib,"Direct3DX 8 static library (texture and image loading; includes libpng 1.0.5, libjpeg and zlib)",high,"identical normalised instruction shape (58 insns, unique in both)",0x004577da,same,
0x004561c0,FUN_00457883,lib,"Direct3DX 8 static library (texture and image loading; includes libpng 1.0.5, libjpeg and zlib)",high,"identical normalised instruction shape (93 insns, unique in both)",0x00457883,same,
0x004562e3,FUN_004579a6,lib,"Direct3DX 8 static library (texture and image loading; includes libpng 1.0.5, libjpeg and zlib)",high,"identical normalised instruction shape (83 insns, unique in both)",0x004579a6,same,
0x004563e4,FUN_00457aa7,lib,"Direct3DX 8 static library (texture and image loading; includes libpng 1.0.5, libjpeg and zlib)",high,"identical normalised instruction shape (92 insns, unique in both)",0x00457aa7,same,
0x00456507,FUN_00457bca,lib,"Direct3DX 8 static library (texture and image loading; includes libpng 1.0.5, libjpeg and zlib)",high,"identical normalised instruction shape (70 insns, unique in both)",0x00457bca,same,
0x004565d7,FUN_00457c9a,lib,"Direct3DX 8 static library (texture and image loading; includes libpng 1.0.5, libjpeg and zlib)",high,"identical normalised instruction shape (97 insns, unique in both)",0x00457c9a,same,
0x004566ef,FUN_00457db2,lib,"Direct3DX 8 static library (texture and image loading; includes libpng 1.0.5, libjpeg and zlib)",high,"identical normalised instruction shape (73 insns, unique in both)",0x00457db2,same,
0x004567b4,FUN_00457e77,lib,"Direct3DX 8 static library (texture and image loading; includes libpng 1.0.5, libjpeg and zlib)",high,"identical normalised instruction shape (66 insns, unique in both)",0x00457e77,same,
0x00456879,FUN_00457f3c,lib,"Direct3DX 8 static library (texture and image loading; includes libpng 1.0.5, libjpeg and zlib)",high,"identical normalised instruction shape (81 insns, unique in both)",0x00457f3c,same,
0x0045696f,FUN_00458032,lib,"Direct3DX 8 static library (texture and image loading; includes libpng 1.0.5, libjpeg and zlib)",high,"identical normalised instruction shape (78 insns, unique in both)",0x00458032,same,
0x00456a5a,FUN_0045811d,lib,"Direct3DX 8 static library (texture and image loading; includes libpng 1.0.5, libjpeg and zlib)",high,"identical normalised instruction shape (72 insns, unique in both)",0x0045811d,same,
0x00456b2f,FUN_004581f2,lib,"Direct3DX 8 static library (texture and image loading; includes libpng 1.0.5, libjpeg and zlib)",high,"identical normalised instruction shape (85 insns, unique in both)",0x004581f2,same,
0x00456c34,FUN_004582f7,lib,"Direct3DX 8 static library (texture and image loading; includes libpng 1.0.5, libjpeg and zlib)",high,"identical normalised instruction shape (85 insns, unique in both)",0x004582f7,same,
0x00456d3f,FUN_00458402,lib,"Direct3DX 8 static library (texture and image loading; includes libpng 1.0.5, libjpeg and zlib)",high,"identical normalised instruction shape (100 insns, unique in both)",0x00458402,same,
0x00456e79,FUN_0045853c,lib,"Direct3DX 8 static library (texture and image loading; includes libpng 1.0.5, libjpeg and zlib)",high,"identical normalised instruction shape (71 insns, unique in both)",0x0045853c,same,
0x00456f4f,FUN_00458612,lib,"Direct3DX 8 static library (texture and image loading; includes libpng 1.0.5, libjpeg and zlib)",high,"identical normalised instruction shape (84 insns, unique in both)",0x00458612,same,
0x00457059,FUN_0045871c,lib,"Direct3DX 8 static library (texture and image loading; includes libpng 1.0.5, libjpeg and zlib)",high,"identical normalised instruction shape (100 insns, unique in both)",0x0045871c,same,
0x0045718f,FUN_00458852,lib,"Direct3DX 8 static library (texture and image loading; includes libpng 1.0.5, libjpeg and zlib)",high,"identical normalised instruction shape (67 insns, unique in both)",0x00458852,same,
0x00457256,FUN_00458919,lib,"Direct3DX 8 static library (texture and image loading; includes libpng 1.0.5, libjpeg and zlib)",high,"identical normalised instruction shape (78 insns, unique in both)",0x00458919,same,
0x00457344,FUN_00458a07,lib,"Direct3DX 8 static library (texture and image loading; includes libpng 1.0.5, libjpeg and zlib)",high,"identical normalised instruction shape (76 insns, unique in both)",0x00458a07,same,
0x00457433,FUN_00458af6,lib,"Direct3DX 8 static library (texture and image loading; includes libpng 1.0.5, libjpeg and zlib)",high,"identical normalised instruction shape (115 insns, unique in both)",0x00458af6,same,
0x0045758f,FUN_00458c52,lib,"Direct3DX 8 static library (texture and image loading; includes libpng 1.0.5, libjpeg and zlib)",high,"identical normalised instruction shape (49 insns, unique in both)",0x00458c52,same,
0x0045761b,FUN_00458cde,lib,"Direct3DX 8 static library (texture and image loading; includes libpng 1.0.5, libjpeg and zlib)",high,"identical normalised instruction shape (56 insns, unique in both)",0x00458cde,same,
0x004576c1,FUN_00458d84,lib,"Direct3DX 8 static library (texture and image loading; includes libpng 1.0.5, libjpeg and zlib)",high,"identical normalised instruction shape (53 insns, unique in both)",0x00458d84,same,
0x0045775d,FUN_00458e20,lib,"Direct3DX 8 static library (texture and image loading; includes libpng 1.0.5, libjpeg and zlib)",high,"identical normalised instruction shape (59 insns, unique in both)",0x00458e20,same,
0x00457802,FUN_00458ec5,lib,"Direct3DX 8 static library (texture and image loading; includes libpng 1.0.5, libjpeg and zlib)",high,"identical normalised instruction shape (60 insns, unique in both)",0x00458ec5,same,
0x004578a4,FUN_00458f67,lib,"Direct3DX 8 static library (texture and image loading; includes libpng 1.0.5, libjpeg and zlib)",high,"identical normalised instruction shape (64 insns, unique in both)",0x00458f67,same,
0x00457954,FUN_00459017,lib,"Direct3DX 8 static library (texture and image loading; includes libpng 1.0.5, libjpeg and zlib)",high,"identical normalised instruction shape (64 insns, unique in both)",0x00459017,same,
0x00457a03,FUN_004590c6,lib,"Direct3DX 8 static library (texture and image loading; includes libpng 1.0.5, libjpeg and zlib)",high,"identical normalised instruction shape (73 insns, unique in both)",0x004590c6,same,
0x00457ad9,FUN_0045919c,lib,"Direct3DX 8 static library (texture and image loading; includes libpng 1.0.5, libjpeg and zlib)",high,"identical normalised instruction shape (50 insns, unique in both)",0x0045919c,same,
0x00457b6b,FUN_0045922e,lib,"Direct3DX 8 static library (texture and image loading; includes libpng 1.0.5, libjpeg and zlib)",high,"identical normalised instruction shape (58 insns, unique in both)",0x0045922e,same,
0x00457c0d,FUN_004592d0,lib,"Direct3DX 8 static library (texture and image loading; includes libpng 1.0.5, libjpeg and zlib)",high,"identical normalised instruction shape (41 insns, unique in both)",0x004592d0,same,
0x00457c7f,FUN_00459342,lib,"Direct3DX 8 static library (texture and image loading; includes libpng 1.0.5, libjpeg and zlib)",high,"identical normalised instruction shape (63 insns, unique in both)",0x00459342,same,
0x00457d31,FUN_004593f4,lib,"Direct3DX 8 static library (texture and image loading; includes libpng 1.0.5, libjpeg and zlib)",high,"identical normalised instruction shape (59 insns, unique in both)",0x004593f4,same,
0x00457dd0,FUN_00459493,lib,"Direct3DX 8 static library (texture and image loading; includes libpng 1.0.5, libjpeg and zlib)",high,"identical normalised instruction shape (51 insns, unique in both)",0x00459493,same,
0x00457ebb,FUN_0045957e,lib,"Direct3DX 8 static library (texture and image loading; includes libpng 1.0.5, libjpeg and zlib)",high,"identical normalised instruction shape (39 insns, unique in both)",0x0045957e,same,
0x00457f29,FUN_004595ec,lib,"Direct3DX 8 static library (texture and image loading; includes libpng 1.0.5, libjpeg and zlib)",high,"identical normalised instruction shape (49 insns, unique in both)",0x004595ec,same,
0x00457fb2,FUN_00459675,lib,"Direct3DX 8 static library (texture and image loading; includes libpng 1.0.5, libjpeg and zlib)",high,"identical normalised instruction shape (50 insns, unique in both)",0x00459675,same,
0x0045803b,FUN_004596fe,lib,"Direct3DX 8 static library (texture and image loading; includes libpng 1.0.5, libjpeg and zlib)",high,"identical normalised instruction shape (47 insns, unique in both)",0x004596fe,same,
0x004580bd,FUN_00459780,lib,"Direct3DX 8 static library (texture and image loading; includes libpng 1.0.5, libjpeg and zlib)",high,"identical normalised instruction shape (64 insns, unique in both)",0x00459780,same,
0x0045816e,FUN_00459831,lib,"Direct3DX 8 static library (texture and image loading; includes libpng 1.0.5, libjpeg and zlib)",high,"identical normalised instruction shape (49 insns, unique in both)",0x00459831,same,
0x004581ff,FUN_004598c2,lib,"Direct3DX 8 static library (texture and image loading; includes libpng 1.0.5, libjpeg and zlib)",high,"identical normalised instruction shape (52 insns, unique in both)",0x004598c2,same,
0x00458296,FUN_00459959,lib,"Direct3DX 8 static library (texture and image loading; includes libpng 1.0.5, libjpeg and zlib)",high,"identical normalised instruction shape (46 insns, unique in both)",0x00459959,same,
0x00458319,FUN_004599dc,lib,"Direct3DX 8 static library (texture and image loading; includes libpng 1.0.5, libjpeg and zlib)",high,"identical normalised instruction shape (63 insns, unique in both)",0x004599dc,same,
0x004583d3,FUN_00459a96,lib,"Direct3DX 8 static library (texture and image loading; includes libpng 1.0.5, libjpeg and zlib)",high,"identical normalised instruction shape (70 insns, unique in both)",0x00459a96,same,
0x004584a6,FUN_00459b69,lib,"Direct3DX 8 static library (texture and image loading; includes libpng 1.0.5, libjpeg and zlib)",high,"identical normalised instruction shape (40 insns, unique in both)",0x00459b69,same,
0x00458516,FUN_00459bd9,lib,"Direct3DX 8 static library (texture and image loading; includes libpng 1.0.5, libjpeg and zlib)",high,"identical normalised instruction shape (48 insns, unique in both)",0x00459bd9,same,
0x004585a4,FUN_00459c67,lib,"Direct3DX 8 static library (texture and image loading; includes libpng 1.0.5, libjpeg and zlib)",high,"identical normalised instruction shape (49 insns, unique in both)",0x00459c67,same,
0x00458630,FUN_00459cf3,lib,"Direct3DX 8 static library (texture and image loading; includes libpng 1.0.5, libjpeg and zlib)",high,"identical normalised instruction shape (77 insns, unique in both)",0x00459cf3,same,
0x00458710,FUN_00459dd3,lib,"Direct3DX 8 static library (texture and image loading; includes libpng 1.0.5, libjpeg and zlib)",medium,caller of operator_new_439e75 (score 1.00),0x00459dd3,same-opcodes,
0x00458808,FUN_00459ecb,lib,"Direct3DX 8 static library (texture and image loading; includes libpng 1.0.5, libjpeg and zlib)",high,"identical normalised instruction shape (10 insns, unique in both)",0x00459ecb,same,
0x00458824,FUN_00459ee7,lib,"Direct3DX 8 static library (texture and image loading; includes libpng 1.0.5, libjpeg and zlib)",high,"identical normalised instruction shape (146 insns, unique in both)",0x00459ee7,same,
0x00458a10,FUN_0045aa00,lib,"Direct3DX 8 static library (texture and image loading; includes libpng 1.0.5, libjpeg and zlib)",medium,"identical shape, caller of thunk_FUN_004563a1 (score 1.00)",0x0045aa00,same,
0x00458a2c,FUN_0045a0d3,lib,"Direct3DX 8 static library (texture and image loading; includes libpng 1.0.5, libjpeg and zlib)",medium,"same position between matched neighbours, identical shape (10 insns)",0x0045a0d3,same,
0x00458a48,FUN_0045a0ef,lib,"Direct3DX 8 static library (texture and image loading; includes libpng 1.0.5, libjpeg and zlib)",medium,"same position between matched neighbours, identical shape (10 insns)",0x0045a0ef,same,
0x00458a64,FUN_0045a10b,lib,"Direct3DX 8 static library (texture and image loading; includes libpng 1.0.5, libjpeg and zlib)",medium,"same position between matched neighbours, identical shape (10 insns)",0x0045a10b,same,
0x00458a80,FUN_0045a127,lib,"Direct3DX 8 static library (texture and image loading; includes libpng 1.0.5, libjpeg and zlib)",high,"identical normalised instruction shape (237 insns, unique in both)",0x0045a127,same,
0x00458d51,FUN_0045a3fd,lib,"Direct3DX 8 static library (texture and image loading; includes libpng 1.0.5, libjpeg and zlib)",medium,"identical shape, callee FUN_0045aeb7 (score 1.00)",0x0045a3fd,same,
0x00458d6d,FUN_0045a419,lib,"Direct3DX 8 static library (texture and image loading; includes libpng 1.0.5, libjpeg and zlib)",medium,"identical shape, callee FUN_0045aeb7 (score 1.00)",0x0045a419,same,
0x00458d89,FUN_0045a435,lib,"Direct3DX 8 static library (texture and image loading; includes libpng 1.0.5, libjpeg and zlib)",medium,"identical shape, callee FUN_0045aeb7 (score 1.00)",0x0045a435,same,
0x00458da5,FUN_0045a451,lib,"Direct3DX 8 static library (texture and image loading; includes libpng 1.0.5, libjpeg and zlib)",medium,"identical shape, callee FUN_0045aeb7 (score 1.00)",0x0045a451,same,
0x00458dc1,FUN_0045a46d,lib,"Direct3DX 8 static library (texture and image loading; includes libpng 1.0.5, libjpeg and zlib)",medium,"identical shape, callee FUN_0045aeb7 (score 1.00)",0x0045a46d,same,
0x00458ddd,FUN_0045a489,lib,"Direct3DX 8 static library (texture and image loading; includes libpng 1.0.5, libjpeg and zlib)",high,"identical normalised instruction shape (45 insns, unique in both)",0x0045a489,same,
0x00458e6a,FUN_0045a516,lib,"Direct3DX 8 static library (texture and image loading; includes libpng 1.0.5, libjpeg and zlib)",medium,"same position between matched neighbours, identical shape (10 insns)",0x0045a516,same,
0x00458ef5,FUN_0045a5a1,lib,"Direct3DX 8 static library (texture and image loading; includes libpng 1.0.5, libjpeg and zlib)",high,"identical normalised instruction shape (109 insns, unique in both)",0x0045a5a1,same,
0x004590e7,FUN_0045a793,lib,"Direct3DX 8 static library (texture and image loading; includes libpng 1.0.5, libjpeg and zlib)",medium,"same position between matched neighbours, identical shape (10 insns)",0x0045a793,same,
0x00459103,FUN_0045a7af,lib,"Direct3DX 8 static library (texture and image loading; includes libpng 1.0.5, libjpeg and zlib)",medium,"same position between matched neighbours, identical shape (10 insns)",0x0045a7af,same,
0x0045911f,FUN_0045a7cb,lib,"Direct3DX 8 static library (texture and image loading; includes libpng 1.0.5, libjpeg and zlib)",medium,"same position between matched neighbours, identical shape (10 insns)",0x0045a7cb,same,
0x0045913b,FUN_0045a7e7,lib,"Direct3DX 8 static library (texture and image loading; includes libpng 1.0.5, libjpeg and zlib)",medium,"same position between matched neighbours, identical shape (10 insns)",0x0045a7e7,same,
0x00459157,FUN_0045a803,lib,"Direct3DX 8 static library (texture and image loading; includes libpng 1.0.5, libjpeg and zlib)",medium,"identical shape, caller of FUN_004566ae (score 1.00)",0x0045a803,same,
0x00459173,FUN_0045a81f,lib,"Direct3DX 8 static library (texture and image loading; includes libpng 1.0.5, libjpeg and zlib)",medium,"same position between matched neighbours, identical shape (10 insns)",0x0045a81f,same,
0x0045918f,FUN_0045a83b,lib,"Direct3DX 8 static library (texture and image loading; includes libpng 1.0.5, libjpeg and zlib)",medium,"same position between matched neighbours, identical shape (10 insns)",0x0045a83b,same,
0x004591ab,FUN_0045a857,lib,"Direct3DX 8 static library (texture and image loading; includes libpng 1.0.5, libjpeg and zlib)",high,"identical normalised instruction shape (71 insns, unique in both)",0x0045a857,same,
0x004592ac,FUN_0045a958,lib,"Direct3DX 8 static library (texture and image loading; includes libpng 1.0.5, libjpeg and zlib)",medium,"same position between matched neighbours, identical shape (10 insns)",0x0045a958,same,
0x004592c8,FUN_0045a974,lib,"Direct3DX 8 static library (texture and image loading; includes libpng 1.0.5, libjpeg and zlib)",medium,"same position between matched neighbours, identical shape (10 insns)",0x0045a974,same,
0x004592e4,FUN_0045a990,lib,"Direct3DX 8 static library (texture and image loading; includes libpng 1.0.5, libjpeg and zlib)",medium,"same position between matched neighbours, identical shape (10 insns)",0x0045a990,same,
0x00459300,FUN_0045a9ac,lib,"Direct3DX 8 static library (texture and image loading; includes libpng 1.0.5, libjpeg and zlib)",medium,"same position between matched neighbours, identical shape (10 insns)",0x0045a9ac,same,
0x0045931c,FUN_0045a9c8,lib,"Direct3DX 8 static library (texture and image loading; includes libpng 1.0.5, libjpeg and zlib)",medium,"same position between matched neighbours, identical shape (10 insns)",0x0045a9c8,same,
0x00459338,FUN_0045a9e4,lib,"Direct3DX 8 static library (texture and image loading; includes libpng 1.0.5, libjpeg and zlib)",high,"identical normalised instruction shape (10 insns, unique in both)",0x0045a9e4,same,
0x00459354,FUN_0045aa1c,lib,"Direct3DX 8 static library (texture and image loading; includes libpng 1.0.5, libjpeg and zlib)",medium,"identical shape, callee FUN_0045aeb7 (score 1.00)",0x0045aa1c,same,
0x00459370,FUN_0045aa38,lib,"Direct3DX 8 static library (texture and image loading; includes libpng 1.0.5, libjpeg and zlib)",medium,"identical shape, callee FUN_0045aeb7 (score 1.00)",0x0045aa38,same,
0x0045938c,FUN_0045aa54,lib,"Direct3DX 8 static library (texture and image loading; includes libpng 1.0.5, libjpeg and zlib)",medium,caller of operator_new_439e75 (score 1.00),0x0045aa54,same-opcodes,
0x00459635,FUN_0045acfd,lib,"Direct3DX 8 static library (texture and image loading; includes libpng 1.0.5, libjpeg and zlib)",medium,"same position between matched neighbours, identical shape (10 insns)",0x0045acfd,same,
0x00459651,FUN_0045ad19,lib,"Direct3DX 8 static library (texture and image loading; includes libpng 1.0.5, libjpeg and zlib)",medium,"same position between matched neighbours, identical shape (10 insns)",0x0045ad19,same,
0x0045966d,FUN_0045ad35,lib,"Direct3DX 8 static library (texture and image loading; includes libpng 1.0.5, libjpeg and zlib)",medium,"same position between matched neighbours, identical shape (10 insns)",0x0045ad35,same,
0x00459689,FUN_0045ad51,lib,"Direct3DX 8 static library (texture and image loading; includes libpng 1.0.5, libjpeg and zlib)",medium,"same position between matched neighbours, identical shape (10 insns)",0x0045ad51,same,
0x004596a5,FUN_0045ad6d,lib,"Direct3DX 8 static library (texture and image loading; includes libpng 1.0.5, libjpeg and zlib)",high,"identical normalised instruction shape (10 insns, unique in both)",0x0045ad6d,same,
0x004596c1,thunk_FUN_004563a1,lib,"Direct3DX 8 static library (texture and image loading; includes libpng 1.0.5, libjpeg and zlib)",medium,"identical shape, caller of FUN_004563a1 (score 1.00)",0x0045a3f8,same,
0x004596c6,FUN_0045ad89,lib,"Direct3DX 8 static library (texture and image loading; includes libpng 1.0.5, libjpeg and zlib)",high,"identical normalised instruction shape (10 insns, unique in both)",0x0045ad89,same,
0x004596e2,FUN_0045ada5,lib,"Direct3DX 8 static library (texture and image loading; includes libpng 1.0.5, libjpeg and zlib)",medium,"identical shape, callee FUN_0045aeb7 (score 1.00)",0x0045ada5,same,
0x004596fa,FUN_0045adbd,lib,"Direct3DX 8 static library (texture and image loading; includes libpng 1.0.5, libjpeg and zlib)",medium,"identical shape, callee FUN_0045aeb7 (score 1.00)",0x0045adbd,same,
0x00459712,FUN_0045adf1,lib,"Direct3DX 8 static library (texture and image loading; includes libpng 1.0.5, libjpeg and zlib)",medium,"identical shape, callee FUN_0045aeb7 (score 1.00)",0x0045adf1,same,
0x0045972a,FUN_0045ae0e,lib,"Direct3DX 8 static library (texture and image loading; includes libpng 1.0.5, libjpeg and zlib)",medium,"identical shape, callee FUN_0045aeb7 (score 1.00)",0x0045ae0e,same,
0x00459742,FUN_0045ae26,lib,"Direct3DX 8 static library (texture and image loading; includes libpng 1.0.5, libjpeg and zlib)",medium,"identical shape, callee FUN_0045aeb7 (score 1.00)",0x0045ae26,same,
0x0045975a,FUN_0045add5,lib,"Direct3DX 8 static library (texture and image loading; includes libpng 1.0.5, libjpeg and zlib)",medium,"identical shape, caller of thunk_FUN_004566ae (score 1.00)",0x0045add5,same,
0x00459776,thunk_FUN_004566ae,lib,"Direct3DX 8 static library (texture and image loading; includes libpng 1.0.5, libjpeg and zlib)",medium,"identical shape, caller of FUN_004566ae (score 1.00)",0x0045ae09,same,
0x0045977b,FUN_0045ae3e,lib,"Direct3DX 8 static library (texture and image loading; includes libpng 1.0.5, libjpeg and zlib)",high,"identical normalised instruction shape (23 insns, unique in both)",0x0045ae3e,same,
0x004597c4,FUN_0045ae87,lib,"Direct3DX 8 static library (texture and image loading; includes libpng 1.0.5, libjpeg and zlib)",medium,"same position between matched neighbours, identical shape (8 insns)",0x0045ae87,same,
0x004597dc,FUN_0045ae9f,lib,"Direct3DX 8 static library (texture and image loading; includes libpng 1.0.5, libjpeg and zlib)",medium,"same position between matched neighbours, identical shape (8 insns)",0x0045ae9f,same,
0x004597f4,FUN_0045aeb7,lib,"Direct3DX 8 static library (texture and image loading; includes libpng 1.0.5, libjpeg and zlib)",high,"identical normalised instruction shape (490 insns, unique in both)",0x0045aeb7,same,
0x00459f6c,FUN_0045b62f,lib,"Direct3DX 8 static library (texture and image loading; includes libpng 1.0.5, libjpeg and zlib)",medium,"identical shape, caller of thunk_FUN_0045ae3e (score 1.00)",0x0045b62f,same,
0x00459f88,thunk_FUN_0045ae3e,lib,"Direct3DX 8 static library (texture and image loading; includes libpng 1.0.5, libjpeg and zlib)",medium,"identical shape, caller of FUN_0045ae3e (score 1.00)",0x0045b64b,same,
0x00459f8d,FUN_0045b650,lib,"Direct3DX 8 static library (texture and image loading; includes libpng 1.0.5, libjpeg and zlib)",medium,"identical shape, callee FUN_00450177 (score 1.00)",0x0045b650,same,
0x00459f9f,FUN_0045b662,lib,"Direct3DX 8 static library (texture and image loading; includes libpng 1.0.5, libjpeg and zlib)",high,only caller of import MapViewOfFile,0x0045b662,same,
0x0045a0af,FUN_0045b772,lib,"Direct3DX 8 static library (texture and image loading; includes libpng 1.0.5, libjpeg and zlib)",high,only caller of import UnmapViewOfFile,0x0045b772,same,
0x0045a0f0,FUN_0045b7b3,lib,"Direct3DX 8 static library (texture and image loading; includes libpng 1.0.5, libjpeg and zlib)",medium,"identical shape, callee FUN_00450177 (score 1.00)",0x0045b7b3,same,
0x0045a100,FUN_0045b7c0,lib,"Direct3DX 8 static library (texture and image loading; includes libpng 1.0.5, libjpeg and zlib)",high,"identical normalised instruction shape (35 insns, unique in both)",0x0045b7c0,same,
0x0045a210,FUN_0045b8d0,lib,"Direct3DX 8 static library (texture and image loading; includes libpng 1.0.5, libjpeg and zlib)",high,"identical normalised instruction shape (36 insns, unique in both)",0x0045b8d0,same,
0x0045a320,FUN_0045b9e0,lib,"Direct3DX 8 static library (texture and image loading; includes libpng 1.0.5, libjpeg and zlib)",high,unique string 'AuthenticAMD' (2 shared),0x0045b9e0,same,
0x0045a3f3,FUN_0045bab3,lib,"Direct3DX 8 static library (texture and image loading; includes libpng 1.0.5, libjpeg and zlib)",high,"identical normalised instruction shape (73 insns, unique in both)",0x0045bab3,same,
0x0045a83a,FUN_0045befa,lib,"Direct3DX 8 static library (texture and image loading; includes libpng 1.0.5, libjpeg and zlib)",high,"identical normalised instruction shape (73 insns, unique in both)",0x0045befa,same,
0x0045a904,FUN_0045bfc4,lib,"Direct3DX 8 static library (texture and image loading; includes libpng 1.0.5, libjpeg and zlib)",high,"identical normalised instruction shape (89 insns, unique in both)",0x0045bfc4,same,
0x0045a9e7,FUN_0045c0a7,lib,"Direct3DX 8 static library (texture and image loading; includes libpng 1.0.5, libjpeg and zlib)",high,"identical normalised instruction shape (60 insns, unique in both)",0x0045c0a7,same,
0x0045aa75,FUN_0045c135,lib,"Direct3DX 8 static library (texture and image loading; includes libpng 1.0.5, libjpeg and zlib)",high,"identical normalised instruction shape (10 insns, unique in both)",0x0045c135,same,
0x0045aab1,FUN_0045c171,lib,"Direct3DX 8 static library (texture and image loading; includes libpng 1.0.5, libjpeg and zlib)",high,"identical normalised instruction shape (77 insns, unique in both)",0x0045c171,same,
0x0045ab71,thunk_FUN_0046c32c,lib,"Direct3DX 8 static library (texture and image loading; includes libpng 1.0.5, libjpeg and zlib)",medium,"identical shape, callee FUN_00450df7 (score 1.00)",0x0045c231,same,
0x0045ab76,FUN_0045c236,lib,"Direct3DX 8 static library (texture and image loading; includes libpng 1.0.5, libjpeg and zlib)",high,"identical normalised instruction shape (127 insns, unique in both)",0x0045c236,same,
0x0045ace9,FUN_0045c3a9,lib,"Direct3DX 8 static library (texture and image loading; includes libpng 1.0.5, libjpeg and zlib)",high,"identical normalised instruction shape (58 insns, unique in both)",0x0045c3a9,same,
0x0045ad83,FUN_0045c443,lib,"Direct3DX 8 static library (texture and image loading; includes libpng 1.0.5, libjpeg and zlib)",high,"identical normalised instruction shape (61 insns, unique in both)",0x0045c443,same,
0x0045ae2a,FUN_0045c4ea,lib,"Direct3DX 8 static library (texture and image loading; includes libpng 1.0.5, libjpeg and zlib)",high,"identical normalised instruction shape (43 insns, unique in both)",0x0045c4ea,same,
0x0045ae8d,FUN_0045c54d,lib,"Direct3DX 8 static library (texture and image loading; includes libpng 1.0.5, libjpeg and zlib)",high,"identical normalised instruction shape (69 insns, unique in both)",0x0045c54d,same,
0x0045af36,FUN_0045c5f6,lib,"Direct3DX 8 static library (texture and image loading; includes libpng 1.0.5, libjpeg and zlib)",high,"identical normalised instruction shape (53 insns, unique in both)",0x0045c5f6,same,
0x0045afba,FUN_0045c67a,lib,"Direct3DX 8 static library (texture and image loading; includes libpng 1.0.5, libjpeg and zlib)",high,"identical normalised instruction shape (70 insns, unique in both)",0x0045c67a,same,
0x0045b07b,FUN_0045c73b,lib,"Direct3DX 8 static library (texture and image loading; includes libpng 1.0.5, libjpeg and zlib)",high,"identical normalised instruction shape (42 insns, unique in both)",0x0045c73b,same,
0x0045b109,FUN_0045c7c9,lib,"Direct3DX 8 static library (texture and image loading; includes libpng 1.0.5, libjpeg and zlib)",high,"identical normalised instruction shape (284 insns, unique in both)",0x0045c7c9,same,
0x0045b404,FUN_0045cac4,lib,"Direct3DX 8 static library (texture and image loading; includes libpng 1.0.5, libjpeg and zlib)",high,"identical normalised instruction shape (252 insns, unique in both)",0x0045cac4,same,
0x0045b6b6,FUN_0045cd76,lib,"Direct3DX 8 static library (texture and image loading; includes libpng 1.0.5, libjpeg and zlib)",high,"identical normalised instruction shape (198 insns, unique in both)",0x0045cd76,same,
0x0045b8f2,FUN_0045cfb2,lib,"Direct3DX 8 static library (texture and image loading; includes libpng 1.0.5, libjpeg and zlib)",high,"identical normalised instruction shape (139 insns, unique in both)",0x0045cfb2,same,
0x0045ba6c,FUN_0045d12c,lib,"Direct3DX 8 static library (texture and image loading; includes libpng 1.0.5, libjpeg and zlib)",high,"identical normalised instruction shape (130 insns, unique in both)",0x0045d12c,same,
0x0045bbc3,FUN_0045d283,lib,"Direct3DX 8 static library (texture and image loading; includes libpng 1.0.5, libjpeg and zlib)",high,"identical normalised instruction shape (241 insns, unique in both)",0x0045d283,same,
0x0045be57,FUN_0045d517,lib,"Direct3DX 8 static library (texture and image loading; includes libpng 1.0.5, libjpeg and zlib)",high,"identical normalised instruction shape (201 insns, unique in both)",0x0045d517,same,
0x0045c080,FUN_0045d740,lib,"Direct3DX 8 static library (texture and image loading; includes libpng 1.0.5, libjpeg and zlib)",high,"identical normalised instruction shape (101 insns, unique in both)",0x0045d740,same,
0x0045c157,FUN_0045d817,lib,"Direct3DX 8 static library (texture and image loading; includes libpng 1.0.5, libjpeg and zlib)",high,"identical normalised instruction shape (70 insns, unique in both)",0x0045d817,same,
0x0045c1f3,FUN_0045d8b3,lib,"Direct3DX 8 static library (texture and image loading; includes libpng 1.0.5, libjpeg and zlib)",high,"identical normalised instruction shape (85 insns, unique in both)",0x0045d8b3,same,
0x0045c2ca,FUN_0045d98a,lib,"Direct3DX 8 static library (texture and image loading; includes libpng 1.0.5, libjpeg and zlib)",high,"identical normalised instruction shape (67 insns, unique in both)",0x0045d98a,same,
0x0045c54e,FUN_0045dc0e,lib,"Direct3DX 8 static library (texture and image loading; includes libpng 1.0.5, libjpeg and zlib)",high,"identical normalised instruction shape (46 insns, unique in both)",0x0045dc0e,same,
0x0045c6bb,FUN_0045dd7b,lib,"Direct3DX 8 static library (texture and image loading; includes libpng 1.0.5, libjpeg and zlib)",high,"identical normalised instruction shape (13 insns, unique in both)",0x0045dd7b,same,
0x0045c6e5,FUN_0045dda5,lib,"Direct3DX 8 static library (texture and image loading; includes libpng 1.0.5, libjpeg and zlib)",high,"identical normalised instruction shape (33 insns, unique in both)",0x0045dda5,same,
0x0045c762,FUN_0045de22,lib,"Direct3DX 8 static library (texture and image loading; includes libpng 1.0.5, libjpeg and zlib)",high,"identical normalised instruction shape (11 insns, unique in both)",0x0045de22,same,
0x0045c856,FUN_0045df33,lib,"Direct3DX 8 static library (texture and image loading; includes libpng 1.0.5, libjpeg and zlib)",high,"identical normalised instruction shape (16 insns, unique in both)",0x0045df33,same,
0x0045c8a2,FUN_0045df7f,lib,"Direct3DX 8 static library (texture and image loading; includes libpng 1.0.5, libjpeg and zlib)",high,unique string '0123456789ABCDEF1.0.5' (1 shared),0x0045df7f,same,
0x0045c929,FUN_0045e006,lib,"Direct3DX 8 static library (texture and image loading; includes libpng 1.0.5, libjpeg and zlib)",medium,"identical shape, callee FUN_0045e09d (score 1.00)",0x0045e006,same,
0x0045c943,FUN_0045e020,lib,"Direct3DX 8 static library (texture and image loading; includes libpng 1.0.5, libjpeg and zlib)",high,"identical normalised instruction shape (13 insns, unique in both)",0x0045e020,same,
0x0045c961,FUN_0045e03e,lib,"Direct3DX 8 static library (texture and image loading; includes libpng 1.0.5, libjpeg and zlib)",high,"identical normalised instruction shape (10 insns, unique in both)",0x0045e03e,same,
0x0045c976,FUN_0045e053,lib,"Direct3DX 8 static library (texture and image loading; includes libpng 1.0.5, libjpeg and zlib)",medium,"identical shape, callee FUN_0046cfe6 (score 1.00)",0x0045e053,same,
0x0045c99b,FUN_0045e078,lib,"Direct3DX 8 static library (texture and image loading; includes libpng 1.0.5, libjpeg and zlib)",medium,"identical shape, callee FUN_0046d83e (score 1.00)",0x0045e078,same,
0x0045c9c0,FUN_0045e09d,lib,"Direct3DX 8 static library (texture and image loading; includes libpng 1.0.5, libjpeg and zlib)",high,unique string 'zlib version error' (5 shared),0x0045e09d,same,
0x0045cac3,FUN_0045e1a0,lib,"Direct3DX 8 static library (texture and image loading; includes libpng 1.0.5, libjpeg and zlib)",high,unique string 'Missing PLTE before IDAT' (4 shared),0x0045e1a0,same,
0x0045cc36,FUN_0045e313,lib,"Direct3DX 8 static library (texture and image loading; includes libpng 1.0.5, libjpeg and zlib)",high,"identical normalised instruction shape (14 insns, unique in both)",0x0045e313,same,
0x0045cc56,FUN_0045e333,lib,"Direct3DX 8 static library (texture and image loading; includes libpng 1.0.5, libjpeg and zlib)",high,unique string 'Decompression error' (2 shared),0x0045e333,same,
0x0045cffd,FUN_0045e6da,lib,"Direct3DX 8 static library (texture and image loading; includes libpng 1.0.5, libjpeg and zlib)",high,"identical normalised instruction shape (34 insns, unique in both)",0x0045e6da,same,
0x0045d04a,FUN_0045e727,lib,"Direct3DX 8 static library (texture and image loading; includes libpng 1.0.5, libjpeg and zlib)",high,"identical normalised instruction shape (111 insns, unique in both)",0x0045e727,same,
0x0045d16d,FUN_0045e84a,lib,"Direct3DX 8 static library (texture and image loading; includes libpng 1.0.5, libjpeg and zlib)",high,"identical normalised instruction shape (56 insns, unique in both)",0x0045e84a,same,
0x0045d1ee,FUN_0045e8cb,lib,"Direct3DX 8 static library (texture and image loading; includes libpng 1.0.5, libjpeg and zlib)",high,"identical normalised instruction shape (10 insns, unique in both)",0x0045e8cb,same,
0x0045d208,FUN_0045e8e5,lib,"Direct3DX 8 static library (texture and image loading; includes libpng 1.0.5, libjpeg and zlib)",medium,"identical shape, callee FUN_004517e3 (score 1.00)",0x0045e8e5,same,
0x0045d21e,FUN_0045e8fb,lib,"Direct3DX 8 static library (texture and image loading; includes libpng 1.0.5, libjpeg and zlib)",medium,"identical shape, callee FUN_004517e3 (score 1.00)",0x0045e8fb,same,
0x0045d234,FUN_0045e911,lib,"Direct3DX 8 static library (texture and image loading; includes libpng 1.0.5, libjpeg and zlib)",high,"identical normalised instruction shape (17 insns, unique in both)",0x0045e911,same,
0x0045d25d,FUN_0045e93a,lib,"Direct3DX 8 static library (texture and image loading; includes libpng 1.0.5, libjpeg and zlib)",high,"identical normalised instruction shape (16 insns, unique in both)",0x0045e93a,same,
0x0045d288,FUN_0045e965,lib,"Direct3DX 8 static library (texture and image loading; includes libpng 1.0.5, libjpeg and zlib)",high,unique string 'Width too large for libpng to process im' (1 shared),0x0045e965,same,
0x0045d359,FUN_0045ea36,lib,"Direct3DX 8 static library (texture and image loading; includes libpng 1.0.5, libjpeg and zlib)",high,"identical normalised instruction shape (20 insns, unique in both)",0x0045ea36,same,
0x0045d38c,FUN_0045ea69,lib,"Direct3DX 8 static library (texture and image loading; includes libpng 1.0.5, libjpeg and zlib)",high,"identical normalised instruction shape (46 insns, unique in both)",0x0045ea69,same,
0x0045d3f3,FUN_0045ead0,lib,"Direct3DX 8 static library (texture and image loading; includes libpng 1.0.5, libjpeg and zlib)",medium,"identical shape, callee FUN_004517e3 (score 1.00)",0x0045ead0,same,
0x0045d3fc,FUN_0045ead9,lib,"Direct3DX 8 static library (texture and image loading; includes libpng 1.0.5, libjpeg and zlib)",medium,"identical shape, callee FUN_004517e3 (score 1.00)",0x0045ead9,same,
0x0045d40e,FUN_0045eaeb,lib,"Direct3DX 8 static library (texture and image loading; includes libpng 1.0.5, libjpeg and zlib)",medium,"identical shape, callee FUN_004517e3 (score 1.00)",0x0045eaeb,same,
0x0045d427,FUN_0045eb04,lib,"Direct3DX 8 static library (texture and image loading; includes libpng 1.0.5, libjpeg and zlib)",high,"identical normalised instruction shape (10 insns, unique in both)",0x0045eb04,same,
0x0045d440,FUN_0045eb1d,lib,"Direct3DX 8 static library (texture and image loading; includes libpng 1.0.5, libjpeg and zlib)",high,"identical normalised instruction shape (19 insns, unique in both)",0x0045eb1d,same,
0x0045d48d,FUN_0045eb6a,lib,"Direct3DX 8 static library (texture and image loading; includes libpng 1.0.5, libjpeg and zlib)",high,"identical normalised instruction shape (20 insns, unique in both)",0x0045eb6a,same,
0x0045d4ba,FUN_0045eb97,lib,"Direct3DX 8 static library (texture and image loading; includes libpng 1.0.5, libjpeg and zlib)",high,"identical normalised instruction shape (81 insns, unique in both)",0x0045eb97,same,
0x0045d579,FUN_0045ec56,lib,"Direct3DX 8 static library (texture and image loading; includes libpng 1.0.5, libjpeg and zlib)",high,"identical normalised instruction shape (15 insns, unique in both)",0x0045ec56,same,
0x0045d5af,FUN_0045ec8c,lib,"Direct3DX 8 static library (texture and image loading; includes libpng 1.0.5, libjpeg and zlib)",medium,"identical shape, callee FUN_004517e3 (score 1.00)",0x0045ec8c,same,
0x0045d5b8,FUN_0045ec95,lib,"Direct3DX 8 static library (texture and image loading; includes libpng 1.0.5, libjpeg and zlib)",high,"identical normalised instruction shape (76 insns, unique in both)",0x0045ec95,same,
0x0045d6a3,FUN_0045ed80,lib,"Direct3DX 8 static library (texture and image loading; includes libpng 1.0.5, libjpeg and zlib)",high,"identical normalised instruction shape (120 insns, unique in both)",0x0045ed80,same,
0x0045d7b3,FUN_0045ee90,lib,"Direct3DX 8 static library (texture and image loading; includes libpng 1.0.5, libjpeg and zlib)",high,"identical normalised instruction shape (148 insns, unique in both)",0x0045ee90,same,
0x0045d92a,FUN_0045f007,lib,"Direct3DX 8 static library (texture and image loading; includes libpng 1.0.5, libjpeg and zlib)",high,"identical normalised instruction shape (30 insns, unique in both)",0x0045f007,same,
0x0045d96e,FUN_0045f04b,lib,"Direct3DX 8 static library (texture and image loading; includes libpng 1.0.5, libjpeg and zlib)",high,"identical normalised instruction shape (262 insns, unique in both)",0x0045f04b,same,
0x0045dba6,FUN_0045f283,lib,"Direct3DX 8 static library (texture and image loading; includes libpng 1.0.5, libjpeg and zlib)",high,"identical normalised instruction shape (310 insns, unique in both)",0x0045f283,same,
0x0045def4,FUN_0045f5d1,lib,"Direct3DX 8 static library (texture and image loading; includes libpng 1.0.5, libjpeg and zlib)",high,"identical normalised instruction shape (200 insns, unique in both)",0x0045f5d1,same,
0x0045e0fc,FUN_0045f7d9,lib,"Direct3DX 8 static library (texture and image loading; includes libpng 1.0.5, libjpeg and zlib)",high,"identical normalised instruction shape (333 insns, unique in both)",0x0045f7d9,same,
0x0045e44e,FUN_0045fb2b,lib,"Direct3DX 8 static library (texture and image loading; includes libpng 1.0.5, libjpeg and zlib)",high,"identical normalised instruction shape (111 insns, unique in both)",0x0045fb2b,same,
0x0045e55c,FUN_0045fc39,lib,"Direct3DX 8 static library (texture and image loading; includes libpng 1.0.5, libjpeg and zlib)",high,"identical normalised instruction shape (242 insns, unique in both)",0x0045fc39,same,
0x0045e865,FUN_0045ff42,lib,"Direct3DX 8 static library (texture and image loading; includes libpng 1.0.5, libjpeg and zlib)",high,"identical normalised instruction shape (92 insns, unique in both)",0x0045ff42,same,
0x0045e978,FUN_00460055,lib,"Direct3DX 8 static library (texture and image loading; includes libpng 1.0.5, libjpeg and zlib)",high,unique string 'NULL row buffer' (1 shared),0x00460055,same,
0x0045eb30,FUN_0046020d,lib,"Direct3DX 8 static library (texture and image loading; includes libpng 1.0.5, libjpeg and zlib)",medium,"identical shape, callee FUN_0046dc34 (score 1.00)",0x0046020d,same,
0x0045eb4b,FUN_00460228,lib,"Direct3DX 8 static library (texture and image loading; includes libpng 1.0.5, libjpeg and zlib)",high,unique string 'Width too large to process image data; r' (1 shared),0x00460228,same,
0x0045ebec,FUN_004602c9,lib,"Direct3DX 8 static library (texture and image loading; includes libpng 1.0.5, libjpeg and zlib)",high,"identical normalised instruction shape (11 insns, unique in both)",0x004602c9,same,
0x0045ec10,FUN_004602ed,lib,"Direct3DX 8 static library (texture and image loading; includes libpng 1.0.5, libjpeg and zlib)",medium,"identical shape, callee FUN_004517e3 (score 1.00)",0x004602ed,same,
0x0045ec2b,FUN_00460308,lib,"Direct3DX 8 static library (texture and image loading; includes libpng 1.0.5, libjpeg and zlib)",high,"identical normalised instruction shape (19 insns, unique in both)",0x00460308,same,
0x0045ec64,FUN_00460341,lib,"Direct3DX 8 static library (texture and image loading; includes libpng 1.0.5, libjpeg and zlib)",high,"identical normalised instruction shape (30 insns, unique in both)",0x00460341,same,
0x0045ecab,FUN_00460388,lib,"Direct3DX 8 static library (texture and image loading; includes libpng 1.0.5, libjpeg and zlib)",high,"identical normalised instruction shape (16 insns, unique in both)",0x00460388,same,
0x0045ecd3,FUN_004603b0,lib,"Direct3DX 8 static library (texture and image loading; includes libpng 1.0.5, libjpeg and zlib)",high,unique string 'same structure.  Resetting write_data_fn' (2 shared),0x004603b0,same,
0x0045ed12,FUN_004603ef,lib,"Direct3DX 8 static library (texture and image loading; includes libpng 1.0.5, libjpeg and zlib)",high,"identical normalised instruction shape (32 insns, unique in both)",0x004603ef,same,
0x0045ed5a,FUN_00460437,lib,"Direct3DX 8 static library (texture and image loading; includes libpng 1.0.5, libjpeg and zlib)",high,"identical normalised instruction shape (32 insns, unique in both)",0x00460437,same,
0x0045edad,thunk_FUN_0046cede,lib,"Direct3DX 8 static library (texture and image loading; includes libpng 1.0.5, libjpeg and zlib)",medium,"identical shape, callback pointer taken by FUN_0045e09d (score 1.00)",0x0046048a,same,
0x0045edb2,FUN_0046048f,lib,"Direct3DX 8 static library (texture and image loading; includes libpng 1.0.5, libjpeg and zlib)",medium,"identical shape, callee FUN_0045e1a0 (score 1.00)",0x0046048f,same,
0x0045edca,FUN_004604a7,lib,"Direct3DX 8 static library (texture and image loading; includes libpng 1.0.5, libjpeg and zlib)",high,"identical normalised instruction shape (21 insns, unique in both)",0x004604a7,same,
0x0045ee09,FUN_004604e6,lib,"Direct3DX 8 static library (texture and image loading; includes libpng 1.0.5, libjpeg and zlib)",medium,"identical shape, callee FUN_0045e727 (score 1.00)",0x004604e6,same,
0x0045ee17,FUN_004604f4,lib,"Direct3DX 8 static library (texture and image loading; includes libpng 1.0.5, libjpeg and zlib)",high,"identical normalised instruction shape (19 insns, unique in both)",0x004604f4,same,
0x0045ee3d,FUN_0046051a,lib,"Direct3DX 8 static library (texture and image loading; includes libpng 1.0.5, libjpeg and zlib)",high,"identical normalised instruction shape (28 insns, unique in both)",0x0046051a,same,
0x0045ee89,FUN_00460566,lib,"Direct3DX 8 static library (texture and image loading; includes libpng 1.0.5, libjpeg and zlib)",high,"identical normalised instruction shape (55 insns, unique in both)",0x00460566,same,
0x0045ef07,FUN_004605e4,lib,"Direct3DX 8 static library (texture and image loading; includes libpng 1.0.5, libjpeg and zlib)",high,"identical normalised instruction shape (21 insns, unique in both)",0x004605e4,same,
0x0045ef37,FUN_00460614,lib,"Direct3DX 8 static library (texture and image loading; includes libpng 1.0.5, libjpeg and zlib)",medium,"identical shape, callee FUN_00460637 (score 1.00)",0x00460614,same,
0x0045ef5a,FUN_00460637,lib,"Direct3DX 8 static library (texture and image loading; includes libpng 1.0.5, libjpeg and zlib)",high,"identical normalised instruction shape (85 insns, unique in both)",0x00460637,same,
0x0045f054,FUN_00460731,lib,"Direct3DX 8 static library (texture and image loading; includes libpng 1.0.5, libjpeg and zlib)",high,"identical normalised instruction shape (277 insns, unique in both)",0x00460731,same,
0x0045f359,FUN_00460a36,lib,"Direct3DX 8 static library (texture and image loading; includes libpng 1.0.5, libjpeg and zlib)",high,"identical normalised instruction shape (512 insns, unique in both)",0x00460a36,same,
0x0045f8c4,FUN_00460fa1,lib,"Direct3DX 8 static library (texture and image loading; includes libpng 1.0.5, libjpeg and zlib)",high,"identical normalised instruction shape (672 insns, unique in both)",0x00460fa1,same,
0x004600c8,FUN_004617a5,lib,"Direct3DX 8 static library (texture and image loading; includes libpng 1.0.5, libjpeg and zlib)",high,"identical normalised instruction shape (124 insns, unique in both)",0x004617a5,same,
0x00460206,FUN_004618e3,lib,"Direct3DX 8 static library (texture and image loading; includes libpng 1.0.5, libjpeg and zlib)",high,"identical normalised instruction shape (57 insns, unique in both)",0x004618e3,same,
0x00460289,FUN_00461966,lib,"Direct3DX 8 static library (texture and image loading; includes libpng 1.0.5, libjpeg and zlib)",high,"identical normalised instruction shape (123 insns, unique in both)",0x00461966,same,
0x004603dd,FUN_00461aba,lib,"Direct3DX 8 static library (texture and image loading; includes libpng 1.0.5, libjpeg and zlib)",high,"identical normalised instruction shape (98 insns, unique in both)",0x00461aba,same,
0x004604f1,FUN_00461bce,lib,"Direct3DX 8 static library (texture and image loading; includes libpng 1.0.5, libjpeg and zlib)",high,"identical normalised instruction shape (381 insns, unique in both)",0x00461bce,same,
0x00460989,FUN_00462066,lib,"Direct3DX 8 static library (texture and image loading; includes libpng 1.0.5, libjpeg and zlib)",medium,"identical shape, callback pointer taken by FUN_0045a5a1 (score 1.00)",0x00462066,same,
0x004609bd,FUN_0046209a,lib,"Direct3DX 8 static library (texture and image loading; includes libpng 1.0.5, libjpeg and zlib)",medium,"identical shape, callback pointer taken by FUN_0045a5a1 (score 1.00)",0x0046209a,same,
0x00460a00,FUN_004620d0,lib,"Direct3DX 8 static library (texture and image loading; includes libpng 1.0.5, libjpeg and zlib)",high,"identical normalised instruction shape (21 insns, unique in both)",0x004620d0,same,
0x00460a40,FUN_00462110,lib,"Direct3DX 8 static library (texture and image loading; includes libpng 1.0.5, libjpeg and zlib)",high,"identical normalised instruction shape (29 insns, unique in both)",0x00462110,same,
0x004635a6,FUN_00464c76,lib,"Direct3DX 8 static library (texture and image loading; includes libpng 1.0.5, libjpeg and zlib)",high,"identical normalised instruction shape (52 insns, unique in both)",0x00464c76,same,
0x00463b4f,FUN_0046521f,lib,"Direct3DX 8 static library (texture and image loading; includes libpng 1.0.5, libjpeg and zlib)",high,"identical normalised instruction shape (31 insns, unique in both)",0x0046521f,same,
0x00463bbb,FUN_0046528b,lib,"Direct3DX 8 static library (texture and image loading; includes libpng 1.0.5, libjpeg and zlib)",high,"identical normalised instruction shape (77 insns, unique in both)",0x0046528b,same,
0x00463cf2,FUN_004653c2,lib,"Direct3DX 8 static library (texture and image loading; includes libpng 1.0.5, libjpeg and zlib)",high,"identical normalised instruction shape (42 insns, unique in both)",0x004653c2,same,
0x00463d7f,FUN_0046544f,lib,"Direct3DX 8 static library (texture and image loading; includes libpng 1.0.5, libjpeg and zlib)",high,"identical normalised instruction shape (37 insns, unique in both)",0x0046544f,same,
0x00463e75,FUN_00465545,lib,"Direct3DX 8 static library (texture and image loading; includes libpng 1.0.5, libjpeg and zlib)",high,"identical normalised instruction shape (44 insns, unique in both)",0x00465545,same,
0x00463fc1,FUN_00465691,lib,"Direct3DX 8 static library (texture and image loading; includes libpng 1.0.5, libjpeg and zlib)",high,"identical normalised instruction shape (596 insns, unique in both)",0x00465691,same,
0x004650e2,FUN_004667b2,lib,"Direct3DX 8 static library (texture and image loading; includes libpng 1.0.5, libjpeg and zlib)",high,"identical normalised instruction shape (16 insns, unique in both)",0x004667b2,same,
0x004652a2,FUN_00466972,lib,"Direct3DX 8 static library (texture and image loading; includes libpng 1.0.5, libjpeg and zlib)",high,"identical normalised instruction shape (1076 insns, unique in both)",0x00466972,same,
0x0046643a,FUN_00467b0a,lib,"Direct3DX 8 static library (texture and image loading; includes libpng 1.0.5, libjpeg and zlib)",high,"identical normalised instruction shape (112 insns, unique in both)",0x00467b0a,same,
0x00466b13,FUN_004681e3,lib,"Direct3DX 8 static library (texture and image loading; includes libpng 1.0.5, libjpeg and zlib)",high,"identical normalised instruction shape (80 insns, unique in both)",0x004681e3,same,
0x00466c2c,FUN_004682fc,lib,"Direct3DX 8 static library (texture and image loading; includes libpng 1.0.5, libjpeg and zlib)",high,"identical normalised instruction shape (1052 insns, unique in both)",0x004682fc,same,
0x00467d80,FUN_00469450,lib,"Direct3DX 8 static library (texture and image loading; includes libpng 1.0.5, libjpeg and zlib)",high,"identical normalised instruction shape (195 insns, unique in both)",0x00469450,same,
0x0046845a,FUN_00469b2a,lib,"Direct3DX 8 static library (texture and image loading; includes libpng 1.0.5, libjpeg and zlib)",high,"identical normalised instruction shape (230 insns, unique in both)",0x00469b2a,same,
0x00468882,FUN_00469f52,lib,"Direct3DX 8 static library (texture and image loading; includes libpng 1.0.5, libjpeg and zlib)",high,"identical normalised instruction shape (26 insns, unique in both)",0x00469f52,same,
0x00468b10,FUN_0046a1e0,lib,"Direct3DX 8 static library (texture and image loading; includes libpng 1.0.5, libjpeg and zlib)",high,"identical normalised instruction shape (37 insns, unique in both)",0x0046a1e0,same,
0x00468b9b,FUN_0046a26b,lib,"Direct3DX 8 static library (texture and image loading; includes libpng 1.0.5, libjpeg and zlib)",high,"identical normalised instruction shape (118 insns, unique in both)",0x0046a26b,same,
0x00468d67,FUN_0046a437,lib,"Direct3DX 8 static library (texture and image loading; includes libpng 1.0.5, libjpeg and zlib)",high,"identical normalised instruction shape (137 insns, unique in both)",0x0046a437,same,
0x00468eef,FUN_0046a5bf,lib,"Direct3DX 8 static library (texture and image loading; includes libpng 1.0.5, libjpeg and zlib)",high,"identical normalised instruction shape (195 insns, unique in both)",0x0046a5bf,same,
0x00469115,FUN_0046a7e5,lib,"Direct3DX 8 static library (texture and image loading; includes libpng 1.0.5, libjpeg and zlib)",high,"identical normalised instruction shape (113 insns, unique in both)",0x0046a7e5,same,
0x00469b38,FUN_0046b208,lib,"Direct3DX 8 static library (texture and image loading; includes libpng 1.0.5, libjpeg and zlib)",high,"identical normalised instruction shape (26 insns, unique in both)",0x0046b208,same,
0x00469c1a,FUN_0046b2ea,lib,"Direct3DX 8 static library (texture and image loading; includes libpng 1.0.5, libjpeg and zlib)",medium,"identical shape, callee FUN_0046b3c8 (score 1.00)",0x0046b2ea,same,
0x00469c2a,FUN_0046b2fa,lib,"Direct3DX 8 static library (texture and image loading; includes libpng 1.0.5, libjpeg and zlib)",high,"identical normalised instruction shape (11 insns, unique in both)",0x0046b2fa,same,
0x00469c42,FUN_0046b312,lib,"Direct3DX 8 static library (texture and image loading; includes libpng 1.0.5, libjpeg and zlib)",high,"identical normalised instruction shape (33 insns, unique in both)",0x0046b312,same,
0x00469c89,FUN_0046b359,lib,"Direct3DX 8 static library (texture and image loading; includes libpng 1.0.5, libjpeg and zlib)",high,"identical normalised instruction shape (15 insns, unique in both)",0x0046b359,same,
0x00469cab,FUN_0046b37b,lib,"Direct3DX 8 static library (texture and image loading; includes libpng 1.0.5, libjpeg and zlib)",high,"identical normalised instruction shape (12 insns, unique in both)",0x0046b37b,same,
0x00469cc6,FUN_0046b396,lib,"Direct3DX 8 static library (texture and image loading; includes libpng 1.0.5, libjpeg and zlib)",high,"identical normalised instruction shape (25 insns, unique in both)",0x0046b396,same,
0x00469cf8,FUN_0046b3c8,lib,"Direct3DX 8 static library (texture and image loading; includes libpng 1.0.5, libjpeg and zlib)",high,"identical normalised instruction shape (146 insns, unique in both)",0x0046b3c8,same,
0x00469eb3,FUN_0046b583,lib,"Direct3DX 8 static library (texture and image loading; includes libpng 1.0.5, libjpeg and zlib)",high,"identical normalised instruction shape (123 insns, unique in both)",0x0046b583,same,
0x0046a029,FUN_0046b6f9,lib,"Direct3DX 8 static library (texture and image loading; includes libpng 1.0.5, libjpeg and zlib)",high,"identical normalised instruction shape (53 insns, unique in both)",0x0046b6f9,same,
0x0046a0bb,FUN_0046b78b,lib,"Direct3DX 8 static library (texture and image loading; includes libpng 1.0.5, libjpeg and zlib)",high,"identical normalised instruction shape (24 insns, unique in both)",0x0046b78b,same,
0x0046a188,FUN_0046b858,lib,"Direct3DX 8 static library (texture and image loading; includes libpng 1.0.5, libjpeg and zlib)",high,"identical normalised instruction shape (18 insns, unique in both)",0x0046b858,same,
0x0046a1d0,FUN_0046b8a0,lib,"Direct3DX 8 static library (texture and image loading; includes libpng 1.0.5, libjpeg and zlib)",high,"identical normalised instruction shape (18 insns, unique in both)",0x0046b8a0,same,
0x0046a211,FUN_0046b8e1,lib,"Direct3DX 8 static library (texture and image loading; includes libpng 1.0.5, libjpeg and zlib)",medium,"identical shape, callee FUN_0046b8f6 (score 1.00)",0x0046b8e1,same,
0x0046a226,FUN_0046b8f6,lib,"Direct3DX 8 static library (texture and image loading; includes libpng 1.0.5, libjpeg and zlib)",high,"identical normalised instruction shape (101 insns, unique in both)",0x0046b8f6,same,
0x0046a322,FUN_0046b9f2,lib,"Direct3DX 8 static library (texture and image loading; includes libpng 1.0.5, libjpeg and zlib)",high,"identical normalised instruction shape (62 insns, unique in both)",0x0046b9f2,same,
0x0046a3b0,FUN_0046ba80,lib,"Direct3DX 8 static library (texture and image loading; includes libpng 1.0.5, libjpeg and zlib)",high,"identical normalised instruction shape (64 insns, unique in both)",0x0046ba80,same,
0x0046a442,FUN_0046bb12,lib,"Direct3DX 8 static library (texture and image loading; includes libpng 1.0.5, libjpeg and zlib)",high,"identical normalised instruction shape (69 insns, unique in both)",0x0046bb12,same,
0x0046a4e0,FUN_0046bbb0,lib,"Direct3DX 8 static library (texture and image loading; includes libpng 1.0.5, libjpeg and zlib)",high,"identical normalised instruction shape (41 insns, unique in both)",0x0046bbb0,same,
0x0046a541,FUN_0046bc11,lib,"Direct3DX 8 static library (texture and image loading; includes libpng 1.0.5, libjpeg and zlib)",high,"identical normalised instruction shape (41 insns, unique in both)",0x0046bc11,same,
0x0046a5a2,FUN_0046bc72,lib,"Direct3DX 8 static library (texture and image loading; includes libpng 1.0.5, libjpeg and zlib)",high,"identical normalised instruction shape (144 insns, unique in both)",0x0046bc72,same,
0x0046a721,FUN_0046bdf1,lib,"Direct3DX 8 static library (texture and image loading; includes libpng 1.0.5, libjpeg and zlib)",high,"identical normalised instruction shape (62 insns, unique in both)",0x0046bdf1,same,
0x0046a7a9,FUN_0046be79,lib,"Direct3DX 8 static library (texture and image loading; includes libpng 1.0.5, libjpeg and zlib)",high,"identical normalised instruction shape (63 insns, unique in both)",0x0046be79,same,
0x0046a834,FUN_0046bf04,lib,"Direct3DX 8 static library (texture and image loading; includes libpng 1.0.5, libjpeg and zlib)",high,"identical normalised instruction shape (118 insns, unique in both)",0x0046bf04,same,
0x0046a952,FUN_0046c022,lib,"Direct3DX 8 static library (texture and image loading; includes libpng 1.0.5, libjpeg and zlib)",high,"identical normalised instruction shape (118 insns, unique in both)",0x0046c022,same,
0x0046aa75,FUN_0046c145,lib,"Direct3DX 8 static library (texture and image loading; includes libpng 1.0.5, libjpeg and zlib)",high,"identical normalised instruction shape (93 insns, unique in both)",0x0046c145,same,
0x0046ab56,FUN_0046c226,lib,"Direct3DX 8 static library (texture and image loading; includes libpng 1.0.5, libjpeg and zlib)",high,"identical normalised instruction shape (23 insns, unique in both)",0x0046c226,same,
0x0046ab86,FUN_0046c256,lib,"Direct3DX 8 static library (texture and image loading; includes libpng 1.0.5, libjpeg and zlib)",high,"identical normalised instruction shape (55 insns, unique in both)",0x0046c256,same,
0x0046ac3a,FUN_0046c30a,lib,"Direct3DX 8 static library (texture and image loading; includes libpng 1.0.5, libjpeg and zlib)",high,"identical normalised instruction shape (16 insns, unique in both)",0x0046c30a,same,
0x0046ac5c,FUN_0046c32c,lib,"Direct3DX 8 static library (texture and image loading; includes libpng 1.0.5, libjpeg and zlib)",high,"identical normalised instruction shape (12 insns, unique in both)",0x0046c32c,same,
0x0046ac77,FUN_0046c347,lib,"Direct3DX 8 static library (texture and image loading; includes libpng 1.0.5, libjpeg and zlib)",medium,"identical shape, callee FUN_0045d517 (score 1.00)",0x0046c347,same,
0x0046ac93,FUN_0046c363,lib,"Direct3DX 8 static library (texture and image loading; includes libpng 1.0.5, libjpeg and zlib)",medium,"identical shape, callee FUN_0045d283 (score 1.00)",0x0046c363,same,
0x0046acaf,FUN_0046c37f,lib,"Direct3DX 8 static library (texture and image loading; includes libpng 1.0.5, libjpeg and zlib)",high,"identical normalised instruction shape (36 insns, unique in both)",0x0046c37f,same,
0x0046ad20,FUN_0046c3f0,lib,"Direct3DX 8 static library (texture and image loading; includes libpng 1.0.5, libjpeg and zlib)",high,"identical normalised instruction shape (169 insns, unique in both)",0x0046c3f0,same,
0x0046af0f,FUN_0046c5df,lib,"Direct3DX 8 static library (texture and image loading; includes libpng 1.0.5, libjpeg and zlib)",high,"identical normalised instruction shape (40 insns, unique in both)",0x0046c5df,same,
0x0046af7e,FUN_0046c64e,lib,"Direct3DX 8 static library (texture and image loading; includes libpng 1.0.5, libjpeg and zlib)",high,"identical normalised instruction shape (160 insns, unique in both)",0x0046c64e,same,
0x0046b279,FUN_0046c949,lib,"Direct3DX 8 static library (texture and image loading; includes libpng 1.0.5, libjpeg and zlib)",high,"identical normalised instruction shape (15 insns, unique in both)",0x0046c949,same,
0x0046b2a9,FUN_0046c979,lib,"Direct3DX 8 static library (texture and image loading; includes libpng 1.0.5, libjpeg and zlib)",high,"identical normalised instruction shape (28 insns, unique in both)",0x0046c979,same,
0x0046b2e8,FUN_0046c9b8,lib,"Direct3DX 8 static library (texture and image loading; includes libpng 1.0.5, libjpeg and zlib)",high,"identical normalised instruction shape (30 insns, unique in both)",0x0046c9b8,same,
0x0046b326,FUN_0046c9f6,lib,"Direct3DX 8 static library (texture and image loading; includes libpng 1.0.5, libjpeg and zlib)",high,"identical normalised instruction shape (88 insns, unique in both)",0x0046c9f6,same,
0x0046b40b,FUN_0046cadb,lib,"Direct3DX 8 static library (texture and image loading; includes libpng 1.0.5, libjpeg and zlib)",medium,"identical shape, callee FUN_0045e09d (score 1.00)",0x0046cadb,same,
0x0046b422,FUN_0046caf2,lib,"Direct3DX 8 static library (texture and image loading; includes libpng 1.0.5, libjpeg and zlib)",high,unique string 'need dictionary' (5 shared),0x0046caf2,same,
0x0046b789,FUN_0046ce59,lib,"Direct3DX 8 static library (texture and image loading; includes libpng 1.0.5, libjpeg and zlib)",high,"identical normalised instruction shape (31 insns, unique in both)",0x0046ce59,same,
0x0046b7cb,FUN_0046ce9b,lib,"Direct3DX 8 static library (texture and image loading; includes libpng 1.0.5, libjpeg and zlib)",medium,"identical shape, callee FUN_0045e09d (score 1.00)",0x0046ce9b,same,
0x0046b7d8,FUN_0046cea8,lib,"Direct3DX 8 static library (texture and image loading; includes libpng 1.0.5, libjpeg and zlib)",high,unique string 'Out of Memory' (1 shared),0x0046cea8,same,
0x0046b80e,FUN_0046cede,lib,"Direct3DX 8 static library (texture and image loading; includes libpng 1.0.5, libjpeg and zlib)",medium,"identical shape, callee FUN_0045e09d (score 1.00)",0x0046cede,same,
0x0046b827,FUN_0046cef7,lib,"Direct3DX 8 static library (texture and image loading; includes libpng 1.0.5, libjpeg and zlib)",high,"identical normalised instruction shape (16 insns, unique in both)",0x0046cef7,same,
0x0046b84a,FUN_0046cf1a,lib,"Direct3DX 8 static library (texture and image loading; includes libpng 1.0.5, libjpeg and zlib)",high,"identical normalised instruction shape (23 insns, unique in both)",0x0046cf1a,same,
0x0046b87b,FUN_0046cf4b,lib,"Direct3DX 8 static library (texture and image loading; includes libpng 1.0.5, libjpeg and zlib)",high,"identical normalised instruction shape (12 insns, unique in both)",0x0046cf4b,same,
0x0046b89e,FUN_0046cf6e,lib,"Direct3DX 8 static library (texture and image loading; includes libpng 1.0.5, libjpeg and zlib)",medium,"identical shape, callee FUN_0045e1a0 (score 1.00)",0x0046cf6e,same,
0x0046b8b8,FUN_0046cf88,lib,"Direct3DX 8 static library (texture and image loading; includes libpng 1.0.5, libjpeg and zlib)",high,"identical normalised instruction shape (40 insns, unique in both)",0x0046cf88,same,
0x0046b916,FUN_0046cfe6,lib,"Direct3DX 8 static library (texture and image loading; includes libpng 1.0.5, libjpeg and zlib)",high,unique string 'invalid chunk type' (1 shared),0x0046cfe6,same,
0x0046b978,FUN_0046d048,lib,"Direct3DX 8 static library (texture and image loading; includes libpng 1.0.5, libjpeg and zlib)",high,"identical normalised instruction shape (197 insns, unique in both)",0x0046d048,same,
0x0046bb8e,FUN_0046d25e,lib,"Direct3DX 8 static library (texture and image loading; includes libpng 1.0.5, libjpeg and zlib)",high,"identical normalised instruction shape (274 insns, unique in both)",0x0046d25e,same,
0x0046be57,FUN_0046d527,lib,"Direct3DX 8 static library (texture and image loading; includes libpng 1.0.5, libjpeg and zlib)",high,unique string 'Ignoring bad adaptive filter type' (1 shared),0x0046d527,same,
0x0046bfd2,FUN_0046d6a2,lib,"Direct3DX 8 static library (texture and image loading; includes libpng 1.0.5, libjpeg and zlib)",high,"identical normalised instruction shape (134 insns, unique in both)",0x0046d6a2,same,
0x0046c16e,FUN_0046d83e,lib,"Direct3DX 8 static library (texture and image loading; includes libpng 1.0.5, libjpeg and zlib)",high,unique string 'CRC error' (1 shared),0x0046d83e,same,
0x0046c1fa,FUN_0046d8ca,lib,"Direct3DX 8 static library (texture and image loading; includes libpng 1.0.5, libjpeg and zlib)",high,unique string 'Unknown filter method in IHDR' (9 shared),0x0046d8ca,same,
0x0046c3f0,FUN_0046dac0,lib,"Direct3DX 8 static library (texture and image loading; includes libpng 1.0.5, libjpeg and zlib)",high,unique string 'Truncating incorrect tRNS chunk length' (5 shared),0x0046dac0,same,
0x0046c51a,FUN_0046dbea,lib,"Direct3DX 8 static library (texture and image loading; includes libpng 1.0.5, libjpeg and zlib)",high,unique string 'Incorrect IEND chunk length' (2 shared),0x0046dbea,same,
0x0046c564,FUN_0046dc34,lib,"Direct3DX 8 static library (texture and image loading; includes libpng 1.0.5, libjpeg and zlib)",high,unique string 'Out of place gAMA chunk' (4 shared),0x0046dc34,same,
0x0046c66f,FUN_0046dd3f,lib,"Direct3DX 8 static library (texture and image loading; includes libpng 1.0.5, libjpeg and zlib)",high,unique string 'Duplicate sRGB chunk' (5 shared),0x0046dd3f,same,
0x0046c75e,FUN_0046de2e,lib,"Direct3DX 8 static library (texture and image loading; includes libpng 1.0.5, libjpeg and zlib)",high,unique string 'tRNS chunk not allowed with alpha channe' (7 shared),0x0046de2e,same,
0x0046c915,FUN_0046dfe5,lib,"Direct3DX 8 static library (texture and image loading; includes libpng 1.0.5, libjpeg and zlib)",high,unique string 'unknown critical chunk' (1 shared),0x0046dfe5,same,
0x0046c95f,FUN_0046e02f,lib,"Direct3DX 8 static library (texture and image loading; includes libpng 1.0.5, libjpeg and zlib)",high,unique string 'Extra compression data' (2 shared),0x0046e02f,same,
0x0046cb83,FUN_0046e253,lib,"Direct3DX 8 static library (texture and image loading; includes libpng 1.0.5, libjpeg and zlib)",high,"identical normalised instruction shape (105 insns, unique in both)",0x0046e253,same,
0x0046cc90,FUN_0046e360,lib,"Direct3DX 8 static library (texture and image loading; includes libpng 1.0.5, libjpeg and zlib)",high,"identical normalised instruction shape (132 insns, unique in both)",0x0046e360,same,
0x0046ce80,FUN_0046e550,lib,"Direct3DX 8 static library (texture and image loading; includes libpng 1.0.5, libjpeg and zlib)",high,"identical normalised instruction shape (51 insns, unique in both)",0x0046e550,same,
0x0046cf70,FUN_0046e640,lib,"Direct3DX 8 static library (texture and image loading; includes libpng 1.0.5, libjpeg and zlib)",high,"identical normalised instruction shape (78 insns, unique in both)",0x0046e640,same,
0x0046d180,FUN_0046e880,lib,"Direct3DX 8 static library (texture and image loading; includes libpng 1.0.5, libjpeg and zlib)",high,"identical normalised instruction shape (58 insns, unique in both)",0x0046e880,same,
0x0046d280,FUN_0046e980,lib,"Direct3DX 8 static library (texture and image loading; includes libpng 1.0.5, libjpeg and zlib)",high,"identical normalised instruction shape (59 insns, unique in both)",0x0046e980,same,
0x0046d860,FUN_0046ef60,lib,"Direct3DX 8 static library (texture and image loading; includes libpng 1.0.5, libjpeg and zlib)",high,"identical normalised instruction shape (67 insns, unique in both)",0x0046ef60,same,
0x0046d960,FUN_0046f060,lib,"Direct3DX 8 static library (texture and image loading; includes libpng 1.0.5, libjpeg and zlib)",high,"identical normalised instruction shape (67 insns, unique in both)",0x0046f060,same,
0x0046dd18,FUN_0046f418,lib,"Direct3DX 8 static library (texture and image loading; includes libpng 1.0.5, libjpeg and zlib)",medium,"identical shape, callee FUN_0046b8f6 (score 1.00)",0x0046f418,same,
0x0046dd23,FUN_0046f423,lib,"Direct3DX 8 static library (texture and image loading; includes libpng 1.0.5, libjpeg and zlib)",medium,"identical shape, callback pointer taken by FUN_0046c9f6 (score 1.00)",0x0046f423,same,
0x0046dd2e,FUN_0046f42e,lib,"Direct3DX 8 static library (texture and image loading; includes libpng 1.0.5, libjpeg and zlib)",medium,"identical shape, callee FUN_0046bc72 (score 1.00)",0x0046f42e,same,
0x0046dd33,FUN_0046f433,lib,"Direct3DX 8 static library (texture and image loading; includes libpng 1.0.5, libjpeg and zlib)",medium,"identical shape, callee FUN_0046bc72 (score 1.00)",0x0046f433,same,
0x0046dd47,FUN_0046f447,lib,"Direct3DX 8 static library (texture and image loading; includes libpng 1.0.5, libjpeg and zlib)",high,"identical normalised instruction shape (62 insns, unique in both)",0x0046f447,same,
0x0046ddef,FUN_0046f4ef,lib,"Direct3DX 8 static library (texture and image loading; includes libpng 1.0.5, libjpeg and zlib)",high,"identical normalised instruction shape (108 insns, unique in both)",0x0046f4ef,same,
0x0046df20,FUN_0046f620,lib,"Direct3DX 8 static library (texture and image loading; includes libpng 1.0.5, libjpeg and zlib)",high,"identical normalised instruction shape (73 insns, unique in both)",0x0046f620,same,
0x0046dff4,FUN_0046f6f4,lib,"Direct3DX 8 static library (texture and image loading; includes libpng 1.0.5, libjpeg and zlib)",high,"identical normalised instruction shape (58 insns, unique in both)",0x0046f6f4,same,
0x0046e08a,FUN_0046f78a,lib,"Direct3DX 8 static library (texture and image loading; includes libpng 1.0.5, libjpeg and zlib)",high,"identical normalised instruction shape (43 insns, unique in both)",0x0046f78a,same,
0x0046e0f2,FUN_0046f7f2,lib,"Direct3DX 8 static library (texture and image loading; includes libpng 1.0.5, libjpeg and zlib)",high,"identical normalised instruction shape (92 insns, unique in both)",0x0046f7f2,same,
0x0046e285,FUN_0046f985,lib,"Direct3DX 8 static library (texture and image loading; includes libpng 1.0.5, libjpeg and zlib)",high,"identical normalised instruction shape (78 insns, unique in both)",0x0046f985,same,
0x0046e358,FUN_0046fa58,lib,"Direct3DX 8 static library (texture and image loading; includes libpng 1.0.5, libjpeg and zlib)",high,"identical normalised instruction shape (19 insns, unique in both)",0x0046fa58,same,
0x0046e3a7,FUN_0046faa7,lib,"Direct3DX 8 static library (texture and image loading; includes libpng 1.0.5, libjpeg and zlib)",high,"identical normalised instruction shape (154 insns, unique in both)",0x0046faa7,same,
0x0046e581,FUN_0046fc81,lib,"Direct3DX 8 static library (texture and image loading; includes libpng 1.0.5, libjpeg and zlib)",high,"identical normalised instruction shape (136 insns, unique in both)",0x0046fc81,same,
0x0046e720,FUN_0046fe20,lib,"Direct3DX 8 static library (texture and image loading; includes libpng 1.0.5, libjpeg and zlib)",high,"identical normalised instruction shape (122 insns, unique in both)",0x0046fe20,same,
0x0046e886,FUN_0046ff86,lib,"Direct3DX 8 static library (texture and image loading; includes libpng 1.0.5, libjpeg and zlib)",high,"identical normalised instruction shape (81 insns, unique in both)",0x0046ff86,same,
0x0046ee86,FUN_00470586,lib,"Direct3DX 8 static library (texture and image loading; includes libpng 1.0.5, libjpeg and zlib)",high,"identical normalised instruction shape (18 insns, unique in both)",0x00470586,same,
0x0046eec1,FUN_004705c1,lib,"Direct3DX 8 static library (texture and image loading; includes libpng 1.0.5, libjpeg and zlib)",high,"identical normalised instruction shape (89 insns, unique in both)",0x004705c1,same,
0x0046efb9,FUN_004706b9,lib,"Direct3DX 8 static library (texture and image loading; includes libpng 1.0.5, libjpeg and zlib)",high,"identical normalised instruction shape (142 insns, unique in both)",0x004706b9,same,
0x0046f163,FUN_00470863,lib,"Direct3DX 8 static library (texture and image loading; includes libpng 1.0.5, libjpeg and zlib)",high,"identical normalised instruction shape (94 insns, unique in both)",0x00470863,same,
0x0046f24d,FUN_0047094d,lib,"Direct3DX 8 static library (texture and image loading; includes libpng 1.0.5, libjpeg and zlib)",high,"identical normalised instruction shape (97 insns, unique in both)",0x0047094d,same,
0x0046f337,FUN_00470a37,lib,"Direct3DX 8 static library (texture and image loading; includes libpng 1.0.5, libjpeg and zlib)",high,"identical normalised instruction shape (41 insns, unique in both)",0x00470a37,same,
0x0046f395,FUN_00470a95,lib,"Direct3DX 8 static library (texture and image loading; includes libpng 1.0.5, libjpeg and zlib)",high,"identical normalised instruction shape (344 insns, unique in both)",0x00470a95,same,
0x0046f762,FUN_00470e62,lib,"Direct3DX 8 static library (texture and image loading; includes libpng 1.0.5, libjpeg and zlib)",high,"identical normalised instruction shape (99 insns, unique in both)",0x00470e62,same,
0x0046f891,FUN_00470f91,lib,"Direct3DX 8 static library (texture and image loading; includes libpng 1.0.5, libjpeg and zlib)",high,"identical normalised instruction shape (21 insns, unique in both)",0x00470f91,same,
0x0046f8cb,FUN_00470fcb,lib,"Direct3DX 8 static library (texture and image loading; includes libpng 1.0.5, libjpeg and zlib)",high,"identical normalised instruction shape (39 insns, unique in both)",0x00470fcb,same,
0x0046f926,FUN_00471026,lib,"Direct3DX 8 static library (texture and image loading; includes libpng 1.0.5, libjpeg and zlib)",high,"identical normalised instruction shape (172 insns, unique in both)",0x00471026,same,
0x0046fb23,FUN_00471223,lib,"Direct3DX 8 static library (texture and image loading; includes libpng 1.0.5, libjpeg and zlib)",high,"identical normalised instruction shape (197 insns, unique in both)",0x00471223,same,
0x0046fd4c,FUN_0047144c,lib,"Direct3DX 8 static library (texture and image loading; includes libpng 1.0.5, libjpeg and zlib)",high,"identical normalised instruction shape (82 insns, unique in both)",0x0047144c,same,
0x0046fe2e,FUN_0047152e,lib,"Direct3DX 8 static library (texture and image loading; includes libpng 1.0.5, libjpeg and zlib)",high,"identical normalised instruction shape (308 insns, unique in both)",0x0047152e,same,
0x0047019c,FUN_0047189c,lib,"Direct3DX 8 static library (texture and image loading; includes libpng 1.0.5, libjpeg and zlib)",high,"identical normalised instruction shape (214 insns, unique in both)",0x0047189c,same,
0x0047043f,FUN_00471b3f,lib,"Direct3DX 8 static library (texture and image loading; includes libpng 1.0.5, libjpeg and zlib)",high,"identical normalised instruction shape (43 insns, unique in both)",0x00471b3f,same,
0x004704a0,FUN_00471ba0,lib,"Direct3DX 8 static library (texture and image loading; includes libpng 1.0.5, libjpeg and zlib)",high,"identical normalised instruction shape (152 insns, unique in both)",0x00471ba0,same,
0x00470657,FUN_00471d57,lib,"Direct3DX 8 static library (texture and image loading; includes libpng 1.0.5, libjpeg and zlib)",high,"identical normalised instruction shape (47 insns, unique in both)",0x00471d57,same,
0x004706cb,FUN_00471dcb,lib,"Direct3DX 8 static library (texture and image loading; includes libpng 1.0.5, libjpeg and zlib)",high,"identical normalised instruction shape (42 insns, unique in both)",0x00471dcb,same,
0x00470730,FUN_00471e30,lib,"Direct3DX 8 static library (texture and image loading; includes libpng 1.0.5, libjpeg and zlib)",high,"identical normalised instruction shape (59 insns, unique in both)",0x00471e30,same,
0x004707c0,FUN_00471ec0,lib,"Direct3DX 8 static library (texture and image loading; includes libpng 1.0.5, libjpeg and zlib)",high,"identical normalised instruction shape (58 insns, unique in both)",0x00471ec0,same,
0x004708f2,FUN_00471ff2,lib,"Direct3DX 8 static library (texture and image loading; includes libpng 1.0.5, libjpeg and zlib)",high,"identical normalised instruction shape (56 insns, unique in both)",0x00471ff2,same,
0x0047098f,FUN_0047208f,lib,"Direct3DX 8 static library (texture and image loading; includes libpng 1.0.5, libjpeg and zlib)",high,"identical normalised instruction shape (74 insns, unique in both)",0x0047208f,same,
0x00470a68,FUN_00472168,lib,"Direct3DX 8 static library (texture and image loading; includes libpng 1.0.5, libjpeg and zlib)",high,"identical normalised instruction shape (82 insns, unique in both)",0x00472168,same,
0x00470b45,FUN_00472245,lib,"Direct3DX 8 static library (texture and image loading; includes libpng 1.0.5, libjpeg and zlib)",high,"identical normalised instruction shape (39 insns, unique in both)",0x00472245,same,
0x00470b9c,FUN_0047229c,lib,"Direct3DX 8 static library (texture and image loading; includes libpng 1.0.5, libjpeg and zlib)",high,"identical normalised instruction shape (50 insns, unique in both)",0x0047229c,same,
0x00470c06,FUN_00472306,lib,"Direct3DX 8 static library (texture and image loading; includes libpng 1.0.5, libjpeg and zlib)",high,"identical normalised instruction shape (65 insns, unique in both)",0x00472306,same,
0x00470caa,FUN_004723aa,lib,"Direct3DX 8 static library (texture and image loading; includes libpng 1.0.5, libjpeg and zlib)",high,"identical normalised instruction shape (96 insns, unique in both)",0x004723aa,same,
0x00470db1,FUN_004724b1,lib,"Direct3DX 8 static library (texture and image loading; includes libpng 1.0.5, libjpeg and zlib)",high,"identical normalised instruction shape (146 insns, unique in both)",0x004724b1,same,
0x00470f72,FUN_00472672,lib,"Direct3DX 8 static library (texture and image loading; includes libpng 1.0.5, libjpeg and zlib)",high,"identical normalised instruction shape (64 insns, unique in both)",0x00472672,same,
0x00471022,FUN_00472722,lib,"Direct3DX 8 static library (texture and image loading; includes libpng 1.0.5, libjpeg and zlib)",high,"identical normalised instruction shape (50 insns, unique in both)",0x00472722,same,
0x0047108d,FUN_0047278d,lib,"Direct3DX 8 static library (texture and image loading; includes libpng 1.0.5, libjpeg and zlib)",high,"identical normalised instruction shape (14 insns, unique in both)",0x0047278d,same,
0x004710b0,FUN_004727b0,lib,"Direct3DX 8 static library (texture and image loading; includes libpng 1.0.5, libjpeg and zlib)",high,"identical normalised instruction shape (105 insns, unique in both)",0x004727b0,same,
0x004711e2,FUN_004728e2,lib,"Direct3DX 8 static library (texture and image loading; includes libpng 1.0.5, libjpeg and zlib)",high,"identical normalised instruction shape (88 insns, unique in both)",0x004728e2,same,
0x0047131e,FUN_00472a1e,lib,"Direct3DX 8 static library (texture and image loading; includes libpng 1.0.5, libjpeg and zlib)",high,"identical normalised instruction shape (187 insns, unique in both)",0x00472a1e,same,
0x0047153c,FUN_00472c3c,lib,"Direct3DX 8 static library (texture and image loading; includes libpng 1.0.5, libjpeg and zlib)",high,"identical normalised instruction shape (111 insns, unique in both)",0x00472c3c,same,
0x00471722,FUN_00472e22,lib,"Direct3DX 8 static library (texture and image loading; includes libpng 1.0.5, libjpeg and zlib)",high,"identical normalised instruction shape (71 insns, unique in both)",0x00472e22,same,
0x004717c8,FUN_00472ec8,lib,"Direct3DX 8 static library (texture and image loading; includes libpng 1.0.5, libjpeg and zlib)",high,"identical normalised instruction shape (23 insns, unique in both)",0x00472ec8,same,
0x004717f9,FUN_00472ef9,lib,"Direct3DX 8 static library (texture and image loading; includes libpng 1.0.5, libjpeg and zlib)",high,"identical normalised instruction shape (124 insns, unique in both)",0x00472ef9,same,
0x0047194f,FUN_0047304f,lib,"Direct3DX 8 static library (texture and image loading; includes libpng 1.0.5, libjpeg and zlib)",high,"identical normalised instruction shape (174 insns, unique in both)",0x0047304f,same,
0x00471b35,FUN_00473235,lib,"Direct3DX 8 static library (texture and image loading; includes libpng 1.0.5, libjpeg and zlib)",high,"identical normalised instruction shape (99 insns, unique in both)",0x00473235,same,
0x00471baa,FUN_004732aa,lib,"Direct3DX 8 static library (texture and image loading; includes libpng 1.0.5, libjpeg and zlib)",high,"identical normalised instruction shape (45 insns, unique in both)",0x004732aa,same,
0x00471c16,FUN_00473316,lib,"Direct3DX 8 static library (texture and image loading; includes libpng 1.0.5, libjpeg and zlib)",high,"identical normalised instruction shape (312 insns, unique in both)",0x00473316,same,
0x00471f4e,FUN_0047364e,lib,"Direct3DX 8 static library (texture and image loading; includes libpng 1.0.5, libjpeg and zlib)",high,"identical normalised instruction shape (139 insns, unique in both)",0x0047364e,same,
0x004720a1,FUN_004737a1,lib,"Direct3DX 8 static library (texture and image loading; includes libpng 1.0.5, libjpeg and zlib)",high,"identical normalised instruction shape (110 insns, unique in both)",0x004737a1,same,
0x004721d9,FUN_004738d9,lib,"Direct3DX 8 static library (texture and image loading; includes libpng 1.0.5, libjpeg and zlib)",high,"identical normalised instruction shape (59 insns, unique in both)",0x004738d9,same,
0x00472266,FUN_00473966,lib,"Direct3DX 8 static library (texture and image loading; includes libpng 1.0.5, libjpeg and zlib)",high,"identical normalised instruction shape (148 insns, unique in both)",0x00473966,same,
0x004723e6,FUN_00473ae6,lib,"Direct3DX 8 static library (texture and image loading; includes libpng 1.0.5, libjpeg and zlib)",high,"identical normalised instruction shape (89 insns, unique in both)",0x00473ae6,same,
0x00472500,FUN_00473c00,lib,"Direct3DX 8 static library (texture and image loading; includes libpng 1.0.5, libjpeg and zlib)",high,"identical normalised instruction shape (78 insns, unique in both)",0x00473c00,same,
0x004725d0,FUN_00473cd0,lib,"Direct3DX 8 static library (texture and image loading; includes libpng 1.0.5, libjpeg and zlib)",high,"identical normalised instruction shape (67 insns, unique in both)",0x00473cd0,same,
0x00472679,FUN_00473d79,lib,"Direct3DX 8 static library (texture and image loading; includes libpng 1.0.5, libjpeg and zlib)",high,"identical normalised instruction shape (206 insns, unique in both)",0x00473d79,same,
0x004728e7,FUN_00473fe7,lib,"Direct3DX 8 static library (texture and image loading; includes libpng 1.0.5, libjpeg and zlib)",high,"identical normalised instruction shape (62 insns, unique in both)",0x00473fe7,same,
0x00472999,FUN_0043f3c5,crt,counterpart of the unnamed as2 function FUN_0043f3c5,medium,"identical shape, callback pointer taken by FUN_004517e3 (score 1.00)",0x0043f3c5,same,0x00436492
0x0047299a,FUN_00474099,lib,"Direct3DX 8 static library (texture and image loading; includes libpng 1.0.5, libjpeg and zlib)",high,"identical normalised instruction shape (92 insns, unique in both)",0x00474099,same,
0x00472aab,FUN_004741aa,lib,"Direct3DX 8 static library (texture and image loading; includes libpng 1.0.5, libjpeg and zlib)",high,"identical normalised instruction shape (111 insns, unique in both)",0x004741aa,same,
0x00472bbe,FUN_004742bd,lib,"Direct3DX 8 static library (texture and image loading; includes libpng 1.0.5, libjpeg and zlib)",high,"identical normalised instruction shape (83 insns, unique in both)",0x004742bd,same,
0x00472c89,FUN_00474388,lib,"Direct3DX 8 static library (texture and image loading; includes libpng 1.0.5, libjpeg and zlib)",high,"identical normalised instruction shape (112 insns, unique in both)",0x00474388,same,
0x00472db6,FUN_004744b5,lib,"Direct3DX 8 static library (texture and image loading; includes libpng 1.0.5, libjpeg and zlib)",high,"identical normalised instruction shape (102 insns, unique in both)",0x004744b5,same,
0x00472ee1,FUN_004745e0,lib,"Direct3DX 8 static library (texture and image loading; includes libpng 1.0.5, libjpeg and zlib)",high,"identical normalised instruction shape (69 insns, unique in both)",0x004745e0,same,
0x00472fa6,FUN_004746a5,lib,"Direct3DX 8 static library (texture and image loading; includes libpng 1.0.5, libjpeg and zlib)",high,"identical normalised instruction shape (56 insns, unique in both)",0x004746a5,same,
0x0047302e,FUN_0047472d,lib,"Direct3DX 8 static library (texture and image loading; includes libpng 1.0.5, libjpeg and zlib)",high,"identical normalised instruction shape (58 insns, unique in both)",0x0047472d,same,
0x004730bb,FUN_004747ba,lib,"Direct3DX 8 static library (texture and image loading; includes libpng 1.0.5, libjpeg and zlib)",high,"identical normalised instruction shape (88 insns, unique in both)",0x004747ba,same,
0x004731a6,FUN_004748a5,lib,"Direct3DX 8 static library (texture and image loading; includes libpng 1.0.5, libjpeg and zlib)",high,"identical normalised instruction shape (96 insns, unique in both)",0x004748a5,same,
0x004732a5,FUN_004749a4,lib,"Direct3DX 8 static library (texture and image loading; includes libpng 1.0.5, libjpeg and zlib)",high,"identical normalised instruction shape (133 insns, unique in both)",0x004749a4,same,
0x00473429,FUN_00474b28,lib,"Direct3DX 8 static library (texture and image loading; includes libpng 1.0.5, libjpeg and zlib)",high,"identical normalised instruction shape (25 insns, unique in both)",0x00474b28,same,
0x0047345f,FUN_00474b5e,lib,"Direct3DX 8 static library (texture and image loading; includes libpng 1.0.5, libjpeg and zlib)",high,"identical normalised instruction shape (72 insns, unique in both)",0x00474b5e,same,
0x0047353d,FUN_00474c3c,lib,"Direct3DX 8 static library (texture and image loading; includes libpng 1.0.5, libjpeg and zlib)",high,"identical normalised instruction shape (46 insns, unique in both)",0x00474c3c,same,
0x004735c4,FUN_00474cc3,lib,"Direct3DX 8 static library (texture and image loading; includes libpng 1.0.5, libjpeg and zlib)",high,"identical normalised instruction shape (48 insns, unique in both)",0x00474cc3,same,
0x0047362f,FUN_00474d2e,lib,"Direct3DX 8 static library (texture and image loading; includes libpng 1.0.5, libjpeg and zlib)",high,"identical normalised instruction shape (60 insns, unique in both)",0x00474d2e,same,
0x004736bc,FUN_00474dbb,lib,"Direct3DX 8 static library (texture and image loading; includes libpng 1.0.5, libjpeg and zlib)",high,unique string 'invalid bit length repeat' (4 shared),0x00474dbb,same,
0x00473e57,FUN_00475556,lib,"Direct3DX 8 static library (texture and image loading; includes libpng 1.0.5, libjpeg and zlib)",high,"identical normalised instruction shape (22 insns, unique in both)",0x00475556,same,
0x00473e8b,FUN_0047558a,lib,"Direct3DX 8 static library (texture and image loading; includes libpng 1.0.5, libjpeg and zlib)",high,"identical normalised instruction shape (109 insns, unique in both)",0x0047558a,same,
0x00473fa4,FUN_004756a3,lib,"Direct3DX 8 static library (texture and image loading; includes libpng 1.0.5, libjpeg and zlib)",medium,"identical shape, callback pointer taken by FUN_0046c9f6 (score 1.00)",0x004756a3,same,
0x00473fb4,FUN_004756b3,lib,"Direct3DX 8 static library (texture and image loading; includes libpng 1.0.5, libjpeg and zlib)",high,"identical normalised instruction shape (230 insns, unique in both)",0x004756b3,same,
0x004742c9,FUN_004759c8,lib,"Direct3DX 8 static library (texture and image loading; includes libpng 1.0.5, libjpeg and zlib)",high,"identical normalised instruction shape (137 insns, unique in both)",0x004759c8,same,
0x00474487,FUN_00475b86,lib,"Direct3DX 8 static library (texture and image loading; includes libpng 1.0.5, libjpeg and zlib)",high,"identical normalised instruction shape (20 insns, unique in both)",0x00475b86,same,
0x004744c4,FUN_00475bc3,lib,"Direct3DX 8 static library (texture and image loading; includes libpng 1.0.5, libjpeg and zlib)",high,"identical normalised instruction shape (24 insns, unique in both)",0x00475bc3,same,
0x00474510,FUN_00475c0f,lib,"Direct3DX 8 static library (texture and image loading; includes libpng 1.0.5, libjpeg and zlib)",high,"identical normalised instruction shape (24 insns, unique in both)",0x00475c0f,same,
0x0047455c,FUN_00475c5b,lib,"Direct3DX 8 static library (texture and image loading; includes libpng 1.0.5, libjpeg and zlib)",high,"identical normalised instruction shape (336 insns, unique in both)",0x00475c5b,same,
0x0047493d,FUN_0047603c,lib,"Direct3DX 8 static library (texture and image loading; includes libpng 1.0.5, libjpeg and zlib)",high,"identical normalised instruction shape (21 insns, unique in both)",0x0047603c,same,
0x00474971,FUN_00476070,lib,"Direct3DX 8 static library (texture and image loading; includes libpng 1.0.5, libjpeg and zlib)",high,"identical normalised instruction shape (456 insns, unique in both)",0x00476070,same,
0x00474ed5,FUN_004765d4,lib,"Direct3DX 8 static library (texture and image loading; includes libpng 1.0.5, libjpeg and zlib)",medium,"identical shape, callee FUN_00474dbb (score 1.00)",0x004765d4,same,
0x00474ee6,FUN_004765e5,lib,"Direct3DX 8 static library (texture and image loading; includes libpng 1.0.5, libjpeg and zlib)",high,"identical normalised instruction shape (341 insns, unique in both)",0x004765e5,same,
0x0047526b,FUN_0047696a,lib,"Direct3DX 8 static library (texture and image loading; includes libpng 1.0.5, libjpeg and zlib)",high,unique string 'incomplete dynamic bit lengths tree' (2 shared),0x0047696a,same,
0x004752ea,FUN_004769e9,lib,"Direct3DX 8 static library (texture and image loading; includes libpng 1.0.5, libjpeg and zlib)",high,unique string 'incomplete literal/length tree' (5 shared),0x004769e9,same,
0x004753ed,FUN_00476aec,lib,"Direct3DX 8 static library (texture and image loading; includes libpng 1.0.5, libjpeg and zlib)",high,"identical normalised instruction shape (12 insns, unique in both)",0x00476aec,same,
0x0047541c,FUN_00476b1b,lib,"Direct3DX 8 static library (texture and image loading; includes libpng 1.0.5, libjpeg and zlib)",high,"identical normalised instruction shape (114 insns, unique in both)",0x00476b1b,same,
0x00475531,FUN_00476c30,lib,"Direct3DX 8 static library (texture and image loading; includes libpng 1.0.5, libjpeg and zlib)",high,"identical normalised instruction shape (336 insns, unique in both)",0x00476c30,same,
0x00475993,FUN_00477092,lib,"Direct3DX 8 static library (texture and image loading; includes libpng 1.0.5, libjpeg and zlib)",high,"identical normalised instruction shape (473 insns, unique in both)",0x00477092,same,
0x0047604b,FUN_0047774a,lib,"Direct3DX 8 static library (texture and image loading; includes libpng 1.0.5, libjpeg and zlib)",high,"identical normalised instruction shape (240 insns, unique in both)",0x0047774a,same,
0x004763a6,FUN_00477aa5,lib,"Direct3DX 8 static library (texture and image loading; includes libpng 1.0.5, libjpeg and zlib)",high,"identical normalised instruction shape (973 insns, unique in both)",0x00477aa5,same,
0x00477179,FUN_00478878,lib,"Direct3DX 8 static library (texture and image loading; includes libpng 1.0.5, libjpeg and zlib)",high,"identical normalised instruction shape (250 insns, unique in both)",0x00478878,same,
0x0047742e,RtlUnwind,crt,v1.70 export name (library),high,same library/thunk name 'RtlUnwind' (Ghidra function ID),0x00478b2e,same,0x0043f96c
0x00477434,__putenv_helper,crt,v1.70 export name (library),high,same library/thunk name '__putenv_helper' (Ghidra function ID),0x00478b34,same,0x0043f972
0x00477643,__putenv,crt,v1.70 export name (library),high,same library/thunk name '__putenv' (Ghidra function ID),0x00478d43,same,0x0043fb81
0x0047767f,FUN_00478d7f,crt,counterpart of the unnamed as2 function FUN_00478d7f,medium,"identical shape, callee __putenv (score 1.00)",0x00478d7f,same,0x0043fbbd
0x004776d0,acos,crt,arc cosine,medium,"identical shape, callee G_PathSegmentYaw (score 1.00)",0x00478dd0,same,0x00440d30
0x00477728,FUN_00478e28,crt,counterpart of the unnamed as2 function FUN_00478e28,high,"identical normalised instruction shape (50 insns, unique in both)",0x00478e28,same,0x00440d88
0x004777d8,FUN_00478ed8,crt,C runtime (unnamed),high,"identical normalised instruction shape (10 insns, unique in both)",0x00478ed8,same,
0x004777f7,__ArrayUnwind,crt,C runtime / compiler support (name from Ghidra function ID),high,same library/thunk name '__ArrayUnwind' (Ghidra function ID),0x00478ef7,same,
0x00477855,`eh_vector_destructor_iterator',crt,C runtime / compiler support (name from Ghidra function ID),high,"identical normalised instruction shape (20 insns, unique in both)",0x00478f55,same,
0x004778a0,FUN_00478fa0,crt,C runtime (unnamed),medium,"identical shape, callee `eh_vector_destructor_iterator' (score 1.00)",0x00478fa0,same,
0x004778b8,`eh_vector_constructor_iterator',crt,C runtime / compiler support (name from Ghidra function ID),high,"identical normalised instruction shape (22 insns, unique in both)",0x00478fb8,same,
0x00477905,FUN_00479005,crt,C runtime (unnamed),medium,"identical shape, callee `eh_vector_constructor_iterator' (score 1.00)",0x00479005,same,
0x00477920,FID_conflict:___longjmp_internal,crt,C runtime / compiler support (name from Ghidra function ID),high,"identical normalised instruction shape (57 insns, unique in both)",0x00479020,same,
0x004779d4,__setjmp3,crt,C runtime / compiler support (name from Ghidra function ID),high,same library/thunk name '__setjmp3' (Ghidra function ID),0x004790d4,same,
0x00477a50,__ftol,crt,C runtime / compiler support (name from Ghidra function ID),high,same library/thunk name '__ftol' (Ghidra function ID),0x00479150,same,
0x00477ac0,FUN_004791c0,crt,C runtime (unnamed),high,"identical normalised instruction shape (23 insns, unique in both)",0x004791c0,same,
0x00477b1d,FUN_0047921d,crt,C runtime (unnamed),high,"identical normalised instruction shape (19 insns, unique in both)",0x0047921d,same,
0x00477d10,floor,crt,floor (double),high,"identical normalised instruction shape (157 insns, unique in both)",0x00479410,same,0x00440e40
0x00477e31,_wfindenv,crt,v1.70 export name (library),high,same library/thunk name '_wfindenv' (Ghidra function ID),0x00479531,same,0x0043fc2e
0x00477e82,_copy_environ_479582,crt,v1.70 export name (library),medium,"identical shape, callee ___crtwsetenv (score 1.00)",0x00479582,same,0x0043fc7f
0x00477edf,___crtwsetenv,crt,v1.70 export name (library),high,only caller of import SetEnvironmentVariableW,0x004795df,same,0x0043fcdc
0x00478240,__CIacos_pentium4,crt,v1.70 export name (library),high,same library/thunk name '__CIacos_pentium4' (Ghidra function ID),0x00479940,same,0x00442250
0x0047825e,start,crt,v1.70 export name (library),high,"identical normalised instruction shape (294 insns, unique in both)",0x0047995e,same,0x0044226e
0x004787a0,__trandisp1,crt,v1.70 export name (library),high,same library/thunk name '__trandisp1' (Ghidra function ID),0x00479ea0,same,0x004414e0
0x00478807,__trandisp2,crt,v1.70 export name (library),high,same library/thunk name '__trandisp2' (Ghidra function ID),0x00479f07,same,0x00441547
0x00478963,FUN_0047a063,crt,C runtime (unnamed),medium,"same position between matched neighbours, identical shape (4 insns)",0x0047a063,same,
0x00478970,FUN_0047a070,crt,counterpart of the unnamed as2 function FUN_0047a070,low,"identical shape, global shape search (score 1.00)",0x0047a070,same,0x00441840
0x00478987,__startOneArgErrorHandling,crt,v1.70 export name (library),high,same library/thunk name '__startOneArgErrorHandling' (Ghidra function ID),0x0047a087,same,0x00441857
0x004789e5,FUN_0047a0e5,crt,counterpart of the unnamed as2 function FUN_0047a0e5,medium,"identical shape, callee FUN_00478e28 (score 1.00)",0x0047a0e5,same,0x004416c5
0x004789fc,FUN_0047a0fc,crt,counterpart of the unnamed as2 function FUN_0047a0fc,medium,"identical shape, callee FUN_00478e28 (score 1.00)",0x0047a0fc,same,0x004416dc
0x00478a15,__fload_withFB,crt,v1.70 export name (library),high,same library/thunk name '__fload_withFB' (Ghidra function ID),0x0047a115,same,0x004416f5
0x00478a58,FUN_0047a158,crt,counterpart of the unnamed as2 function FUN_0047a158,medium,"identical shape, callee sin (score 1.00)",0x0047a158,same,0x00441738
0x00478a6e,FUN_0047a16e,crt,C runtime (unnamed),low,"only unmatched function with the same matched callers (FUN_00478e28, FUN_0047c9e8, FUN_0047cb18, FUN_0047cd38, FUN_0047cddd, FUN_0047cf) (score 1.00)",0x0047a16e,same,
0x00478a7b,__math_exit,crt,v1.70 export name (library),high,same library/thunk name '__math_exit' (Ghidra function ID),0x0047a17b,same,0x0044175b
0x00478b5c,__rt_probe_read4@4,crt,C runtime / compiler support (name from Ghidra function ID),high,same library/thunk name '__rt_probe_read4@4' (Ghidra function ID),0x0047a25c,same,
0x00478bb0,__CIpow_pentium4,crt,C runtime / compiler support (name from Ghidra function ID),high,same library/thunk name '__CIpow_pentium4' (Ghidra function ID),0x0047a2b0,same,
0x00478bc9,__pow_pentium4,crt,C runtime / compiler support (name from Ghidra function ID),high,same library/thunk name '__pow_pentium4' (Ghidra function ID),0x0047a2c9,same,
0x00479917,__d_inttype,crt,v1.70 export name (library),high,same library/thunk name '__d_inttype' (Ghidra function ID),0x0047b017,same,0x0044313c
0x0047997b,FUN_0047b07b,crt,counterpart of the unnamed as2 function FUN_0047b07b,high,"identical normalised instruction shape (123 insns, unique in both)",0x0047b07b,same,0x004431a0
0x00479b8a,__wcsnicoll_l,crt,v1.70 export name (library),high,same library/thunk name '__wcsnicoll_l' (Ghidra function ID),0x0047b28a,same,0x0044003d
0x00479ccb,__wcsnicoll,crt,v1.70 export name (library),high,same library/thunk name '__wcsnicoll' (Ghidra function ID),0x0047b3cb,same,0x0044017e
0x00479d6d,__wcsdup,crt,v1.70 export name (library),high,same library/thunk name '__wcsdup' (Ghidra function ID),0x0047b46d,same,0x00440220
0x00479dc0,_wcscpy_s,crt,v1.70 export name (library),high,same library/thunk name '_wcscpy_s' (Ghidra function ID),0x0047b4c0,same,0x00440273
0x00479e2c,___mbtow_environ,crt,v1.70 export name (library),high,same library/thunk name '___mbtow_environ' (Ghidra function ID),0x0047b52c,same,0x004402df
0x00479eb1,__wsetenvp,crt,v1.70 export name (library),high,same library/thunk name '__wsetenvp' (Ghidra function ID),0x0047b5b1,same,0x00440364
0x00479f8b,___crtGetEnvironmentStringsW,crt,v1.70 export name (library),high,same library/thunk name '___crtGetEnvironmentStringsW' (Ghidra function ID),0x0047b68b,same,0x0044043e
0x0047a0ec,_wcschr,crt,v1.70 export name (library),high,same library/thunk name '_wcschr' (Ghidra function ID),0x0047b7ec,same,0x0044059f
0x0047a10e,__87except,crt,v1.70 export name (library),high,same library/thunk name '__87except' (Ghidra function ID),0x0047b80e,same,0x00443040
0x0047aa16,FUN_0047c116,crt,C runtime (unnamed),high,"identical normalised instruction shape (142 insns, unique in both)",0x0047c116,same,
0x0047ac1c,FUN_0047c31c,crt,C runtime (unnamed),high,"identical normalised instruction shape (54 insns, unique in both)",0x0047c31c,same,
0x0047af9b,wcsncnt,crt,v1.70 export name (library),high,same library/thunk name 'wcsncnt' (Ghidra function ID),0x0047c69b,same,0x004405c1
0x0047afb7,__crtCompareStringW_stat,crt,v1.70 export name (library),high,same library/thunk name '__crtCompareStringW_stat' (Ghidra function ID),0x0047c6b7,same,0x004405dd
0x0047b207,___crtCompareStringW,crt,v1.70 export name (library),high,same library/thunk name '___crtCompareStringW' (Ghidra function ID),0x0047c907,same,0x0044082d
0x0047b290,sin,crt,sin,medium,"identical shape, callee PF_sin (score 1.00)",0x0047c990,same,0x00440960
0x0047b2df,FUN_0047c9df,crt,counterpart of the unnamed as2 function FUN_0047c9df,low,"identical shape, caller of __fload_withFB (score 1.00)",0x0047c9df,same,0x004409af
0x0047b2e8,FUN_0047c9e8,crt,counterpart of the unnamed as2 function FUN_0047c9e8,high,"identical normalised instruction shape (40 insns, unique in both)",0x0047c9e8,same,0x004409b8
0x0047b3c0,cos,crt,cos,medium,"identical shape, callee PF_cos (score 1.00)",0x0047cac0,same,0x00440b70
0x0047b40f,FUN_0047cb0f,crt,counterpart of the unnamed as2 function FUN_0047cb0f,low,"identical shape, caller of __fload_withFB (score 1.00)",0x0047cb0f,same,0x00440bbf
0x0047b418,FUN_0047cb18,crt,counterpart of the unnamed as2 function FUN_0047cb18,high,"identical normalised instruction shape (40 insns, unique in both)",0x0047cb18,same,0x00440bc8
0x0047b4b0,_ftol2,crt,float to int truncation,high,"identical normalised instruction shape (47 insns, unique in both)",0x0047cbb0,same,0x00440870
0x0047b56a,_CIfmod,crt,floating remainder,medium,"identical shape, callee PF_floor2 (score 1.00)",0x0047cc6a,same,
0x0047b5e0,_CIatan,crt,arctangent,medium,"identical shape, callee PF_atan (score 1.00)",0x0047cce0,same,0x00440fb0
0x0047b638,FUN_0047cd38,crt,counterpart of the unnamed as2 function FUN_0047cd38,high,"identical normalised instruction shape (32 insns, unique in both)",0x0047cd38,same,0x00441008
0x0047b6c0,_CIsqrt,crt,square root (v1.70 alias: sqrt),medium,"identical shape, callee PF_vec_length (score 1.00)",0x0047cdc0,same,0x00440a50
0x0047b6dd,FUN_0047cddd,crt,counterpart of the unnamed as2 function FUN_0047cddd,high,"identical normalised instruction shape (40 insns, unique in both)",0x0047cddd,same,0x00440a6d
0x0047b78a,_CIatan2,crt,two-argument arctangent (v1.70 alias: atan2),medium,"identical shape, callee PF_atan2 (score 1.00)",0x0047ce8a,same,0x00440b1a
0x0047b7dc,exp,crt,exponential,high,"identical normalised instruction shape (17 insns, unique in both)",0x0047cedc,same,0x00440c9c
0x0047b870,FUN_0047cf70,crt,counterpart of the unnamed as2 function FUN_0047cf70,medium,"identical shape, callee PF_tan (score 1.00)",0x0047cf70,same,0x004410d0
0x0047b8bf,FUN_0047cfbf,crt,counterpart of the unnamed as2 function FUN_0047cfbf,low,"identical shape, caller of __fload_withFB (score 1.00)",0x0047cfbf,same,0x0044111f
0x0047b8c8,FUN_0047cfc8,crt,counterpart of the unnamed as2 function FUN_0047cfc8,high,"identical normalised instruction shape (42 insns, unique in both)",0x0047cfc8,same,0x00441128
0x0047b9a0,FUN_0047d0a0,crt,counterpart of the unnamed as2 function FUN_0047d0a0,medium,"identical shape, callee R_GenerateShadowMap (score 1.00)",0x0047d0a0,same,0x00441200
0x0047b9f8,FUN_0047d0f8,crt,counterpart of the unnamed as2 function FUN_0047d0f8,high,"identical normalised instruction shape (48 insns, unique in both)",0x0047d0f8,same,0x00441258
0x0047bab0,__CIsin_pentium4,crt,v1.70 export name (library),high,same library/thunk name '__CIsin_pentium4' (Ghidra function ID),0x0047d1b0,same,0x00441310
0x0047bace,start_47d1ce,crt,v1.70 export name (library),high,"identical normalised instruction shape (95 insns, unique in both)",0x0047d1ce,same,0x0044132e
0x0047bc80,__CIcos_pentium4,crt,v1.70 export name (library),high,same library/thunk name '__CIcos_pentium4' (Ghidra function ID),0x0047d380,same,0x00441bd0
0x0047bc9e,start_47d39e,crt,v1.70 export name (library),high,"identical normalised instruction shape (88 insns, unique in both)",0x0047d39e,same,0x00441bee
0x0047be30,__cintrindisp2,crt,v1.70 export name (library),high,same library/thunk name '__cintrindisp2' (Ghidra function ID),0x0047d530,same,0x00441950
0x0047be6e,__cintrindisp1,crt,v1.70 export name (library),high,same library/thunk name '__cintrindisp1' (Ghidra function ID),0x0047d56e,same,0x0044198e
0x0047beab,__ctrandisp2,crt,v1.70 export name (library),high,same library/thunk name '__ctrandisp2' (Ghidra function ID),0x0047d5ab,same,0x004419cb
0x0047bef3,FUN_0047d5f3,crt,counterpart of the unnamed as2 function FUN_0047d5f3,medium,"identical shape, callee __ctrandisp2 (score 1.00)",0x0047d5f3,same,0x00441a13
0x0047befa,FUN_0047d5fa,crt,counterpart of the unnamed as2 function FUN_0047d5fa,high,"identical normalised instruction shape (96 insns, unique in both)",0x0047d5fa,same,0x00441a1a
0x0047c041,__ctrandisp1,crt,v1.70 export name (library),high,same library/thunk name '__ctrandisp1' (Ghidra function ID),0x0047d741,same,0x00441b61
0x0047c074,__fload,crt,v1.70 export name (library),high,same library/thunk name '__fload' (Ghidra function ID),0x0047d774,same,0x00441b94
0x0047c0b0,__CIatan_pentium4,crt,v1.70 export name (library),high,same library/thunk name '__CIatan_pentium4' (Ghidra function ID),0x0047d7b0,same,0x00442880
0x0047c0ce,start_47d7ce,crt,v1.70 export name (library),high,"identical normalised instruction shape (150 insns, unique in both)",0x0047d7ce,same,0x0044289e
0x0047c40c,FUN_0047db0c,crt,C runtime (unnamed),medium,"same position between matched neighbours, identical shape (3 insns)",0x0047db0c,same,
0x0047c450,FUN_0047db50,crt,counterpart of the unnamed as2 function FUN_0047db50,medium,"identical shape, caller of FUN_0047db6e (score 1.00)",0x0047db50,same,0x00441d80
0x0047c46e,FUN_0047db6e,crt,counterpart of the unnamed as2 function FUN_0047db6e,high,"identical normalised instruction shape (153 insns, unique in both)",0x0047db6e,same,0x00441d9e
0x0047c710,__CItan_pentium4,crt,v1.70 export name (library),medium,"identical shape, caller of start_47de2e (score 1.00)",0x0047de10,same,0x00442b70
0x0047c72e,start_47de2e,crt,v1.70 export name (library),high,"identical normalised instruction shape (124 insns, unique in both)",0x0047de2e,same,0x00442b8e
0x0047c970,__CIlog_pentium4,crt,v1.70 export name (library),high,same library/thunk name '__CIlog_pentium4' (Ghidra function ID),0x0047e070,same,0x00442dd0
0x0047c98e,start_47e08e,crt,v1.70 export name (library),high,"identical normalised instruction shape (131 insns, unique in both)",0x0047e08e,same,0x00442dee
0x0047cbe0,Unwind@0047e2e0,crt,C runtime / compiler support (name from Ghidra function ID),medium,"same position between matched neighbours, identical shape (2 insns)",0x0047e2e0,same,
0x0047cc03,Unwind@0047e303,crt,C runtime / compiler support (name from Ghidra function ID),medium,"same position between matched neighbours, identical shape (2 insns)",0x0047e303,same,
0x0047cc41,Unwind@0047e341,crt,C runtime / compiler support (name from Ghidra function ID),medium,"identical shape, caller of FUN_0045062a (score 1.00)",0x0047e341,same,
0x0047cc60,Unwind@0047e360,crt,C runtime / compiler support (name from Ghidra function ID),medium,"same position between matched neighbours, identical shape (4 insns)",0x0047e360,same,
0x0047cc6a,Unwind@0047e36a,crt,C runtime / compiler support (name from Ghidra function ID),medium,"same position between matched neighbours, identical shape (4 insns)",0x0047e36a,same,
0x0047cc74,Unwind@0047e374,crt,C runtime / compiler support (name from Ghidra function ID),medium,"same position between matched neighbours, identical shape (4 insns)",0x0047e374,same,
0x0047cc88,Unwind@0047e388,crt,C runtime / compiler support (name from Ghidra function ID),medium,"same position between matched neighbours, identical shape (4 insns)",0x0047e388,same,
0x0047cc9c,Unwind@0047e39c,crt,C runtime / compiler support (name from Ghidra function ID),medium,"same position between matched neighbours, identical shape (4 insns)",0x0047e39c,same,
0x0047cca6,Unwind@0047e3a6,crt,C runtime / compiler support (name from Ghidra function ID),medium,"same position between matched neighbours, identical shape (4 insns)",0x0047e3a6,same,
0x0047ccba,Unwind@0047e3ba,crt,C runtime / compiler support (name from Ghidra function ID),medium,"same position between matched neighbours, identical shape (4 insns)",0x0047e3ba,same,
0x0047ccc4,Unwind@0047e3c4,crt,C runtime / compiler support (name from Ghidra function ID),medium,"same position between matched neighbours, identical shape (4 insns)",0x0047e3c4,same,
0x0047ccd8,Unwind@0047e3d8,crt,C runtime / compiler support (name from Ghidra function ID),medium,"same position between matched neighbours, identical shape (4 insns)",0x0047e3d8,same,
0x0047cce2,Unwind@0047e3e2,crt,C runtime / compiler support (name from Ghidra function ID),medium,"same position between matched neighbours, identical shape (4 insns)",0x0047e3e2,same,
0x0047ccec,Unwind@0047e3ec,crt,C runtime / compiler support (name from Ghidra function ID),medium,"same position between matched neighbours, identical shape (4 insns)",0x0047e3ec,same,
0x0047cd00,Unwind@0047e400,crt,C runtime / compiler support (name from Ghidra function ID),medium,"same position between matched neighbours, identical shape (4 insns)",0x0047e400,same,
0x0047cd0a,Unwind@0047e40a,crt,C runtime / compiler support (name from Ghidra function ID),medium,"same position between matched neighbours, identical shape (4 insns)",0x0047e40a,same,
0x0047cd14,Unwind@0047e414,crt,C runtime / compiler support (name from Ghidra function ID),medium,"same position between matched neighbours, identical shape (4 insns)",0x0047e414,same,
0x0047cd28,Unwind@0047e428,crt,C runtime / compiler support (name from Ghidra function ID),medium,"same position between matched neighbours, identical shape (4 insns)",0x0047e428,same,
0x0047cd32,Unwind@0047e432,crt,C runtime / compiler support (name from Ghidra function ID),medium,"same position between matched neighbours, identical shape (4 insns)",0x0047e432,same,
0x0047cd46,Unwind@0047e446,crt,C runtime / compiler support (name from Ghidra function ID),medium,"same position between matched neighbours, identical shape (4 insns)",0x0047e446,same,
0x0047cd50,Unwind@0047e450,crt,C runtime / compiler support (name from Ghidra function ID),medium,"same position between matched neighbours, identical shape (4 insns)",0x0047e450,same,
0x0047cd64,Unwind@0047e464,crt,C runtime / compiler support (name from Ghidra function ID),medium,"same position between matched neighbours, identical shape (4 insns)",0x0047e464,same,
0x0047cd6e,Unwind@0047e46e,crt,C runtime / compiler support (name from Ghidra function ID),medium,"same position between matched neighbours, identical shape (4 insns)",0x0047e46e,same,
0x0047cd78,Unwind@0047e478,crt,C runtime / compiler support (name from Ghidra function ID),medium,"same position between matched neighbours, identical shape (4 insns)",0x0047e478,same,
0x0047cd8c,Unwind@0047e48c,crt,C runtime / compiler support (name from Ghidra function ID),medium,"same position between matched neighbours, identical shape (2 insns)",0x0047e48c,same,
0x0047cd9e,Unwind@0047e49e,crt,C runtime / compiler support (name from Ghidra function ID),medium,"same position between matched neighbours, identical shape (4 insns)",0x0047e49e,same,
0x0047cdb2,Unwind@0047e4b2,crt,C runtime / compiler support (name from Ghidra function ID),medium,"same position between matched neighbours, identical shape (4 insns)",0x0047e4b2,same,
0x0047cdc6,Unwind@0047e4c6,crt,C runtime / compiler support (name from Ghidra function ID),medium,"same position between matched neighbours, identical shape (2 insns)",0x0047e4c6,same,
0x0047cdce,Unwind@0047e4ce,crt,C runtime / compiler support (name from Ghidra function ID),medium,"same position between matched neighbours, identical shape (4 insns)",0x0047e4ce,same,
0x0047cde2,Unwind@0047e4e2,crt,C runtime / compiler support (name from Ghidra function ID),medium,"same position between matched neighbours, identical shape (4 insns)",0x0047e4e2,same,
0x0047cdf6,Unwind@0047e4f6,crt,C runtime / compiler support (name from Ghidra function ID),medium,"identical shape, caller of FUN_004563a1 (score 1.00)",0x0047e4f6,same,
0x0047ce08,Unwind@0047e508,crt,C runtime / compiler support (name from Ghidra function ID),medium,"same position between matched neighbours, identical shape (4 insns)",0x0047e508,same,
0x0047ce12,Unwind@0047e512,crt,C runtime / compiler support (name from Ghidra function ID),medium,"same position between matched neighbours, identical shape (4 insns)",0x0047e512,same,
0x0047ce1c,Unwind@0047e51c,crt,C runtime / compiler support (name from Ghidra function ID),medium,"same position between matched neighbours, identical shape (4 insns)",0x0047e51c,same,
0x0047ce26,Unwind@0047e526,crt,C runtime / compiler support (name from Ghidra function ID),medium,"same position between matched neighbours, identical shape (4 insns)",0x0047e526,same,
0x0047ce30,Unwind@0047e530,crt,C runtime / compiler support (name from Ghidra function ID),medium,"same position between matched neighbours, identical shape (4 insns)",0x0047e530,same,
0x0047ce3a,Unwind@0047e53a,crt,C runtime / compiler support (name from Ghidra function ID),medium,"same position between matched neighbours, identical shape (4 insns)",0x0047e53a,same,
0x0047ce44,Unwind@0047e544,crt,C runtime / compiler support (name from Ghidra function ID),medium,"same position between matched neighbours, identical shape (4 insns)",0x0047e544,same,
0x0047ce4e,Unwind@0047e54e,crt,C runtime / compiler support (name from Ghidra function ID),medium,"same position between matched neighbours, identical shape (4 insns)",0x0047e54e,same,
0x0047ce58,Unwind@0047e558,crt,C runtime / compiler support (name from Ghidra function ID),medium,"same position between matched neighbours, identical shape (4 insns)",0x0047e558,same,
0x0047ce62,Unwind@0047e562,crt,C runtime / compiler support (name from Ghidra function ID),medium,"same position between matched neighbours, identical shape (4 insns)",0x0047e562,same,
0x0047ce6c,Unwind@0047e56c,crt,C runtime / compiler support (name from Ghidra function ID),medium,"same position between matched neighbours, identical shape (4 insns)",0x0047e56c,same,
0x0047ce76,Unwind@0047e576,crt,C runtime / compiler support (name from Ghidra function ID),medium,"same position between matched neighbours, identical shape (4 insns)",0x0047e576,same,
0x0047ce80,Unwind@0047e580,crt,C runtime / compiler support (name from Ghidra function ID),medium,"same position between matched neighbours, identical shape (4 insns)",0x0047e580,same,
0x0047ce8a,Unwind@0047e58a,crt,C runtime / compiler support (name from Ghidra function ID),medium,"same position between matched neighbours, identical shape (4 insns)",0x0047e58a,same,
0x0047ce94,Unwind@0047e594,crt,C runtime / compiler support (name from Ghidra function ID),medium,"same position between matched neighbours, identical shape (4 insns)",0x0047e594,same,
0x0047ce9e,Unwind@0047e59e,crt,C runtime / compiler support (name from Ghidra function ID),medium,"same position between matched neighbours, identical shape (4 insns)",0x0047e59e,same,
0x0047cea8,Unwind@0047e5a8,crt,C runtime / compiler support (name from Ghidra function ID),medium,"same position between matched neighbours, identical shape (4 insns)",0x0047e5a8,same,
0x0047ceb2,Unwind@0047e5b2,crt,C runtime / compiler support (name from Ghidra function ID),medium,"same position between matched neighbours, identical shape (4 insns)",0x0047e5b2,same,
0x0047cebc,Unwind@0047e5bc,crt,C runtime / compiler support (name from Ghidra function ID),medium,"same position between matched neighbours, identical shape (4 insns)",0x0047e5bc,same,
0x0047cec6,Unwind@0047e5c6,crt,C runtime / compiler support (name from Ghidra function ID),medium,"same position between matched neighbours, identical shape (4 insns)",0x0047e5c6,same,
0x0047ced0,Unwind@0047e5d0,crt,C runtime / compiler support (name from Ghidra function ID),medium,"same position between matched neighbours, identical shape (4 insns)",0x0047e5d0,same,
0x0047ceda,Unwind@0047e5da,crt,C runtime / compiler support (name from Ghidra function ID),medium,"same position between matched neighbours, identical shape (4 insns)",0x0047e5da,same,
0x0047cee4,Unwind@0047e5e4,crt,C runtime / compiler support (name from Ghidra function ID),medium,"same position between matched neighbours, identical shape (4 insns)",0x0047e5e4,same,
0x0047ceee,Unwind@0047e5ee,crt,C runtime / compiler support (name from Ghidra function ID),medium,"same position between matched neighbours, identical shape (4 insns)",0x0047e5ee,same,
0x0047cef8,Unwind@0047e5f8,crt,C runtime / compiler support (name from Ghidra function ID),medium,"same position between matched neighbours, identical shape (4 insns)",0x0047e5f8,same,
0x0047cf02,Unwind@0047e602,crt,C runtime / compiler support (name from Ghidra function ID),medium,"same position between matched neighbours, identical shape (4 insns)",0x0047e602,same,
0x0047cf0c,Unwind@0047e60c,crt,C runtime / compiler support (name from Ghidra function ID),medium,"same position between matched neighbours, identical shape (4 insns)",0x0047e60c,same,
0x0047cf16,Unwind@0047e616,crt,C runtime / compiler support (name from Ghidra function ID),medium,"same position between matched neighbours, identical shape (4 insns)",0x0047e616,same,
0x0047cf20,Unwind@0047e620,crt,C runtime / compiler support (name from Ghidra function ID),medium,"same position between matched neighbours, identical shape (4 insns)",0x0047e620,same,
0x0047cf2a,Unwind@0047e62a,crt,C runtime / compiler support (name from Ghidra function ID),medium,"same position between matched neighbours, identical shape (4 insns)",0x0047e62a,same,
0x0047cf34,Unwind@0047e634,crt,C runtime / compiler support (name from Ghidra function ID),medium,"same position between matched neighbours, identical shape (4 insns)",0x0047e634,same,
0x0047cf3e,Unwind@0047e63e,crt,C runtime / compiler support (name from Ghidra function ID),medium,"same position between matched neighbours, identical shape (4 insns)",0x0047e63e,same,
0x0047cf48,Unwind@0047e648,crt,C runtime / compiler support (name from Ghidra function ID),medium,"same position between matched neighbours, identical shape (4 insns)",0x0047e648,same,
0x0047cf52,Unwind@0047e652,crt,C runtime / compiler support (name from Ghidra function ID),medium,"same position between matched neighbours, identical shape (4 insns)",0x0047e652,same,
0x0047cf5c,Unwind@0047e65c,crt,C runtime / compiler support (name from Ghidra function ID),medium,"same position between matched neighbours, identical shape (4 insns)",0x0047e65c,same,
0x0047cf66,Unwind@0047e666,crt,C runtime / compiler support (name from Ghidra function ID),medium,"same position between matched neighbours, identical shape (4 insns)",0x0047e666,same,
0x0047cf70,Unwind@0047e670,crt,C runtime / compiler support (name from Ghidra function ID),medium,"same position between matched neighbours, identical shape (4 insns)",0x0047e670,same,
0x0047cf90,Unwind@004441a0,crt,v1.70 export name (library),low,"identical shape, global shape search (score 1.00)",0x0047e690,same,0x004441a0
0x0047cfe0,Unwind@0047e6e0,crt,C runtime / compiler support (name from Ghidra function ID),medium,"same position between matched neighbours, identical shape (5 insns)",0x0047e6e0,same,
0x0047cfeb,Unwind@0047e6eb,crt,C runtime / compiler support (name from Ghidra function ID),medium,"same position between matched neighbours, identical shape (5 insns)",0x0047e6eb,same,
0x0047d020,Unwind@00444230,crt,v1.70 export name (library),medium,"same position between matched neighbours, identical shape (2 insns)",0x0047e720,same,0x00444230
0x0047d050,Unwind@004442f0,crt,v1.70 export name (library),medium,"identical shape, caller of std_helper1 (score 1.00)",0x0047e750,same,0x004442f0
0x0047d090,Unwind@0047e790,crt,C runtime / compiler support (name from Ghidra function ID),medium,"same position between matched neighbours, identical shape (2 insns)",0x0047e790,same,
0x0047d0c0,Unwind@0047e7c0,crt,C runtime / compiler support (name from Ghidra function ID),medium,"same position between matched neighbours, identical shape (2 insns)",0x0047e7c0,same,
0x0047d0f0,Unwind@0047e7f0,crt,C runtime / compiler support (name from Ghidra function ID),medium,"same position between matched neighbours, identical shape (3 insns)",0x0047e7f0,same,
0x0047d0fb,Unwind@0047e7fb,crt,C runtime / compiler support (name from Ghidra function ID),medium,"same position between matched neighbours, identical shape (3 insns)",0x0047e7fb,same,
0x0047d106,Unwind@0047e806,crt,C runtime / compiler support (name from Ghidra function ID),medium,"same position between matched neighbours, identical shape (3 insns)",0x0047e806,same,
0x0047d111,Unwind@0047e811,crt,C runtime / compiler support (name from Ghidra function ID),medium,"same position between matched neighbours, identical shape (3 insns)",0x0047e811,same,
0x0047d11c,Unwind@0047e81c,crt,C runtime / compiler support (name from Ghidra function ID),medium,"same position between matched neighbours, identical shape (3 insns)",0x0047e81c,same,
0x0047d127,Unwind@0047e827,crt,C runtime / compiler support (name from Ghidra function ID),medium,"same position between matched neighbours, identical shape (3 insns)",0x0047e827,same,
0x0047d135,Unwind@0047e835,crt,C runtime / compiler support (name from Ghidra function ID),medium,"same position between matched neighbours, identical shape (3 insns)",0x0047e835,same,
0x0047d143,Unwind@0047e843,crt,C runtime / compiler support (name from Ghidra function ID),medium,"same position between matched neighbours, identical shape (3 insns)",0x0047e843,same,
0x0047d151,Unwind@0047e851,crt,C runtime / compiler support (name from Ghidra function ID),medium,"same position between matched neighbours, identical shape (3 insns)",0x0047e851,same,
0x0047d15f,Unwind@0047e85f,crt,C runtime / compiler support (name from Ghidra function ID),medium,"same position between matched neighbours, identical shape (3 insns)",0x0047e85f,same,
0x0047d190,Unwind@0047e890,crt,C runtime / compiler support (name from Ghidra function ID),medium,"same position between matched neighbours, identical shape (2 insns)",0x0047e890,same,
0x0047d1c0,Unwind@0047e8c0,crt,C runtime / compiler support (name from Ghidra function ID),medium,"same position between matched neighbours, identical shape (2 insns)",0x0047e8c0,same,
0x0047d220,Unwind@0047e920,crt,C runtime / compiler support (name from Ghidra function ID),medium,"same position between matched neighbours, identical shape (2 insns)",0x0047e920,same,
0x0047d250,Unwind@0047e950,crt,C runtime / compiler support (name from Ghidra function ID),medium,"same position between matched neighbours, identical shape (2 insns)",0x0047e950,same,
0x0047d280,Unwind@0047e980,crt,C runtime / compiler support (name from Ghidra function ID),medium,"same position between matched neighbours, identical shape (2 insns)",0x0047e980,same,
0x0047d2b0,Unwind@0047e9b0,crt,C runtime / compiler support (name from Ghidra function ID),medium,"same position between matched neighbours, identical shape (3 insns)",0x0047e9b0,same,
0x0047d2bb,Unwind@0047e9bb,crt,C runtime / compiler support (name from Ghidra function ID),medium,"same position between matched neighbours, identical shape (3 insns)",0x0047e9bb,same,
0x0047d2c6,Unwind@0047e9c6,crt,C runtime / compiler support (name from Ghidra function ID),medium,"same position between matched neighbours, identical shape (3 insns)",0x0047e9c6,same,
0x0047d2d1,Unwind@0047e9d1,crt,C runtime / compiler support (name from Ghidra function ID),medium,"same position between matched neighbours, identical shape (3 insns)",0x0047e9d1,same,
0x0047d2dc,Unwind@0047e9dc,crt,C runtime / compiler support (name from Ghidra function ID),medium,"same position between matched neighbours, identical shape (3 insns)",0x0047e9dc,same,
0x0047d2e7,Unwind@0047e9e7,crt,C runtime / compiler support (name from Ghidra function ID),medium,"same position between matched neighbours, identical shape (3 insns)",0x0047e9e7,same,
0x0047d2f5,Unwind@0047e9f5,crt,C runtime / compiler support (name from Ghidra function ID),medium,"same position between matched neighbours, identical shape (3 insns)",0x0047e9f5,same,
0x0047d303,Unwind@0047ea03,crt,C runtime / compiler support (name from Ghidra function ID),medium,"same position between matched neighbours, identical shape (3 insns)",0x0047ea03,same,
0x0047d311,Unwind@0047ea11,crt,C runtime / compiler support (name from Ghidra function ID),medium,"same position between matched neighbours, identical shape (3 insns)",0x0047ea11,same,
0x0047d31f,Unwind@0047ea1f,crt,C runtime / compiler support (name from Ghidra function ID),medium,"same position between matched neighbours, identical shape (3 insns)",0x0047ea1f,same,
0x0047d32d,Unwind@0047ea2d,crt,C runtime / compiler support (name from Ghidra function ID),medium,"identical shape, caller of thunk_std_list_free (score 1.00)",0x0047ea2d,same,
0x0047d360,Unwind@0047ea60,crt,C runtime / compiler support (name from Ghidra function ID),medium,"same position between matched neighbours, identical shape (2 insns)",0x0047ea60,same,
0x0047d390,Unwind@0047ea90,crt,C runtime / compiler support (name from Ghidra function ID),medium,"same position between matched neighbours, identical shape (2 insns)",0x0047ea90,same,
0x0047d3e0,Unwind@0047eae0,crt,C runtime / compiler support (name from Ghidra function ID),medium,"same position between matched neighbours, identical shape (2 insns)",0x0047eae0,same,
0x0047d410,Unwind@0047eb10,crt,C runtime / compiler support (name from Ghidra function ID),medium,"same position between matched neighbours, identical shape (2 insns)",0x0047eb10,same,
0x0047d440,Unwind@00444420,crt,v1.70 export name (library),medium,"same position between matched neighbours, identical shape (2 insns)",0x0047eb40,same,0x00444420
0x0047d470,Unwind@0047eb70,crt,C runtime / compiler support (name from Ghidra function ID),medium,"same position between matched neighbours, identical shape (1 insns)",0x0047eb70,same,
0x0047d490,Unwind@0047eb90,crt,C runtime / compiler support (name from Ghidra function ID),medium,"same position between matched neighbours, identical shape (1 insns)",0x0047eb90,same,
0x0047d4b0,Unwind@0047ebb0,crt,C runtime / compiler support (name from Ghidra function ID),medium,"identical shape, caller of FUN_00404b40 (score 1.00)",0x0047ebb0,same,
0x0047d4e0,Unwind@0047ebe0,crt,C runtime / compiler support (name from Ghidra function ID),medium,"identical shape, caller of FUN_00404b40 (score 1.00)",0x0047ebe0,same,
0x0047d510,Unwind@0047ec10,crt,C runtime / compiler support (name from Ghidra function ID),medium,"same position between matched neighbours, identical shape (2 insns)",0x0047ec10,same,
0x0047d51b,Unwind@0047ec1b,crt,C runtime / compiler support (name from Ghidra function ID),medium,"same position between matched neighbours, identical shape (2 insns)",0x0047ec1b,same,
0x0047d620,FUN_0047ed20,crt,C runtime (unnamed),high,"identical normalised instruction shape (18 insns, unique in both)",0x0047ed20,same,
0x0047d670,thunk_FUN_00410450,crt,C runtime / compiler support (name from Ghidra function ID),medium,"identical shape, caller of Intro_Shutdown (score 1.00)",0x0047ed70,same,
0x0047d680,thunk_FUN_0041dcb0,crt,C runtime / compiler support (name from Ghidra function ID),medium,"identical shape, caller of Settings_Free (score 1.00)",0x0047ed80,same,
0x0047d690,FUN_0047ed90,crt,C runtime (unnamed),medium,"identical shape, caller of UI_FreeSkinImages (score 1.00)",0x0047ed90,same,
0x0047d6c0,FUN_0047d6c0,crt,C runtime (unnamed),low,address range of the runtime and library code,,new,
0x0047d700,FUN_0047d700,crt,C runtime (unnamed),low,address range of the runtime and library code,,new,
0x0047d740,FUN_0047d740,crt,C runtime (unnamed),low,address range of the runtime and library code,,new,
0x0047d780,FUN_0047d780,crt,C runtime (unnamed),low,address range of the runtime and library code,,new,
